术语ID	英文	原中文	调整后中文	操作类型	适用组件或语境	既有译法及来源	调整原因	影响消息或簇ID	决策状态	处理轮次	版本	证据索引	有效去重译文对数	来源重复口径
T0001	2PL	两阶段锁协议	两阶段锁协议	保留	PostgreSQL 对应技术概念的说明文字；机器标识、命令、参数与字面值按原文保留。	未找到现行非 fuzzy 译文先例；见完整证据索引	全量检索没有现行非 fuzzy 可用译文先例；没有匹配译文。原概念释义可理解，缺乏足够 NLS 证据时保守保留，不作全局替换。	target-links.jsonl#T0001; 0 messages / 0 clusters	保留；NLS 证据不足	第一轮：全量检索、概念及语境评估	nls-v1	term-evidence.jsonl#T0001	0	同英文/context/plural/form/中文合并，保留全部版本/组件位置；不算独立人类佐证
T0002	Abort	中止	中止	保留并限定语境	事务或操作中止；不要与 rollback 回滚、取消 cancel 或连接中断随意互换。	abort the current transaction → 中止目前的事务 [TE-0de0238e9a7c26856eb1] | abort reason: recovery conflict → 中断原因：与恢复操作相冲突 [TE-299fd933d438412dbeb6] | cannot abort during a parallel operation → 在并行操作期间无法中止 [TE-5c36e068cb75578b97b1]	存在可追溯现行译文对；已检查概念/句法/标识符区别，具体限定见适用语境。两列源释义保留，实际消息优先准确同簇既有表达。	target-links.jsonl#T0002; 4 messages / 2 clusters	本批按语境采用；不是人工批准	第一轮：全量检索、概念及语境评估	nls-v1	term-evidence.jsonl#T0002	6	同英文/context/plural/form/中文合并，保留全部版本/组件位置；不算独立人类佐证
T0003	abstraction	抽象	抽象	保留	PostgreSQL 对应技术概念的说明文字；机器标识、命令、参数与字面值按原文保留。	未找到现行非 fuzzy 译文先例；见完整证据索引	全量检索没有现行非 fuzzy 可用译文先例；没有匹配译文。原概念释义可理解，缺乏足够 NLS 证据时保守保留，不作全局替换。	target-links.jsonl#T0003; 0 messages / 0 clusters	保留；NLS 证据不足	第一轮：全量检索、概念及语境评估	nls-v1	term-evidence.jsonl#T0003	0	同英文/context/plural/form/中文合并，保留全部版本/组件位置；不算独立人类佐证
T0004	Access Method Properties	访问方法属性	访问方法属性	保留	PostgreSQL 对应技术概念的说明文字；机器标识、命令、参数与字面值按原文保留。	未找到现行非 fuzzy 译文先例；见完整证据索引	全量检索没有现行非 fuzzy 可用译文先例；没有匹配译文。原概念释义可理解，缺乏足够 NLS 证据时保守保留，不作全局替换。	target-links.jsonl#T0004; 0 messages / 0 clusters	保留；NLS 证据不足	第一轮：全量检索、概念及语境评估	nls-v1	term-evidence.jsonl#T0004	0	同英文/context/plural/form/中文合并，保留全部版本/组件位置；不算独立人类佐证
T0005	access path	访问路径	访问路径	保留	PostgreSQL 对应技术概念的说明文字；机器标识、命令、参数与字面值按原文保留。	未找到现行非 fuzzy 译文先例；见完整证据索引	全量检索没有现行非 fuzzy 可用译文先例；没有匹配译文。原概念释义可理解，缺乏足够 NLS 证据时保守保留，不作全局替换。	target-links.jsonl#T0005; 0 messages / 0 clusters	保留；NLS 证据不足	第一轮：全量检索、概念及语境评估	nls-v1	term-evidence.jsonl#T0005	0	同英文/context/plural/form/中文合并，保留全部版本/组件位置；不算独立人类佐证
T0006	access predicate	访问谓词	访问谓词	保留	PostgreSQL 对应技术概念的说明文字；机器标识、命令、参数与字面值按原文保留。	未找到现行非 fuzzy 译文先例；见完整证据索引	全量检索没有现行非 fuzzy 可用译文先例；没有匹配译文。原概念释义可理解，缺乏足够 NLS 证据时保守保留，不作全局替换。	target-links.jsonl#T0006; 0 messages / 0 clusters	保留；NLS 证据不足	第一轮：全量检索、概念及语境评估	nls-v1	term-evidence.jsonl#T0006	0	同英文/context/plural/form/中文合并，保留全部版本/组件位置；不算独立人类佐证
T0007	action	动作	动作	保留并限定语境	动作是抽象动作；帮助文本、用户操作 action 可沿用操作；触发器引用动作须说明具体动作。	action → 操作 [TE-c0f0155fddb79cb4208d] | \nOptional actions:\n → \n可选动作：\n [TE-3c8f1ee89180fbfe73cf] | where action is one of: → 操作可以是下列选项之一 [TE-aea4d703593bfb8fd038]	存在可追溯现行译文对；已检查概念/句法/标识符区别，具体限定见适用语境。两列源释义保留，实际消息优先准确同簇既有表达。	target-links.jsonl#T0007; 27 messages / 11 clusters	本批按语境采用；不是人工批准	第一轮：全量检索、概念及语境评估	nls-v1	term-evidence.jsonl#T0007	18	同英文/context/plural/form/中文合并，保留全部版本/组件位置；不算独立人类佐证
T0008	active/passive	主动/被动	主动/被动	保留	PostgreSQL 对应技术概念的说明文字；机器标识、命令、参数与字面值按原文保留。	未找到现行非 fuzzy 译文先例；见完整证据索引	全量检索没有现行非 fuzzy 可用译文先例；没有匹配译文。原概念释义可理解，缺乏足够 NLS 证据时保守保留，不作全局替换。	target-links.jsonl#T0008; 0 messages / 0 clusters	保留；NLS 证据不足	第一轮：全量检索、概念及语境评估	nls-v1	term-evidence.jsonl#T0008	0	同英文/context/plural/form/中文合并，保留全部版本/组件位置；不算独立人类佐证
T0009	advisory lock	咨询锁	咨询锁	保留并限定语境	现行锁 ID 诊断使用建议锁，复数 advisory locks 的并行操作限制使用咨询锁；同一概念有措辞冲突，原词表咨询锁保留，不强改正确原译；相关新句按调用簇复用并交人工核对。	advisory lock [%u,%u,%u,%u] → 建议锁 [%u,%u,%u,%u] [TE-13ec1fe18b99ea6849e7] | cannot use advisory locks during a parallel operation → 在并行操作期间无法使用咨询锁 [TE-9eaaeba6a2ba364c4cb9]	完整复数检索补得咨询锁先例，不能只依据单数建议锁诊断建立唯一规范；保留两种现行来源及适用消息。	target-links.jsonl#T0009; 1 messages / 1 clusters	冲突待人工核对；当前不强制统一	第一轮：全量检索、概念及语境评估	nls-v1	term-evidence.jsonl#T0009	2	同英文/context/plural/form/中文合并，保留全部版本/组件位置；不算独立人类佐证
T0010	after-images	后映像	后映像	保留	PostgreSQL 对应技术概念的说明文字；机器标识、命令、参数与字面值按原文保留。	未找到现行非 fuzzy 译文先例；见完整证据索引	全量检索没有现行非 fuzzy 可用译文先例；没有匹配译文。原概念释义可理解，缺乏足够 NLS 证据时保守保留，不作全局替换。	target-links.jsonl#T0010; 0 messages / 0 clusters	保留；NLS 证据不足	第一轮：全量检索、概念及语境评估	nls-v1	term-evidence.jsonl#T0010	0	同英文/context/plural/form/中文合并，保留全部版本/组件位置；不算独立人类佐证
T0011	aggregate	聚合	聚合	保留并限定语境	聚合或聚合函数按对象选用；现行正确的聚集函数在原消息中保留，新候选优先聚合函数；aggregate state 是聚合状态。	List of aggregate functions → 聚集函数列表 [TE-ac2d005aa635891b8ef7] | aggregate %s does not exist → 聚合函数 %s(*) 不存在 [TE-30f692f5a13cbabfb371] | remove an aggregate function → 移除一个聚集函数 [TE-27b9db18d623bfe5b860]	存在可追溯现行译文对；已检查概念/句法/标识符区别，具体限定见适用语境。两列源释义保留，实际消息优先准确同簇既有表达。	target-links.jsonl#T0011; 114 messages / 12 clusters	本批按语境采用；不是人工批准	第一轮：全量检索、概念及语境评估	nls-v1	term-evidence.jsonl#T0011	106	同英文/context/plural/form/中文合并，保留全部版本/组件位置；不算独立人类佐证
T0012	aggregate function	聚合函数	聚合函数	保留并限定语境	一般使用聚合函数；不要未经整体审校把既有正确聚集函数批量改写。	"List of aggregate functions → 聚集函数列表 [TE-ac2d005aa635891b8ef7] | remove an aggregate function → 移除一个聚集函数 [TE-27b9db18d623bfe5b860] | ""%s"" is an aggregate function → ""%s"" 是一个聚合函数 [TE-78dd6404799c0f44762d]"	存在可追溯现行译文对；已检查概念/句法/标识符区别，具体限定见适用语境。两列源释义保留，实际消息优先准确同簇既有表达。	target-links.jsonl#T0012; 53 messages / 9 clusters	本批按语境采用；不是人工批准	第一轮：全量检索、概念及语境评估	nls-v1	term-evidence.jsonl#T0012	47	同英文/context/plural/form/中文合并，保留全部版本/组件位置；不算独立人类佐证
T0013	Analyzer	分析器	分析器	保留并限定语境	分析器限语义分析阶段；与词法/语法 Parser 解析器区分。	未找到现行非 fuzzy 译文先例；见完整证据索引	全量检索没有现行非 fuzzy 可用译文先例；没有匹配译文。原概念释义可理解，缺乏足够 NLS 证据时保守保留，不作全局替换。	target-links.jsonl#T0013; 0 messages / 0 clusters	保留；NLS 证据不足	第一轮：全量检索、概念及语境评估	nls-v1	term-evidence.jsonl#T0013	0	同英文/context/plural/form/中文合并，保留全部版本/组件位置；不算独立人类佐证
T0014	Anti-Join	反连接	反连接	保留	PostgreSQL 对应技术概念的说明文字；机器标识、命令、参数与字面值按原文保留。	未找到现行非 fuzzy 译文先例；见完整证据索引	全量检索没有现行非 fuzzy 可用译文先例；没有匹配译文。原概念释义可理解，缺乏足够 NLS 证据时保守保留，不作全局替换。	target-links.jsonl#T0014; 0 messages / 0 clusters	保留；NLS 证据不足	第一轮：全量检索、概念及语境评估	nls-v1	term-evidence.jsonl#T0014	0	同英文/context/plural/form/中文合并，保留全部版本/组件位置；不算独立人类佐证
T0015	arbiter indexes	仲裁索引	仲裁索引	保留	PostgreSQL 对应技术概念的说明文字；机器标识、命令、参数与字面值按原文保留。	未找到现行非 fuzzy 译文先例；见完整证据索引	全量检索没有现行非 fuzzy 可用译文先例；没有匹配译文。原概念释义可理解，缺乏足够 NLS 证据时保守保留，不作全局替换。	target-links.jsonl#T0015; 0 messages / 0 clusters	保留；NLS 证据不足	第一轮：全量检索、概念及语境评估	nls-v1	term-evidence.jsonl#T0015	0	同英文/context/plural/form/中文合并，保留全部版本/组件位置；不算独立人类佐证
T0016	archive log	归档日志	归档日志	保留	PostgreSQL 对应技术概念的说明文字；机器标识、命令、参数与字面值按原文保留。	未找到现行非 fuzzy 译文先例；见完整证据索引	全量检索没有现行非 fuzzy 可用译文先例；没有匹配译文。原概念释义可理解，缺乏足够 NLS 证据时保守保留，不作全局替换。	target-links.jsonl#T0016; 0 messages / 0 clusters	保留；NLS 证据不足	第一轮：全量检索、概念及语境评估	nls-v1	term-evidence.jsonl#T0016	0	同英文/context/plural/form/中文合并，保留全部版本/组件位置；不算独立人类佐证
T0017	arithmetic mean	算术平均值	算术平均值	保留	PostgreSQL 对应技术概念的说明文字；机器标识、命令、参数与字面值按原文保留。	未找到现行非 fuzzy 译文先例；见完整证据索引	全量检索没有现行非 fuzzy 可用译文先例；没有匹配译文。原概念释义可理解，缺乏足够 NLS 证据时保守保留，不作全局替换。	target-links.jsonl#T0017; 0 messages / 0 clusters	保留；NLS 证据不足	第一轮：全量检索、概念及语境评估	nls-v1	term-evidence.jsonl#T0017	0	同英文/context/plural/form/中文合并，保留全部版本/组件位置；不算独立人类佐证
T0018	assignment cast	赋值类型转换	赋值类型转换	保留	PostgreSQL 对应技术概念的说明文字；机器标识、命令、参数与字面值按原文保留。	未找到现行非 fuzzy 译文先例；见完整证据索引	全量检索没有现行非 fuzzy 可用译文先例；没有匹配译文。原概念释义可理解，缺乏足够 NLS 证据时保守保留，不作全局替换。	target-links.jsonl#T0018; 0 messages / 0 clusters	保留；NLS 证据不足	第一轮：全量检索、概念及语境评估	nls-v1	term-evidence.jsonl#T0018	0	同英文/context/plural/form/中文合并，保留全部版本/组件位置；不算独立人类佐证
T0019	atomic broadcast	原子广播	原子广播	保留	PostgreSQL 对应技术概念的说明文字；机器标识、命令、参数与字面值按原文保留。	未找到现行非 fuzzy 译文先例；见完整证据索引	全量检索没有现行非 fuzzy 可用译文先例；没有匹配译文。原概念释义可理解，缺乏足够 NLS 证据时保守保留，不作全局替换。	target-links.jsonl#T0019; 0 messages / 0 clusters	保留；NLS 证据不足	第一轮：全量检索、概念及语境评估	nls-v1	term-evidence.jsonl#T0019	0	同英文/context/plural/form/中文合并，保留全部版本/组件位置；不算独立人类佐证
T0020	atomic commit	原子提交	原子提交	保留	PostgreSQL 对应技术概念的说明文字；机器标识、命令、参数与字面值按原文保留。	未找到现行非 fuzzy 译文先例；见完整证据索引	全量检索没有现行非 fuzzy 可用译文先例；没有匹配译文。原概念释义可理解，缺乏足够 NLS 证据时保守保留，不作全局替换。	target-links.jsonl#T0020; 0 messages / 0 clusters	保留；NLS 证据不足	第一轮：全量检索、概念及语境评估	nls-v1	term-evidence.jsonl#T0020	0	同英文/context/plural/form/中文合并，保留全部版本/组件位置；不算独立人类佐证
T0021	atomic increment	原子递增	原子递增	保留	PostgreSQL 对应技术概念的说明文字；机器标识、命令、参数与字面值按原文保留。	未找到现行非 fuzzy 译文先例；见完整证据索引	全量检索没有现行非 fuzzy 可用译文先例；没有匹配译文。原概念释义可理解，缺乏足够 NLS 证据时保守保留，不作全局替换。	target-links.jsonl#T0021; 0 messages / 0 clusters	保留；NLS 证据不足	第一轮：全量检索、概念及语境评估	nls-v1	term-evidence.jsonl#T0021	0	同英文/context/plural/form/中文合并，保留全部版本/组件位置；不算独立人类佐证
T0022	Atomicity	原子性	原子性	保留	PostgreSQL 对应技术概念的说明文字；机器标识、命令、参数与字面值按原文保留。	未找到现行非 fuzzy 译文先例；见完整证据索引	全量检索没有现行非 fuzzy 可用译文先例；没有匹配译文。原概念释义可理解，缺乏足够 NLS 证据时保守保留，不作全局替换。	target-links.jsonl#T0022; 0 messages / 0 clusters	保留；NLS 证据不足	第一轮：全量检索、概念及语境评估	nls-v1	term-evidence.jsonl#T0022	0	同英文/context/plural/form/中文合并，保留全部版本/组件位置；不算独立人类佐证
T0023	authenticated user	已认证用户	已认证用户	保留并限定语境	已认证用户/通过认证的用户；provided user 与 authenticated user 的主客体不得互换。	provided user name (%s) and authenticated user name (%s) do not match → 所提供的用户名(%s)和被认证的用户名(%s) 不匹配 [TE-6f83c3e6ea491ed073bc]	存在可追溯现行译文对；已检查概念/句法/标识符区别，具体限定见适用语境。两列源释义保留，实际消息优先准确同簇既有表达。	target-links.jsonl#T0023; 1 messages / 1 clusters	本批按语境采用；不是人工批准	第一轮：全量检索、概念及语境评估	nls-v1	term-evidence.jsonl#T0023	1	同英文/context/plural/form/中文合并，保留全部版本/组件位置；不算独立人类佐证
T0024	automatically updatable	自动可更新	自动可更新	保留并限定语境	视图可自动更新/不能自动更新；按句法处理形容词，不将表头式译法强塞进否定句。	Views containing WITH are not automatically updatable. → 包含 WITH 的视图不能自动更新. [TE-d4bdd5186305a337774d] | Views containing HAVING are not automatically updatable. → 包含 HAVING 的视图列不能自动更新. [TE-e58ecf3da9634c1410b0] | Views containing DISTINCT are not automatically updatable. → 包含DISTINCT的视图列不能自动更新. [TE-02660b9fdc6fb93d41f0]	存在可追溯现行译文对；已检查概念/句法/标识符区别，具体限定见适用语境。两列源释义保留，实际消息优先准确同簇既有表达。	target-links.jsonl#T0024; 14 messages / 2 clusters	本批按语境采用；不是人工批准	第一轮：全量检索、概念及语境评估	nls-v1	term-evidence.jsonl#T0024	13	同英文/context/plural/form/中文合并，保留全部版本/组件位置；不算独立人类佐证
T0025	autovacuum	自动清理	自动清理	保留并限定语境	普通说明可用自动清理；进程标识、日志固定标签、GUC 名及 autovacuum_* 保留原文。	Autovacuum → Autovacuum [TE-3f5fe0df5af4edbdbb2e] | canceling autovacuum task → 正在取消自动清理任务 [TE-5ccbe1bcb3c4335c6ecf] | autovacuum launcher process → autovacuum启动进程 [TE-5d525935afb729023f8d]	存在可追溯现行译文对；已检查概念/句法/标识符区别，具体限定见适用语境。两列源释义保留，实际消息优先准确同簇既有表达。	target-links.jsonl#T0025; 32 messages / 5 clusters	本批按语境采用；不是人工批准	第一轮：全量检索、概念及语境评估	nls-v1	term-evidence.jsonl#T0025	22	同英文/context/plural/form/中文合并，保留全部版本/组件位置；不算独立人类佐证
T0026	autovacuum daemon	自动清理守护进程	自动清理守护进程	保留	PostgreSQL 对应技术概念的说明文字；机器标识、命令、参数与字面值按原文保留。	未找到现行非 fuzzy 译文先例；见完整证据索引	全量检索没有现行非 fuzzy 可用译文先例；没有匹配译文。原概念释义可理解，缺乏足够 NLS 证据时保守保留，不作全局替换。	target-links.jsonl#T0026; 0 messages / 0 clusters	保留；NLS 证据不足	第一轮：全量检索、概念及语境评估	nls-v1	term-evidence.jsonl#T0026	0	同英文/context/plural/form/中文合并，保留全部版本/组件位置；不算独立人类佐证
T0027	B-tree	B-树	B-树	保留并限定语境	说明文字可用 B-树；pg_amcheck 既有 B树 作为显示变体保留；代码 btree 和名称不能改写。	\nB-tree index checking options:\n → \nB树索引检查选项:\n [TE-78589758f17c60251876] | Logs system resource usage statistics (memory and CPU) on various B-tree operations. → 基于可变的B-树操作的日志系统资源使用统计 (内存和CPU) . [TE-3d1778d77e32c27d2555]	存在可追溯现行译文对；已检查概念/句法/标识符区别，具体限定见适用语境。两列源释义保留，实际消息优先准确同簇既有表达。	target-links.jsonl#T0027; 2 messages / 2 clusters	本批按语境采用；不是人工批准	第一轮：全量检索、概念及语境评估	nls-v1	term-evidence.jsonl#T0027	2	同英文/context/plural/form/中文合并，保留全部版本/组件位置；不算独立人类佐证
T0028	back reference	反向引用	反向引用	保留	PostgreSQL 对应技术概念的说明文字；机器标识、命令、参数与字面值按原文保留。	未找到现行非 fuzzy 译文先例；见完整证据索引	全量检索没有现行非 fuzzy 可用译文先例；没有匹配译文。原概念释义可理解，缺乏足够 NLS 证据时保守保留，不作全局替换。	target-links.jsonl#T0028; 0 messages / 0 clusters	保留；NLS 证据不足	第一轮：全量检索、概念及语境评估	nls-v1	term-evidence.jsonl#T0028	0	同英文/context/plural/form/中文合并，保留全部版本/组件位置；不算独立人类佐证
T0029	Backend Process	后端进程	后端进程	保留	PostgreSQL 对应技术概念的说明文字；机器标识、命令、参数与字面值按原文保留。	未找到现行非 fuzzy 译文先例；见完整证据索引	全量检索没有现行非 fuzzy 可用译文先例；仅有 fuzzy/废弃线索，不能据此定为稳定译法。原概念释义可理解，缺乏足够 NLS 证据时保守保留，不作全局替换。	target-links.jsonl#T0029; 1 messages / 1 clusters	保留；NLS 证据不足	第一轮：全量检索、概念及语境评估	nls-v1	term-evidence.jsonl#T0029	0	同英文/context/plural/form/中文合并，保留全部版本/组件位置；不算独立人类佐证
T0030	background process	后台进程	后台进程	保留	PostgreSQL 对应技术概念的说明文字；机器标识、命令、参数与字面值按原文保留。	could not create background process: %m → 无法创建后台进程: %m [TE-4fe12a4c355eebaf7bad] | could not create pipe for background process: %m → 无法为后台进程: %m创建管道 [TE-0023a9949823e732afec] | waiting for background process to finish streaming ... → 等待后台进程结束流操作... [TE-f21024d30ab607baff25]	现行译文检索中可见源中文，原概念释义可用，未发现必须全局替换的依据；检索中文子串不等于词对齐或消息语义批准。	target-links.jsonl#T0030; 5 messages / 2 clusters	保留；有检索先例	第一轮：全量检索、概念及语境评估	nls-v1	term-evidence.jsonl#T0030	3	同英文/context/plural/form/中文合并，保留全部版本/组件位置；不算独立人类佐证
T0031	background worker	后台工作进程	后台工作进程	保留	PostgreSQL 对应技术概念的说明文字；机器标识、命令、参数与字面值按原文保留。	"background worker ""%s"" → 后台工作进程 ""%s"" [TE-99cdd87b832939542593] | too many background workers → 太多后台工作进程 [TE-7957c8537476c2c5ec5a] | out of background worker slots → 超出后台工作线程槽 [TE-063783546b6c95d2c7e5]"	现行译文检索中可见源中文，原概念释义可用，未发现必须全局替换的依据；检索中文子串不等于词对齐或消息语义批准。	target-links.jsonl#T0031; 22 messages / 5 clusters	保留；有检索先例	第一轮：全量检索、概念及语境评估	nls-v1	term-evidence.jsonl#T0031	16	同英文/context/plural/form/中文合并，保留全部版本/组件位置；不算独立人类佐证
T0032	Background Worker Process	后台工作进程	后台工作进程	保留	PostgreSQL 对应技术概念的说明文字；机器标识、命令、参数与字面值按原文保留。	"starting background worker process ""%s"" → 启动后台工作进程""%s"" [TE-364444baaf813b2bb965]"	现行译文检索中可见源中文，原概念释义可用，未发现必须全局替换的依据；检索中文子串不等于词对齐或消息语义批准。	target-links.jsonl#T0032; 2 messages / 1 clusters	保留；有检索先例	第一轮：全量检索、概念及语境评估	nls-v1	term-evidence.jsonl#T0032	1	同英文/context/plural/form/中文合并，保留全部版本/组件位置；不算独立人类佐证
T0033	background writer	后台写入器	后台写入进程	修改并限定语境	postgres 后台进程及 GUC 说明	background writer process → 后台写入进程 [TE-823bb355daa9c4907bc0] | Resource Usage / Background Writer → 资源使用 / 后台写入进程 [TE-7b4b80218bdefe0e114e] | Background writer sleep time between rounds. → 后台写入进程 (Background writer) 两次运行之间的休眠时间. [TE-d795b3bbdc4cd259b6c1]	后台写入进程是具体服务器进程；现行进程名和相关 GUC 消息保持同一表达，较文档写入器更符合 NLS 既有语境。	target-links.jsonl#T0033; 5 messages / 4 clusters	本批采用；不是人工批准	第一轮：全量检索、概念及语境评估	nls-v1	term-evidence.jsonl#T0033	5	同英文/context/plural/form/中文合并，保留全部版本/组件位置；不算独立人类佐证
T0034	backpressure	背压	背压	保留	PostgreSQL 对应技术概念的说明文字；机器标识、命令、参数与字面值按原文保留。	未找到现行非 fuzzy 译文先例；见完整证据索引	全量检索没有现行非 fuzzy 可用译文先例；没有匹配译文。原概念释义可理解，缺乏足够 NLS 证据时保守保留，不作全局替换。	target-links.jsonl#T0034; 0 messages / 0 clusters	保留；NLS 证据不足	第一轮：全量检索、概念及语境评估	nls-v1	term-evidence.jsonl#T0034	0	同英文/context/plural/form/中文合并，保留全部版本/组件位置；不算独立人类佐证
T0035	backup	备份	备份	保留	PostgreSQL 对应技术概念的说明文字；机器标识、命令、参数与字面值按原文保留。	"base backup completed → 基础备份已完成 [TE-bc30566c7e142b6d2be0] | a backup is not in progress → 没有备份在运行中 [TE-47d318bc230f4b6f1c4e] | backup time %s in file ""%s"" → 文件 ""%2$s""中的备份时间%1$s [TE-4a8daf15ece8052b1f67]"	现行译文检索中可见源中文，原概念释义可用，未发现必须全局替换的依据；检索中文子串不等于词对齐或消息语义批准。	target-links.jsonl#T0035; 95 messages / 21 clusters	保留；有检索先例	第一轮：全量检索、概念及语境评估	nls-v1	term-evidence.jsonl#T0035	59	同英文/context/plural/form/中文合并，保留全部版本/组件位置；不算独立人类佐证
T0036	backup block	备份块	备份块	保留	PostgreSQL 对应技术概念的说明文字；机器标识、命令、参数与字面值按原文保留。	  -b, --bkp-details      output detailed information about backup blocks\n →   -b, --bkp-details      输出有关备份块的详细信息\n [TE-034479f66b1634087c26]	现行译文检索中可见源中文，原概念释义可用，未发现必须全局替换的依据；检索中文子串不等于词对齐或消息语义批准。	target-links.jsonl#T0036; 4 messages / 4 clusters	保留；有检索先例	第一轮：全量检索、概念及语境评估	nls-v1	term-evidence.jsonl#T0036	1	同英文/context/plural/form/中文合并，保留全部版本/组件位置；不算独立人类佐证
T0037	base backup	基础备份	基础备份	保留	PostgreSQL 对应技术概念的说明文字；机器标识、命令、参数与字面值按原文保留。	base backup completed → 基础备份已完成 [TE-bc30566c7e142b6d2be0] | could not initiate base backup: %s → 无法发起基础备份: %s [TE-605f67a37eb64a2f2834] | base backup could not send data, aborting backup → 基础备份无法发送数据，终止备份 [TE-53eaf0864eadb3b08d20]	现行译文检索中可见源中文，原概念释义可用，未发现必须全局替换的依据；检索中文子串不等于词对齐或消息语义批准。	target-links.jsonl#T0037; 9 messages / 4 clusters	保留；有检索先例	第一轮：全量检索、概念及语境评估	nls-v1	term-evidence.jsonl#T0037	10	同英文/context/plural/form/中文合并，保留全部版本/组件位置；不算独立人类佐证
T0038	base directory	基础目录	基础目录	保留	PostgreSQL 对应技术概念的说明文字；机器标识、命令、参数与字面值按原文保留。	未找到现行非 fuzzy 译文先例；见完整证据索引	全量检索没有现行非 fuzzy 可用译文先例；没有匹配译文。原概念释义可理解，缺乏足够 NLS 证据时保守保留，不作全局替换。	target-links.jsonl#T0038; 0 messages / 0 clusters	保留；NLS 证据不足	第一轮：全量检索、概念及语境评估	nls-v1	term-evidence.jsonl#T0038	0	同英文/context/plural/form/中文合并，保留全部版本/组件位置；不算独立人类佐证
T0039	base type	基础类型	基础类型	保留并限定语境	基本/基础/基类型按同簇准确既有译法；域的底层类型须保留 base 相对 domain 的含义。	"must be superuser to create a base type → 只有超级用户能创建基类型 [TE-1a2477ef6a8e5b22e8f3] | ""%s"" is not a valid base type for a domain → 对于一个域, ""%s"" 不是一个有效的基本类型 [TE-19def9268aa46d6ffa1a]"	存在可追溯现行译文对；已检查概念/句法/标识符区别，具体限定见适用语境。两列源释义保留，实际消息优先准确同簇既有表达。	target-links.jsonl#T0039; 3 messages / 1 clusters	本批按语境采用；不是人工批准	第一轮：全量检索、概念及语境评估	nls-v1	term-evidence.jsonl#T0039	2	同英文/context/plural/form/中文合并，保留全部版本/组件位置；不算独立人类佐证
T0040	Basic Statistics	基础统计信息	基础统计信息	保留	PostgreSQL 对应技术概念的说明文字；机器标识、命令、参数与字面值按原文保留。	未找到现行非 fuzzy 译文先例；见完整证据索引	全量检索没有现行非 fuzzy 可用译文先例；没有匹配译文。原概念释义可理解，缺乏足够 NLS 证据时保守保留，不作全局替换。	target-links.jsonl#T0040; 0 messages / 0 clusters	保留；NLS 证据不足	第一轮：全量检索、概念及语境评估	nls-v1	term-evidence.jsonl#T0040	0	同英文/context/plural/form/中文合并，保留全部版本/组件位置；不算独立人类佐证
T0041	batch	批次	批次	保留并限定语境	批次数量用批次；batch execution 是批量执行，不能机械译为批次执行。	  ON_ERROR_STOP\n    stop batch execution after error\n →   ON_ERROR_STOP\n    发生错误后停止批量执行\n [TE-dfa9d701551e642dd20c]	存在可追溯现行译文对；已检查概念/句法/标识符区别，具体限定见适用语境。两列源释义保留，实际消息优先准确同簇既有表达。	target-links.jsonl#T0041; 1 messages / 1 clusters	本批按语境采用；不是人工批准	第一轮：全量检索、概念及语境评估	nls-v1	term-evidence.jsonl#T0041	1	同英文/context/plural/form/中文合并，保留全部版本/组件位置；不算独立人类佐证
T0042	before-images	前映像	前映像	保留	PostgreSQL 对应技术概念的说明文字；机器标识、命令、参数与字面值按原文保留。	未找到现行非 fuzzy 译文先例；见完整证据索引	全量检索没有现行非 fuzzy 可用译文先例；没有匹配译文。原概念释义可理解，缺乏足够 NLS 证据时保守保留，不作全局替换。	target-links.jsonl#T0042; 0 messages / 0 clusters	保留；NLS 证据不足	第一轮：全量检索、概念及语境评估	nls-v1	term-evidence.jsonl#T0042	0	同英文/context/plural/form/中文合并，保留全部版本/组件位置；不算独立人类佐证
T0043	binary coercible	二进制可强制转换	二进制可强制转换	保留	PostgreSQL 对应技术概念的说明文字；机器标识、命令、参数与字面值按原文保留。	未找到现行非 fuzzy 译文先例；见完整证据索引	全量检索没有现行非 fuzzy 可用译文先例；没有匹配译文。原概念释义可理解，缺乏足够 NLS 证据时保守保留，不作全局替换。	target-links.jsonl#T0043; 0 messages / 0 clusters	保留；NLS 证据不足	第一轮：全量检索、概念及语境评估	nls-v1	term-evidence.jsonl#T0043	0	同英文/context/plural/form/中文合并，保留全部版本/组件位置；不算独立人类佐证
T0044	binlog coordinates	二进制日志坐标	二进制日志坐标	保留	PostgreSQL 对应技术概念的说明文字；机器标识、命令、参数与字面值按原文保留。	未找到现行非 fuzzy 译文先例；见完整证据索引	全量检索没有现行非 fuzzy 可用译文先例；没有匹配译文。原概念释义可理解，缺乏足够 NLS 证据时保守保留，不作全局替换。	target-links.jsonl#T0044; 0 messages / 0 clusters	保留；NLS 证据不足	第一轮：全量检索、概念及语境评估	nls-v1	term-evidence.jsonl#T0044	0	同英文/context/plural/form/中文合并，保留全部版本/组件位置；不算独立人类佐证
T0045	bit	位	位	保留并限定语境	数据单位或位图位为位；SQL bit 类型和字符串 B 前缀保留。	64-bit integers → 64位整数 [TE-2643b45fa927e3e57a1a] | new bit must be 0 or 1 → 新的位必须为 0 或 1 [TE-d4d7e52fd73fc7a6bb22] | invalid bit string literal → 无效的bit字符串常量 [TE-ee9a32525bd770357eb4]	存在可追溯现行译文对；已检查概念/句法/标识符区别，具体限定见适用语境。两列源释义保留，实际消息优先准确同簇既有表达。	target-links.jsonl#T0045; 26 messages / 13 clusters	本批按语境采用；不是人工批准	第一轮：全量检索、概念及语境评估	nls-v1	term-evidence.jsonl#T0045	26	同英文/context/plural/form/中文合并，保留全部版本/组件位置；不算独立人类佐证
T0046	Bitmap Scans	位图扫描	位图扫描	保留	PostgreSQL 对应技术概念的说明文字；机器标识、命令、参数与字面值按原文保留。	未找到现行非 fuzzy 译文先例；见完整证据索引	全量检索没有现行非 fuzzy 可用译文先例；没有匹配译文。原概念释义可理解，缺乏足够 NLS 证据时保守保留，不作全局替换。	target-links.jsonl#T0046; 0 messages / 0 clusters	保留；NLS 证据不足	第一轮：全量检索、概念及语境评估	nls-v1	term-evidence.jsonl#T0046	0	同英文/context/plural/form/中文合并，保留全部版本/组件位置；不算独立人类佐证
T0047	Bitmap-Scan	位图扫描	位图扫描	保留	PostgreSQL 对应技术概念的说明文字；机器标识、命令、参数与字面值按原文保留。	Enables the planner's use of bitmap-scan plans. → 启用查询计划器的位图扫描计划. [TE-e1256471e70a071a7724]	现行译文检索中可见源中文，原概念释义可用，未发现必须全局替换的依据；检索中文子串不等于词对齐或消息语义批准。	target-links.jsonl#T0047; 1 messages / 1 clusters	保留；有检索先例	第一轮：全量检索、概念及语境评估	nls-v1	term-evidence.jsonl#T0047	1	同英文/context/plural/form/中文合并，保留全部版本/组件位置；不算独立人类佐证
T0048	block number	块号	块号	保留	PostgreSQL 对应技术概念的说明文字；机器标识、命令、参数与字面值按原文保留。	block number out of range: %s → 块号超出范围: %s [TE-f9f894955304524b6eee] | invalid overflow block number %u → 无效的溢出块编号%u [TE-56a0d2ea128540755510] |       --endblock=BLOCK            check table(s) only up to the given block number\n →       --endblock=BLOCK            检查表仅限于给定的块编号\n [TE-d07c4880e686f579239d]	现行译文检索中可见源中文，原概念释义可用，未发现必须全局替换的依据；检索中文子串不等于词对齐或消息语义批准。	target-links.jsonl#T0048; 6 messages / 5 clusters	保留；有检索先例	第一轮：全量检索、概念及语境评估	nls-v1	term-evidence.jsonl#T0048	4	同英文/context/plural/form/中文合并，保留全部版本/组件位置；不算独立人类佐证
T0049	blocks	块	块	保留并限定语境	存储数据块为块；transaction block 是事务块，不能按存储块解释。	  block size\n →   块大小\n [TE-b0470da8c0b32ca7a9e0] | statement block → 语句块 [TE-abe859e32f9a429e8021] |   WAL block size\n →   WAL块大小\n [TE-cb3eae24b83ce470b986]	存在可追溯现行译文对；已检查概念/句法/标识符区别，具体限定见适用语境。两列源释义保留，实际消息优先准确同簇既有表达。	target-links.jsonl#T0049; 151 messages / 36 clusters	本批按语境采用；不是人工批准	第一轮：全量检索、概念及语境评估	nls-v1	term-evidence.jsonl#T0049	95	同英文/context/plural/form/中文合并，保留全部版本/组件位置；不算独立人类佐证
T0050	Bloom Classes	Bloom 操作符类	Bloom 操作符类	保留	PostgreSQL 对应技术概念的说明文字；机器标识、命令、参数与字面值按原文保留。	未找到现行非 fuzzy 译文先例；见完整证据索引	全量检索没有现行非 fuzzy 可用译文先例；没有匹配译文。原概念释义可理解，缺乏足够 NLS 证据时保守保留，不作全局替换。	target-links.jsonl#T0050; 0 messages / 0 clusters	保留；NLS 证据不足	第一轮：全量检索、概念及语境评估	nls-v1	term-evidence.jsonl#T0050	0	同英文/context/plural/form/中文合并，保留全部版本/组件位置；不算独立人类佐证
T0051	Bootstrap	引导	引导	保留并限定语境	引导/初始化语境；initdb 既有启动脚本可保留，不自动把所有 startup 归为 bootstrap。	running bootstrap script ...  → 正在运行启动脚本 ...  [TE-a7878ddd5427ddbdc651] | performing post-bootstrap initialization ...  → 正在执行启动脚本后续初始化 ...  [TE-8fdce22ab481eec83e27] | could not close bootstrap write-ahead log file: %m → 无法关闭 bootstrap 预写日志文件: %m [TE-8c06b04c51420051a49f]	存在可追溯现行译文对；已检查概念/句法/标识符区别，具体限定见适用语境。两列源释义保留，实际消息优先准确同簇既有表达。	target-links.jsonl#T0051; 7 messages / 4 clusters	本批按语境采用；不是人工批准	第一轮：全量检索、概念及语境评估	nls-v1	term-evidence.jsonl#T0051	6	同英文/context/plural/form/中文合并，保留全部版本/组件位置；不算独立人类佐证
T0052	bracket expression	方括号表达式	方括号表达式	保留	PostgreSQL 对应技术概念的说明文字；机器标识、命令、参数与字面值按原文保留。	未找到现行非 fuzzy 译文先例；见完整证据索引	全量检索没有现行非 fuzzy 可用译文先例；没有匹配译文。原概念释义可理解，缺乏足够 NLS 证据时保守保留，不作全局替换。	target-links.jsonl#T0052; 0 messages / 0 clusters	保留；NLS 证据不足	第一轮：全量检索、概念及语境评估	nls-v1	term-evidence.jsonl#T0052	0	同英文/context/plural/form/中文合并，保留全部版本/组件位置；不算独立人类佐证
T0053	branching factor	分支因子	分支因子	保留	PostgreSQL 对应技术概念的说明文字；机器标识、命令、参数与字面值按原文保留。	未找到现行非 fuzzy 译文先例；见完整证据索引	全量检索没有现行非 fuzzy 可用译文先例；没有匹配译文。原概念释义可理解，缺乏足够 NLS 证据时保守保留，不作全局替换。	target-links.jsonl#T0053; 0 messages / 0 clusters	保留；NLS 证据不足	第一轮：全量检索、概念及语境评估	nls-v1	term-evidence.jsonl#T0053	0	同英文/context/plural/form/中文合并，保留全部版本/组件位置；不算独立人类佐证
T0054	buckets	桶	桶	保留	PostgreSQL 对应技术概念的说明文字；机器标识、命令、参数与字面值按原文保留。	未找到现行非 fuzzy 译文先例；见完整证据索引	全量检索没有现行非 fuzzy 可用译文先例；没有匹配译文。原概念释义可理解，缺乏足够 NLS 证据时保守保留，不作全局替换。	target-links.jsonl#T0054; 0 messages / 0 clusters	保留；NLS 证据不足	第一轮：全量检索、概念及语境评估	nls-v1	term-evidence.jsonl#T0054	0	同英文/context/plural/form/中文合并，保留全部版本/组件位置；不算独立人类佐证
T0055	Buffer Cache	缓冲区缓存	缓冲区缓存	保留	PostgreSQL 对应技术概念的说明文字；机器标识、命令、参数与字面值按原文保留。	Vacuum cost for a page found in the buffer cache. → 在缓冲区缓存中找到对于一个页进行清理的开销. [TE-554ac0da358cf92d7f8b] | Vacuum cost for a page not found in the buffer cache. → 在缓冲区缓存中没有找到对于一个页进行清理的开销. [TE-a75b209cb0d810c75c9f]	现行译文检索中可见源中文，原概念释义可用，未发现必须全局替换的依据；检索中文子串不等于词对齐或消息语义批准。	target-links.jsonl#T0055; 2 messages / 1 clusters	保留；有检索先例	第一轮：全量检索、概念及语境评估	nls-v1	term-evidence.jsonl#T0055	2	同英文/context/plural/form/中文合并，保留全部版本/组件位置；不算独立人类佐证
T0056	buffer descriptors	缓冲区描述符	缓冲区描述符	保留	PostgreSQL 对应技术概念的说明文字；机器标识、命令、参数与字面值按原文保留。	未找到现行非 fuzzy 译文先例；见完整证据索引	全量检索没有现行非 fuzzy 可用译文先例；没有匹配译文。原概念释义可理解，缺乏足够 NLS 证据时保守保留，不作全局替换。	target-links.jsonl#T0056; 0 messages / 0 clusters	保留；NLS 证据不足	第一轮：全量检索、概念及语境评估	nls-v1	term-evidence.jsonl#T0056	0	同英文/context/plural/form/中文合并，保留全部版本/组件位置；不算独立人类佐证
T0057	buffer descriptors layer	缓冲区描述符层	缓冲区描述符层	保留	PostgreSQL 对应技术概念的说明文字；机器标识、命令、参数与字面值按原文保留。	未找到现行非 fuzzy 译文先例；见完整证据索引	全量检索没有现行非 fuzzy 可用译文先例；没有匹配译文。原概念释义可理解，缺乏足够 NLS 证据时保守保留，不作全局替换。	target-links.jsonl#T0057; 0 messages / 0 clusters	保留；NLS 证据不足	第一轮：全量检索、概念及语境评估	nls-v1	term-evidence.jsonl#T0057	0	同英文/context/plural/form/中文合并，保留全部版本/组件位置；不算独立人类佐证
T0058	Buffer Manager	缓冲区管理器	缓冲区管理器	保留	PostgreSQL 对应技术概念的说明文字；机器标识、命令、参数与字面值按原文保留。	未找到现行非 fuzzy 译文先例；见完整证据索引	全量检索没有现行非 fuzzy 可用译文先例；没有匹配译文。原概念释义可理解，缺乏足够 NLS 证据时保守保留，不作全局替换。	target-links.jsonl#T0058; 0 messages / 0 clusters	保留；NLS 证据不足	第一轮：全量检索、概念及语境评估	nls-v1	term-evidence.jsonl#T0058	0	同英文/context/plural/form/中文合并，保留全部版本/组件位置；不算独立人类佐证
T0059	buffer pool	缓冲池	缓冲池	保留	PostgreSQL 对应技术概念的说明文字；机器标识、命令、参数与字面值按原文保留。	未找到现行非 fuzzy 译文先例；见完整证据索引	全量检索没有现行非 fuzzy 可用译文先例；仅有 fuzzy/废弃线索，不能据此定为稳定译法。原概念释义可理解，缺乏足够 NLS 证据时保守保留，不作全局替换。	target-links.jsonl#T0059; 8 messages / 1 clusters	保留；NLS 证据不足	第一轮：全量检索、概念及语境评估	nls-v1	term-evidence.jsonl#T0059	0	同英文/context/plural/form/中文合并，保留全部版本/组件位置；不算独立人类佐证
T0060	buffer table	缓冲区映射表	缓冲区映射表	保留	PostgreSQL 对应技术概念的说明文字；机器标识、命令、参数与字面值按原文保留。	未找到现行非 fuzzy 译文先例；见完整证据索引	全量检索没有现行非 fuzzy 可用译文先例；没有匹配译文。原概念释义可理解，缺乏足够 NLS 证据时保守保留，不作全局替换。	target-links.jsonl#T0060; 0 messages / 0 clusters	保留；NLS 证据不足	第一轮：全量检索、概念及语境评估	nls-v1	term-evidence.jsonl#T0060	0	同英文/context/plural/form/中文合并，保留全部版本/组件位置；不算独立人类佐证
T0061	buffer tag	缓冲区标签	缓冲区标签	保留	PostgreSQL 对应技术概念的说明文字；机器标识、命令、参数与字面值按原文保留。	未找到现行非 fuzzy 译文先例；见完整证据索引	全量检索没有现行非 fuzzy 可用译文先例；没有匹配译文。原概念释义可理解，缺乏足够 NLS 证据时保守保留，不作全局替换。	target-links.jsonl#T0061; 0 messages / 0 clusters	保留；NLS 证据不足	第一轮：全量检索、概念及语境评估	nls-v1	term-evidence.jsonl#T0061	0	同英文/context/plural/form/中文合并，保留全部版本/组件位置；不算独立人类佐证
T0062	buffer_tag	缓冲区标签	缓冲区标签	保留并限定语境	作为 C 标识符保留 buffer_tag；只有解释概念时使用缓冲区标签。	未找到现行非 fuzzy 译文先例；见完整证据索引	全量检索没有现行非 fuzzy 可用译文先例；没有匹配译文。原概念释义可理解，缺乏足够 NLS 证据时保守保留，不作全局替换。	target-links.jsonl#T0062; 0 messages / 0 clusters	保留；NLS 证据不足	第一轮：全量检索、概念及语境评估	nls-v1	term-evidence.jsonl#T0062	0	同英文/context/plural/form/中文合并，保留全部版本/组件位置；不算独立人类佐证
T0063	built-in	内置	内置	保留	PostgreSQL 对应技术概念的说明文字；机器标识、命令、参数与字面值按原文保留。	"last built-in OID is %u → 最后的内置 OID 是 %u [TE-d2d8877cac567e810b94] | there is no built-in function named ""%s"" → 没有名为 ""%s"" 的内建函数 [TE-c5421c694cda16eb5c9f]"	现行译文检索中可见源中文，原概念释义可用，未发现必须全局替换的依据；检索中文子串不等于词对齐或消息语义批准。	target-links.jsonl#T0063; 8 messages / 5 clusters	保留；有检索先例	第一轮：全量检索、概念及语境评估	nls-v1	term-evidence.jsonl#T0063	2	同英文/context/plural/form/中文合并，保留全部版本/组件位置；不算独立人类佐证
T0064	Bulk Eviction	批量逐出	批量逐出	保留	PostgreSQL 对应技术概念的说明文字；机器标识、命令、参数与字面值按原文保留。	未找到现行非 fuzzy 译文先例；见完整证据索引	全量检索没有现行非 fuzzy 可用译文先例；没有匹配译文。原概念释义可理解，缺乏足够 NLS 证据时保守保留，不作全局替换。	target-links.jsonl#T0064; 0 messages / 0 clusters	保留；NLS 证据不足	第一轮：全量检索、概念及语境评估	nls-v1	term-evidence.jsonl#T0064	0	同英文/context/plural/form/中文合并，保留全部版本/组件位置；不算独立人类佐证
T0065	Cache Hits	缓存命中	缓存命中	保留	PostgreSQL 对应技术概念的说明文字；机器标识、命令、参数与字面值按原文保留。	未找到现行非 fuzzy 译文先例；见完整证据索引	全量检索没有现行非 fuzzy 可用译文先例；没有匹配译文。原概念释义可理解，缺乏足够 NLS 证据时保守保留，不作全局替换。	target-links.jsonl#T0065; 0 messages / 0 clusters	保留；NLS 证据不足	第一轮：全量检索、概念及语境评估	nls-v1	term-evidence.jsonl#T0065	0	同英文/context/plural/form/中文合并，保留全部版本/组件位置；不算独立人类佐证
T0066	Cache Misses	缓存未命中	缓存未命中	保留	PostgreSQL 对应技术概念的说明文字；机器标识、命令、参数与字面值按原文保留。	未找到现行非 fuzzy 译文先例；见完整证据索引	全量检索没有现行非 fuzzy 可用译文先例；没有匹配译文。原概念释义可理解，缺乏足够 NLS 证据时保守保留，不作全局替换。	target-links.jsonl#T0066; 0 messages / 0 clusters	保留；NLS 证据不足	第一轮：全量检索、概念及语境评估	nls-v1	term-evidence.jsonl#T0066	0	同英文/context/plural/form/中文合并，保留全部版本/组件位置；不算独立人类佐证
T0067	Cache Warming	缓存预热	缓存预热	保留	PostgreSQL 对应技术概念的说明文字；机器标识、命令、参数与字面值按原文保留。	未找到现行非 fuzzy 译文先例；见完整证据索引	全量检索没有现行非 fuzzy 可用译文先例；没有匹配译文。原概念释义可理解，缺乏足够 NLS 证据时保守保留，不作全局替换。	target-links.jsonl#T0067; 0 messages / 0 clusters	保留；NLS 证据不足	第一轮：全量检索、概念及语境评估	nls-v1	term-evidence.jsonl#T0067	0	同英文/context/plural/form/中文合并，保留全部版本/组件位置；不算独立人类佐证
T0068	Caching Rows (Memoization)	行缓存（记忆化）	行缓存（记忆化）	保留	PostgreSQL 对应技术概念的说明文字；机器标识、命令、参数与字面值按原文保留。	未找到现行非 fuzzy 译文先例；见完整证据索引	全量检索没有现行非 fuzzy 可用译文先例；没有匹配译文。原概念释义可理解，缺乏足够 NLS 证据时保守保留，不作全局替换。	target-links.jsonl#T0068; 0 messages / 0 clusters	保留；NLS 证据不足	第一轮：全量检索、概念及语境评估	nls-v1	term-evidence.jsonl#T0068	0	同英文/context/plural/form/中文合并，保留全部版本/组件位置；不算独立人类佐证
T0069	call handler	调用处理器	调用处理器	保留并限定语境	过程语言处理函数；psql 显示名既有调用函数可按同簇保留；解释时调用处理器。	Call handler → 调用函数 [TE-63155139c77f4c9fd112]	存在可追溯现行译文对；已检查概念/句法/标识符区别，具体限定见适用语境。两列源释义保留，实际消息优先准确同簇既有表达。	target-links.jsonl#T0069; 1 messages / 1 clusters	本批按语境采用；不是人工批准	第一轮：全量检索、概念及语境评估	nls-v1	term-evidence.jsonl#T0069	1	同英文/context/plural/form/中文合并，保留全部版本/组件位置；不算独立人类佐证
T0070	candidate buffer descriptor	候选缓冲区描述符	候选缓冲区描述符	保留	PostgreSQL 对应技术概念的说明文字；机器标识、命令、参数与字面值按原文保留。	未找到现行非 fuzzy 译文先例；见完整证据索引	全量检索没有现行非 fuzzy 可用译文先例；没有匹配译文。原概念释义可理解，缺乏足够 NLS 证据时保守保留，不作全局替换。	target-links.jsonl#T0070; 0 messages / 0 clusters	保留；NLS 证据不足	第一轮：全量检索、概念及语境评估	nls-v1	term-evidence.jsonl#T0070	0	同英文/context/plural/form/中文合并，保留全部版本/组件位置；不算独立人类佐证
T0071	CAP theorem	CAP 定理	CAP 定理	保留	PostgreSQL 对应技术概念的说明文字；机器标识、命令、参数与字面值按原文保留。	未找到现行非 fuzzy 译文先例；见完整证据索引	全量检索没有现行非 fuzzy 可用译文先例；没有匹配译文。原概念释义可理解，缺乏足够 NLS 证据时保守保留，不作全局替换。	target-links.jsonl#T0071; 0 messages / 0 clusters	保留；NLS 证据不足	第一轮：全量检索、概念及语境评估	nls-v1	term-evidence.jsonl#T0071	0	同英文/context/plural/form/中文合并，保留全部版本/组件位置；不算独立人类佐证
T0072	Cartesian Product	笛卡尔积	笛卡尔积	保留	PostgreSQL 对应技术概念的说明文字；机器标识、命令、参数与字面值按原文保留。	未找到现行非 fuzzy 译文先例；见完整证据索引	全量检索没有现行非 fuzzy 可用译文先例；没有匹配译文。原概念释义可理解，缺乏足够 NLS 证据时保守保留，不作全局替换。	target-links.jsonl#T0072; 0 messages / 0 clusters	保留；NLS 证据不足	第一轮：全量检索、概念及语境评估	nls-v1	term-evidence.jsonl#T0072	0	同英文/context/plural/form/中文合并，保留全部版本/组件位置；不算独立人类佐证
T0073	cast	类型转换	类型转换	保留并限定语境	数据库类型转换；CAST SQL 关键字和函数/代码类型转换表达式保留，不使用投射等普通词义。	List of casts → 类型转换列表 [TE-5b522337c78840eeb151] | remove a cast → 移除一个类型转换 [TE-5553087a4a6860a22179] | define a new cast → 建立新的类型转换 [TE-7d88b4b36a067a984bd3]	存在可追溯现行译文对；已检查概念/句法/标识符区别，具体限定见适用语境。两列源释义保留，实际消息优先准确同簇既有表达。	target-links.jsonl#T0073; 49 messages / 10 clusters	本批按语境采用；不是人工批准	第一轮：全量检索、概念及语境评估	nls-v1	term-evidence.jsonl#T0073	48	同英文/context/plural/form/中文合并，保留全部版本/组件位置；不算独立人类佐证
T0074	catch-up	追赶	追赶	保留	PostgreSQL 对应技术概念的说明文字；机器标识、命令、参数与字面值按原文保留。	未找到现行非 fuzzy 译文先例；见完整证据索引	全量检索没有现行非 fuzzy 可用译文先例；仅有 fuzzy/废弃线索，不能据此定为稳定译法。原概念释义可理解，缺乏足够 NLS 证据时保守保留，不作全局替换。	target-links.jsonl#T0074; 2 messages / 2 clusters	保留；NLS 证据不足	第一轮：全量检索、概念及语境评估	nls-v1	term-evidence.jsonl#T0074	0	同英文/context/plural/form/中文合并，保留全部版本/组件位置；不算独立人类佐证
T0075	causality	因果关系	因果关系	保留	PostgreSQL 对应技术概念的说明文字；机器标识、命令、参数与字面值按原文保留。	未找到现行非 fuzzy 译文先例；见完整证据索引	全量检索没有现行非 fuzzy 可用译文先例；没有匹配译文。原概念释义可理解，缺乏足够 NLS 证据时保守保留，不作全局替换。	target-links.jsonl#T0075; 0 messages / 0 clusters	保留；NLS 证据不足	第一轮：全量检索、概念及语境评估	nls-v1	term-evidence.jsonl#T0075	0	同英文/context/plural/form/中文合并，保留全部版本/组件位置；不算独立人类佐证
T0076	CC	并发控制	并发控制	保留并限定语境	并发控制仅限 concurrency control 缩写；pg_config 的 CC 是编译器构建变量，必须保留 CC，当前命中并非并发控制证据。	  --cc                  show CC value used when PostgreSQL was built\n →   --cc                  显示在编译 PostgreSQL 时所使用的 CC 值\n [TE-d390a58ead489e12a56c]	存在可追溯现行译文对；已检查概念/句法/标识符区别，具体限定见适用语境。两列源释义保留，实际消息优先准确同簇既有表达。	target-links.jsonl#T0076; 1 messages / 1 clusters	本批按语境采用；不是人工批准	第一轮：全量检索、概念及语境评估	nls-v1	term-evidence.jsonl#T0076	1	同英文/context/plural/form/中文合并，保留全部版本/组件位置；不算独立人类佐证
T0077	change data capture	变更数据捕获	变更数据捕获	保留	PostgreSQL 对应技术概念的说明文字；机器标识、命令、参数与字面值按原文保留。	未找到现行非 fuzzy 译文先例；见完整证据索引	全量检索没有现行非 fuzzy 可用译文先例；没有匹配译文。原概念释义可理解，缺乏足够 NLS 证据时保守保留，不作全局替换。	target-links.jsonl#T0077; 0 messages / 0 clusters	保留；NLS 证据不足	第一轮：全量检索、概念及语境评估	nls-v1	term-evidence.jsonl#T0077	0	同英文/context/plural/form/中文合并，保留全部版本/组件位置；不算独立人类佐证
T0078	Character-entry escapes	字符输入转义	字符输入转义	保留并限定语境	正则表达式字符输入转义；与反向引用、字符类简写转义区分。没有当前匹配不能视为已审定 NLS 译法。	未找到现行非 fuzzy 译文先例；见完整证据索引	全量检索没有现行非 fuzzy 可用译文先例；没有匹配译文。原概念释义可理解，缺乏足够 NLS 证据时保守保留，不作全局替换。	target-links.jsonl#T0078; 0 messages / 0 clusters	保留；NLS 证据不足	第一轮：全量检索、概念及语境评估	nls-v1	term-evidence.jsonl#T0078	0	同英文/context/plural/form/中文合并，保留全部版本/组件位置；不算独立人类佐证
T0079	checkpoint	检查点	检查点	保留并限定语境	检查点；代码、参数和 checkpoint 进程固定标识保留，旧日志里的英文 checkpoint 不自动批量改写。	checkpoint completed → 已完成检查点 [TE-84724400ffb13850e473] | Logs each checkpoint. → 记录每一个检查点事件 [TE-6007ec73c845c346b36e] |   checkpoint next XID\n →   下一个XID检查点\n [TE-8d60ffead5c355b5380c]	存在可追溯现行译文对；已检查概念/句法/标识符区别，具体限定见适用语境。两列源释义保留，实际消息优先准确同簇既有表达。	target-links.jsonl#T0079; 82 messages / 12 clusters	本批按语境采用；不是人工批准	第一轮：全量检索、概念及语境评估	nls-v1	term-evidence.jsonl#T0079	68	同英文/context/plural/form/中文合并，保留全部版本/组件位置；不算独立人类佐证
T0080	checkpoint record	检查点记录	检查点记录	保留并限定语境	检查点记录；区分 WAL 记录内容与检查点操作本身。	invalid checkpoint record → 无效的 checkpoint 记录 [TE-fde408c9be8d6757fea2] | checkpoint record is at %X/%X → checkpoint 记录位置在 %X/%X [TE-a3d7184f3494ec2b99b8] | invalid primary checkpoint record → 无效的主 checkpoint 记录 [TE-562f8486b74f9b8241ca]	存在可追溯现行译文对；已检查概念/句法/标识符区别，具体限定见适用语境。两列源释义保留，实际消息优先准确同簇既有表达。	target-links.jsonl#T0080; 13 messages / 1 clusters	本批按语境采用；不是人工批准	第一轮：全量检索、概念及语境评估	nls-v1	term-evidence.jsonl#T0080	17	同英文/context/plural/form/中文合并，保留全部版本/组件位置；不算独立人类佐证
T0081	checkpointer	检查点进程	检查点进程	保留	PostgreSQL 对应技术概念的说明文字；机器标识、命令、参数与字面值按原文保留。	checkpointer process → 检查点(checkpointer)进程 [TE-a7514d5bb69b60436624] | could not fork checkpointer process: %m → 无法派生检查点进程: %m [TE-67d1affcd7567f785aff]	现行译文检索中可见源中文，原概念释义可用，未发现必须全局替换的依据；检索中文子串不等于词对齐或消息语义批准。	target-links.jsonl#T0081; 3 messages / 3 clusters	保留；有检索先例	第一轮：全量检索、概念及语境评估	nls-v1	term-evidence.jsonl#T0081	2	同英文/context/plural/form/中文合并，保留全部版本/组件位置；不算独立人类佐证
T0082	cid	命令标识符	命令标识符	保留并限定语境	标识符 cid 原样保留；说明为命令标识符，不能误成事务 ID。	未找到现行非 fuzzy 译文先例；见完整证据索引	全量检索没有现行非 fuzzy 可用译文先例；没有匹配译文。原概念释义可理解，缺乏足够 NLS 证据时保守保留，不作全局替换。	target-links.jsonl#T0082; 0 messages / 0 clusters	保留；NLS 证据不足	第一轮：全量检索、概念及语境评估	nls-v1	term-evidence.jsonl#T0082	0	同英文/context/plural/form/中文合并，保留全部版本/组件位置；不算独立人类佐证
T0083	Class-shorthand escapes	字符类简写转义	字符类简写转义	保留	PostgreSQL 对应技术概念的说明文字；机器标识、命令、参数与字面值按原文保留。	未找到现行非 fuzzy 译文先例；见完整证据索引	全量检索没有现行非 fuzzy 可用译文先例；没有匹配译文。原概念释义可理解，缺乏足够 NLS 证据时保守保留，不作全局替换。	target-links.jsonl#T0083; 0 messages / 0 clusters	保留；NLS 证据不足	第一轮：全量检索、概念及语境评估	nls-v1	term-evidence.jsonl#T0083	0	同英文/context/plural/form/中文合并，保留全部版本/组件位置；不算独立人类佐证
T0084	cleanup stage	清理阶段	清理阶段	保留	PostgreSQL 对应技术概念的说明文字；机器标识、命令、参数与字面值按原文保留。	未找到现行非 fuzzy 译文先例；见完整证据索引	全量检索没有现行非 fuzzy 可用译文先例；没有匹配译文。原概念释义可理解，缺乏足够 NLS 证据时保守保留，不作全局替换。	target-links.jsonl#T0084; 0 messages / 0 clusters	保留；NLS 证据不足	第一轮：全量检索、概念及语境评估	nls-v1	term-evidence.jsonl#T0084	0	同英文/context/plural/form/中文合并，保留全部版本/组件位置；不算独立人类佐证
T0085	clock-sweep	时钟扫描	时钟扫描	保留	PostgreSQL 对应技术概念的说明文字；机器标识、命令、参数与字面值按原文保留。	未找到现行非 fuzzy 译文先例；见完整证据索引	全量检索没有现行非 fuzzy 可用译文先例；没有匹配译文。原概念释义可理解，缺乏足够 NLS 证据时保守保留，不作全局替换。	target-links.jsonl#T0085; 0 messages / 0 clusters	保留；NLS 证据不足	第一轮：全量检索、概念及语境评估	nls-v1	term-evidence.jsonl#T0085	0	同英文/context/plural/form/中文合并，保留全部版本/组件位置；不算独立人类佐证
T0086	CLOG	提交日志	提交日志	保留并限定语境	缩写保留 CLOG；概念解释提交日志；不把 pg_xact 目录无依据改成 CLOG。	未找到现行非 fuzzy 译文先例；见完整证据索引	全量检索没有现行非 fuzzy 可用译文先例；没有匹配译文。原概念释义可理解，缺乏足够 NLS 证据时保守保留，不作全局替换。	target-links.jsonl#T0086; 0 messages / 0 clusters	保留；NLS 证据不足	第一轮：全量检索、概念及语境评估	nls-v1	term-evidence.jsonl#T0086	0	同英文/context/plural/form/中文合并，保留全部版本/组件位置；不算独立人类佐证
T0087	cold standby	冷备	冷备	保留	PostgreSQL 对应技术概念的说明文字；机器标识、命令、参数与字面值按原文保留。	未找到现行非 fuzzy 译文先例；见完整证据索引	全量检索没有现行非 fuzzy 可用译文先例；没有匹配译文。原概念释义可理解，缺乏足够 NLS 证据时保守保留，不作全局替换。	target-links.jsonl#T0087; 0 messages / 0 clusters	保留；NLS 证据不足	第一轮：全量检索、概念及语境评估	nls-v1	term-evidence.jsonl#T0087	0	同英文/context/plural/form/中文合并，保留全部版本/组件位置；不算独立人类佐证
T0088	cold-standby	冷备	冷备	保留	PostgreSQL 对应技术概念的说明文字；机器标识、命令、参数与字面值按原文保留。	未找到现行非 fuzzy 译文先例；见完整证据索引	全量检索没有现行非 fuzzy 可用译文先例；没有匹配译文。原概念释义可理解，缺乏足够 NLS 证据时保守保留，不作全局替换。	target-links.jsonl#T0088; 0 messages / 0 clusters	保留；NLS 证据不足	第一轮：全量检索、概念及语境评估	nls-v1	term-evidence.jsonl#T0088	0	同英文/context/plural/form/中文合并，保留全部版本/组件位置；不算独立人类佐证
T0089	collation	排序规则	排序规则	保留并限定语境	排序规则是新候选的基线；psql 既有校对规则/定序等正确显示变体须按上下文登记，不能多数投票统一。	Collation → 校对规则 [TE-1443349f68f7952079fb] | collation → 校对规则 [TE-632c6aee50aa0f69db1c] | collation %s → 排序规则 %s [TE-30ba7ec6f0819635fceb]	存在可追溯现行译文对；已检查概念/句法/标识符区别，具体限定见适用语境。两列源释义保留，实际消息优先准确同簇既有表达。	target-links.jsonl#T0089; 84 messages / 16 clusters	本批按语境采用；不是人工批准	第一轮：全量检索、概念及语境评估	nls-v1	term-evidence.jsonl#T0089	66	同英文/context/plural/form/中文合并，保留全部版本/组件位置；不算独立人类佐证
T0090	Column-Level Properties	列级属性	列级属性	保留	PostgreSQL 对应技术概念的说明文字；机器标识、命令、参数与字面值按原文保留。	未找到现行非 fuzzy 译文先例；见完整证据索引	全量检索没有现行非 fuzzy 可用译文先例；没有匹配译文。原概念释义可理解，缺乏足够 NLS 证据时保守保留，不作全局替换。	target-links.jsonl#T0090; 0 messages / 0 clusters	保留；NLS 证据不足	第一轮：全量检索、概念及语境评估	nls-v1	term-evidence.jsonl#T0090	0	同英文/context/plural/form/中文合并，保留全部版本/组件位置；不算独立人类佐证
T0091	combine function	合并函数	组合函数	修改并限定语境	postgres 聚合状态组合函数	return type of combine function %s is not %s → 组合函数 %s 的返回类型不是 %s [TE-628ede48c6276e4958f5] | combine function with transition type %s must not be declared STRICT → 转换类型为%s的组合函数不能声明为STRICT [TE-4b5a7a25ef3ce7315d45]	现行两条聚合函数诊断均使用组合函数；它组合部分聚合状态，含义正确，保留消息簇既有表达。	target-links.jsonl#T0091; 2 messages / 1 clusters	本批采用；不是人工批准	第一轮：全量检索、概念及语境评估	nls-v1	term-evidence.jsonl#T0091	2	同英文/context/plural/form/中文合并，保留全部版本/组件位置；不算独立人类佐证
T0092	command id	命令标识符	命令标识符	保留	PostgreSQL 对应技术概念的说明文字；机器标识、命令、参数与字面值按原文保留。	未找到现行非 fuzzy 译文先例；见完整证据索引	全量检索没有现行非 fuzzy 可用译文先例；没有匹配译文。原概念释义可理解，缺乏足够 NLS 证据时保守保留，不作全局替换。	target-links.jsonl#T0092; 0 messages / 0 clusters	保留；NLS 证据不足	第一轮：全量检索、概念及语境评估	nls-v1	term-evidence.jsonl#T0092	0	同英文/context/plural/form/中文合并，保留全部版本/组件位置；不算独立人类佐证
T0093	Commit Log	提交日志	提交日志	保留	PostgreSQL 对应技术概念的说明文字；机器标识、命令、参数与字面值按原文保留。	未找到现行非 fuzzy 译文先例；见完整证据索引	全量检索没有现行非 fuzzy 可用译文先例；没有匹配译文。原概念释义可理解，缺乏足够 NLS 证据时保守保留，不作全局替换。	target-links.jsonl#T0093; 0 messages / 0 clusters	保留；NLS 证据不足	第一轮：全量检索、概念及语境评估	nls-v1	term-evidence.jsonl#T0093	0	同英文/context/plural/form/中文合并，保留全部版本/组件位置；不算独立人类佐证
T0094	compaction	压实	压实	保留	PostgreSQL 对应技术概念的说明文字；机器标识、命令、参数与字面值按原文保留。	未找到现行非 fuzzy 译文先例；见完整证据索引	全量检索没有现行非 fuzzy 可用译文先例；没有匹配译文。原概念释义可理解，缺乏足够 NLS 证据时保守保留，不作全局替换。	target-links.jsonl#T0094; 0 messages / 0 clusters	保留；NLS 证据不足	第一轮：全量检索、概念及语境评估	nls-v1	term-evidence.jsonl#T0094	0	同英文/context/plural/form/中文合并，保留全部版本/组件位置；不算独立人类佐证
T0095	complexity	复杂度	复杂度	保留	PostgreSQL 对应技术概念的说明文字；机器标识、命令、参数与字面值按原文保留。	未找到现行非 fuzzy 译文先例；见完整证据索引	全量检索没有现行非 fuzzy 可用译文先例；没有匹配译文。原概念释义可理解，缺乏足够 NLS 证据时保守保留，不作全局替换。	target-links.jsonl#T0095; 0 messages / 0 clusters	保留；NLS 证据不足	第一轮：全量检索、概念及语境评估	nls-v1	term-evidence.jsonl#T0095	0	同英文/context/plural/form/中文合并，保留全部版本/组件位置；不算独立人类佐证
T0096	composite type	复合类型	复合类型	保留并限定语境	复合类型；psql 原有效合成类型可保留，新候选不继承误成合成数据等语义漂移。	"composite type %s → 复合类型 %s [TE-29362bb87e6787f6ad27] | Composite type ""%s.%s"" → 合成类型 ""%s.%s"" [TE-13b202ea96c30e3b6498] | ""%s"" is a composite type → ""%s"" 为混和类型 [TE-4ebc6eb8afb5488e2ac2]"	存在可追溯现行译文对；已检查概念/句法/标识符区别，具体限定见适用语境。两列源释义保留，实际消息优先准确同簇既有表达。	target-links.jsonl#T0096; 20 messages / 11 clusters	本批按语境采用；不是人工批准	第一轮：全量检索、概念及语境评估	nls-v1	term-evidence.jsonl#T0096	17	同英文/context/plural/form/中文合并，保留全部版本/组件位置；不算独立人类佐证
T0097	Concurrent Vacuum	并发清理	并发清理	保留	PostgreSQL 对应技术概念的说明文字；机器标识、命令、参数与字面值按原文保留。	未找到现行非 fuzzy 译文先例；见完整证据索引	全量检索没有现行非 fuzzy 可用译文先例；没有匹配译文。原概念释义可理解，缺乏足够 NLS 证据时保守保留，不作全局替换。	target-links.jsonl#T0097; 0 messages / 0 clusters	保留；NLS 证据不足	第一轮：全量检索、概念及语境评估	nls-v1	term-evidence.jsonl#T0097	0	同英文/context/plural/form/中文合并，保留全部版本/组件位置；不算独立人类佐证
T0098	connection string	连接字符串	连接字符串	保留并限定语境	连接字符串；协议参数名和 connection URI 保留。	invalid connection string syntax: %s → 无效的连接字符串语法: %s [TE-0c86a2d4d66829b3b915] | could not parse connection string: %s → 无法分析连接字符串: %s [TE-a27095f97dfe889da0b8] |   -d, --dbname=CONNSTR   connection string\n →   -d, --dbname=CONNSTR   连接串\n [TE-cfd17a614018210e0a0c]	存在可追溯现行译文对；已检查概念/句法/标识符区别，具体限定见适用语境。两列源释义保留，实际消息优先准确同簇既有表达。	target-links.jsonl#T0098; 13 messages / 6 clusters	本批按语境采用；不是人工批准	第一轮：全量检索、概念及语境评估	nls-v1	term-evidence.jsonl#T0098	6	同英文/context/plural/form/中文合并，保留全部版本/组件位置；不算独立人类佐证
T0099	Consensus	共识	共识	保留	PostgreSQL 对应技术概念的说明文字；机器标识、命令、参数与字面值按原文保留。	未找到现行非 fuzzy 译文先例；见完整证据索引	全量检索没有现行非 fuzzy 可用译文先例；没有匹配译文。原概念释义可理解，缺乏足够 NLS 证据时保守保留，不作全局替换。	target-links.jsonl#T0099; 0 messages / 0 clusters	保留；NLS 证据不足	第一轮：全量检索、概念及语境评估	nls-v1	term-evidence.jsonl#T0099	0	同英文/context/plural/form/中文合并，保留全部版本/组件位置；不算独立人类佐证
T0100	consistency	一致性	一致性	保留	PostgreSQL 对应技术概念的说明文字；机器标识、命令、参数与字面值按原文保留。	recovery stopping after reaching consistency → 达到一致性前恢复停止 [TE-3f85b9b960f28ed3bbc4] | Performing Consistency Checks\n-----------------------------\n → 正在执行一致性检查\n-----------------------------\n [TE-4baca0680a99ae456bbc] | Sets the WAL resource managers for which WAL consistency checks are done. → 设置对其进行WAL一致性检查的WAL资源管理器 [TE-03018c5363fd4472e5b9]	现行译文检索中可见源中文，原概念释义可用，未发现必须全局替换的依据；检索中文子串不等于词对齐或消息语义批准。	target-links.jsonl#T0100; 5 messages / 3 clusters	保留；有检索先例	第一轮：全量检索、概念及语境评估	nls-v1	term-evidence.jsonl#T0100	4	同英文/context/plural/form/中文合并，保留全部版本/组件位置；不算独立人类佐证
T0101	Consistent Prefix Reads	一致前缀读	一致前缀读	保留	PostgreSQL 对应技术概念的说明文字；机器标识、命令、参数与字面值按原文保留。	未找到现行非 fuzzy 译文先例；见完整证据索引	全量检索没有现行非 fuzzy 可用译文先例；没有匹配译文。原概念释义可理解，缺乏足够 NLS 证据时保守保留，不作全局替换。	target-links.jsonl#T0101; 0 messages / 0 clusters	保留；NLS 证据不足	第一轮：全量检索、概念及语境评估	nls-v1	term-evidence.jsonl#T0101	0	同英文/context/plural/form/中文合并，保留全部版本/组件位置；不算独立人类佐证
T0102	constraint	约束	约束	保留	PostgreSQL 对应技术概念的说明文字；机器标识、命令、参数与字面值按原文保留。	constraint → 约束 [TE-71620b71b459dd8b817f] | constraint %s → 约束 %s [TE-e839a9ef2ac0ca523a5b] | table constraint → 表约束 [TE-360175b53de9a1c8c918]	现行译文检索中可见源中文，原概念释义可用，未发现必须全局替换的依据；检索中文子串不等于词对齐或消息语义批准。	target-links.jsonl#T0102; 184 messages / 18 clusters	保留；有检索先例	第一轮：全量检索、概念及语境评估	nls-v1	term-evidence.jsonl#T0102	140	同英文/context/plural/form/中文合并，保留全部版本/组件位置；不算独立人类佐证
T0103	constraint escape	约束转义	约束转义	保留	PostgreSQL 对应技术概念的说明文字；机器标识、命令、参数与字面值按原文保留。	未找到现行非 fuzzy 译文先例；见完整证据索引	全量检索没有现行非 fuzzy 可用译文先例；没有匹配译文。原概念释义可理解，缺乏足够 NLS 证据时保守保留，不作全局替换。	target-links.jsonl#T0103; 0 messages / 0 clusters	保留；NLS 证据不足	第一轮：全量检索、概念及语境评估	nls-v1	term-evidence.jsonl#T0103	0	同英文/context/plural/form/中文合并，保留全部版本/组件位置；不算独立人类佐证
T0104	Constraint exclusion	约束排除	约束排除	保留	PostgreSQL 对应技术概念的说明文字；机器标识、命令、参数与字面值按原文保留。	未找到现行非 fuzzy 译文先例；见完整证据索引	全量检索没有现行非 fuzzy 可用译文先例；没有匹配译文。原概念释义可理解，缺乏足够 NLS 证据时保守保留，不作全局替换。	target-links.jsonl#T0104; 0 messages / 0 clusters	保留；NLS 证据不足	第一轮：全量检索、概念及语境评估	nls-v1	term-evidence.jsonl#T0104	0	同英文/context/plural/form/中文合并，保留全部版本/组件位置；不算独立人类佐证
T0105	constraint trigger	约束触发器	约束触发器	保留	PostgreSQL 对应技术概念的说明文字；机器标识、命令、参数与字面值按原文保留。	Foreign tables cannot have constraint triggers. → 外部表不能使用约束触发器. [TE-5f6afdc00c8b38c89fc9]	现行译文检索中可见源中文，原概念释义可用，未发现必须全局替换的依据；检索中文子串不等于词对齐或消息语义批准。	target-links.jsonl#T0105; 4 messages / 2 clusters	保留；有检索先例	第一轮：全量检索、概念及语境评估	nls-v1	term-evidence.jsonl#T0105	1	同英文/context/plural/form/中文合并，保留全部版本/组件位置；不算独立人类佐证
T0106	content_lock	内容锁	内容锁	保留	PostgreSQL 对应技术概念的说明文字；机器标识、命令、参数与字面值按原文保留。	未找到现行非 fuzzy 译文先例；见完整证据索引	全量检索没有现行非 fuzzy 可用译文先例；没有匹配译文。原概念释义可理解，缺乏足够 NLS 证据时保守保留，不作全局替换。	target-links.jsonl#T0106; 0 messages / 0 clusters	保留；NLS 证据不足	第一轮：全量检索、概念及语境评估	nls-v1	term-evidence.jsonl#T0106	0	同英文/context/plural/form/中文合并，保留全部版本/组件位置；不算独立人类佐证
T0107	continuous archiving	持续归档	持续归档	保留	PostgreSQL 对应技术概念的说明文字；机器标识、命令、参数与字面值按原文保留。	未找到现行非 fuzzy 译文先例；见完整证据索引	全量检索没有现行非 fuzzy 可用译文先例；没有匹配译文。原概念释义可理解，缺乏足够 NLS 证据时保守保留，不作全局替换。	target-links.jsonl#T0107; 0 messages / 0 clusters	保留；NLS 证据不足	第一轮：全量检索、概念及语境评估	nls-v1	term-evidence.jsonl#T0107	0	同英文/context/plural/form/中文合并，保留全部版本/组件位置；不算独立人类佐证
T0108	correctness	正确性	正确性	保留	PostgreSQL 对应技术概念的说明文字；机器标识、命令、参数与字面值按原文保留。	未找到现行非 fuzzy 译文先例；见完整证据索引	全量检索没有现行非 fuzzy 可用译文先例；没有匹配译文。原概念释义可理解，缺乏足够 NLS 证据时保守保留，不作全局替换。	target-links.jsonl#T0108; 0 messages / 0 clusters	保留；NLS 证据不足	第一轮：全量检索、概念及语境评估	nls-v1	term-evidence.jsonl#T0108	0	同英文/context/plural/form/中文合并，保留全部版本/组件位置；不算独立人类佐证
T0109	Correlation	相关性	相关性	保留	PostgreSQL 对应技术概念的说明文字；机器标识、命令、参数与字面值按原文保留。	未找到现行非 fuzzy 译文先例；见完整证据索引	全量检索没有现行非 fuzzy 可用译文先例；没有匹配译文。原概念释义可理解，缺乏足够 NLS 证据时保守保留，不作全局替换。	target-links.jsonl#T0109; 0 messages / 0 clusters	保留；NLS 证据不足	第一轮：全量检索、概念及语境评估	nls-v1	term-evidence.jsonl#T0109	0	同英文/context/plural/form/中文合并，保留全部版本/组件位置；不算独立人类佐证
T0110	Cost	代价	代价	保留并限定语境	查询规划代价；VACUUM 资源开销沿用开销，SQL COST 关键字原样保留。	COST must be positive → COST必需为正数 [TE-73fded96a29ddacf7871] | Vacuum cost delay in milliseconds. → Vacuum开销延迟是以毫秒为单位 [TE-1de498302d1a80015d85] | Query Tuning / Planner Cost Constants → 查询调整 / Planner Cost Constants [TE-8f8de0a9973e1ab85d96]	存在可追溯现行译文对；已检查概念/句法/标识符区别，具体限定见适用语境。两列源释义保留，实际消息优先准确同簇既有表达。	target-links.jsonl#T0110; 21 messages / 5 clusters	本批按语境采用；不是人工批准	第一轮：全量检索、概念及语境评估	nls-v1	term-evidence.jsonl#T0110	18	同英文/context/plural/form/中文合并，保留全部版本/组件位置；不算独立人类佐证
T0111	Cost Estimation	代价估算	代价估算	保留	PostgreSQL 对应技术概念的说明文字；机器标识、命令、参数与字面值按原文保留。	未找到现行非 fuzzy 译文先例；见完整证据索引	全量检索没有现行非 fuzzy 可用译文先例；没有匹配译文。原概念释义可理解，缺乏足够 NLS 证据时保守保留，不作全局替换。	target-links.jsonl#T0111; 0 messages / 0 clusters	保留；NLS 证据不足	第一轮：全量检索、概念及语境评估	nls-v1	term-evidence.jsonl#T0111	0	同英文/context/plural/form/中文合并，保留全部版本/组件位置；不算独立人类佐证
T0112	cost-based	基于代价的	基于代价的	保留并限定语境	VACUUM 延迟说明沿用基于开销；查询规划说明可用基于代价，不跨语境机械替换。	Resource Usage / Cost-Based Vacuum Delay → 资源使用 / 基于开销的Vacuum延迟 [TE-86ef72fcaa7936e95b8f]	存在可追溯现行译文对；已检查概念/句法/标识符区别，具体限定见适用语境。两列源释义保留，实际消息优先准确同簇既有表达。	target-links.jsonl#T0112; 2 messages / 2 clusters	本批按语境采用；不是人工批准	第一轮：全量检索、概念及语境评估	nls-v1	term-evidence.jsonl#T0112	1	同英文/context/plural/form/中文合并，保留全部版本/组件位置；不算独立人类佐证
T0113	crash recovery	崩溃恢复	崩溃恢复	保留	PostgreSQL 对应技术概念的说明文字；机器标识、命令、参数与字面值按原文保留。	"in crash recovery → 在恢复中 [TE-6e02eac393a48a319895] | executing ""%s"" for target server to complete crash recovery → 对目标服务器执行""%s""以完成崩溃恢复 [TE-8b5bb3fba14611ba8f35] | crash recovery starts in timeline %u and has target timeline %u → 崩溃恢复开始于时间线%u, 目标时间线是%u [TE-b9928ffb684023c28987]"	现行译文检索中可见源中文，原概念释义可用，未发现必须全局替换的依据；检索中文子串不等于词对齐或消息语义批准。	target-links.jsonl#T0113; 5 messages / 5 clusters	保留；有检索先例	第一轮：全量检索、概念及语境评估	nls-v1	term-evidence.jsonl#T0113	4	同英文/context/plural/form/中文合并，保留全部版本/组件位置；不算独立人类佐证
T0114	current row	当前行	当前行	保留并限定语境	窗口/SQL 当前行；不得把 preceding 行误成正在处理的行，原消息的方向条件优先。	frame starting from current row cannot have preceding rows → 从当前记录启动的窗口框架(frame)不能拥有正在处理的记录 [TE-e0a50d4bf7420ff9d525] | frame starting from following row cannot end with current row → 从后面记录启动的窗口框架(frame)不能以当前记录结束 [TE-574a48f55148e7715011]	存在可追溯现行译文对；已检查概念/句法/标识符区别，具体限定见适用语境。两列源释义保留，实际消息优先准确同簇既有表达。	target-links.jsonl#T0114; 2 messages / 1 clusters	本批按语境采用；不是人工批准	第一轮：全量检索、概念及语境评估	nls-v1	term-evidence.jsonl#T0114	2	同英文/context/plural/form/中文合并，保留全部版本/组件位置；不算独立人类佐证
T0115	cursor	游标	游标	保留	PostgreSQL 对应技术概念的说明文字；机器标识、命令、参数与字面值按原文保留。	close a cursor → 关闭游标 [TE-bb0566a60ce7a2c976eb] | FOR over cursor → 在游标上运行的FOR语句 [TE-c2c19d1bb9ffc4281bf2] | define a cursor → 建立一个 cursor [TE-598157b09bbbce22b9ac]	现行译文检索中可见源中文，原概念释义可用，未发现必须全局替换的依据；检索中文子串不等于词对齐或消息语义批准。	target-links.jsonl#T0115; 56 messages / 13 clusters	保留；有检索先例	第一轮：全量检索、概念及语境评估	nls-v1	term-evidence.jsonl#T0115	53	同英文/context/plural/form/中文合并，保留全部版本/组件位置；不算独立人类佐证
T0116	data area	数据区域	数据区域	保留	PostgreSQL 对应技术概念的说明文字；机器标识、命令、参数与字面值按原文保留。	未找到现行非 fuzzy 译文先例；见完整证据索引	全量检索没有现行非 fuzzy 可用译文先例；没有匹配译文。原概念释义可理解，缺乏足够 NLS 证据时保守保留，不作全局替换。	target-links.jsonl#T0116; 0 messages / 0 clusters	保留；NLS 证据不足	第一轮：全量检索、概念及语境评估	nls-v1	term-evidence.jsonl#T0116	0	同英文/context/plural/form/中文合并，保留全部版本/组件位置；不算独立人类佐证
T0117	data change trigger	数据更改触发器	数据更改触发器	保留	PostgreSQL 对应技术概念的说明文字；机器标识、命令、参数与字面值按原文保留。	未找到现行非 fuzzy 译文先例；见完整证据索引	全量检索没有现行非 fuzzy 可用译文先例；没有匹配译文。原概念释义可理解，缺乏足够 NLS 证据时保守保留，不作全局替换。	target-links.jsonl#T0117; 0 messages / 0 clusters	保留；NLS 证据不足	第一轮：全量检索、概念及语境评估	nls-v1	term-evidence.jsonl#T0117	0	同英文/context/plural/form/中文合并，保留全部版本/组件位置；不算独立人类佐证
T0118	Data Corruption	数据损坏	数据损坏	保留	PostgreSQL 对应技术概念的说明文字；机器标识、命令、参数与字面值按原文保留。	未找到现行非 fuzzy 译文先例；见完整证据索引	全量检索没有现行非 fuzzy 可用译文先例；没有匹配译文。原概念释义可理解，缺乏足够 NLS 证据时保守保留，不作全局替换。	target-links.jsonl#T0118; 0 messages / 0 clusters	保留；NLS 证据不足	第一轮：全量检索、概念及语境评估	nls-v1	term-evidence.jsonl#T0118	0	同英文/context/plural/form/中文合并，保留全部版本/组件位置；不算独立人类佐证
T0119	data directory	数据目录	数据目录	保留	PostgreSQL 对应技术概念的说明文字；机器标识、命令、参数与字面值按原文保留。	syncing data directory → 同步数据目录 [TE-6ceda2b243854a60ed57] | Mode of the data directory. → 数据目录的模式. [TE-e785546879374f5b0335] | Sync data directory to disk → 将数据目录同步到磁盘 [TE-df7d290033367cd7d2e0]	现行译文检索中可见源中文，原概念释义可用，未发现必须全局替换的依据；检索中文子串不等于词对齐或消息语义批准。	target-links.jsonl#T0119; 91 messages / 30 clusters	保留；有检索先例	第一轮：全量检索、概念及语境评估	nls-v1	term-evidence.jsonl#T0119	58	同英文/context/plural/form/中文合并，保留全部版本/组件位置；不算独立人类佐证
T0120	database	数据库	数据库	保留	PostgreSQL 对应技术概念的说明文字；机器标识、命令、参数与字面值按原文保留。	Database → 数据库 [TE-ee7eca79c1be5ef9d22a] | database %s → 数据库 %s [TE-27afb7a4a78421ef4122] | Database: %s\n → 数据库: %s\n [TE-fc6f5bd2e1d6498ae0c5]	现行译文检索中可见源中文，原概念释义可用，未发现必须全局替换的依据；检索中文子串不等于词对齐或消息语义批准。	target-links.jsonl#T0120; 464 messages / 73 clusters	保留；有检索先例	第一轮：全量检索、概念及语境评估	nls-v1	term-evidence.jsonl#T0120	396	同英文/context/plural/form/中文合并，保留全部版本/组件位置；不算独立人类佐证
T0121	database cluster	数据库集簇	数据库集簇	保留并限定语境	一套数据目录中的数据库集簇，不是多节点数据库集群；既有集簇/簇表达优先，群集/集群标为歧义线索而非直接模板。	database cluster is not compatible → 数据库群集不兼容 [TE-1cc274358f98bd6324ee] | %d: database cluster state problem\n → %d: 数据库集群状态问题\n [TE-1405931a3d26d030baa5] | Database cluster state:               %s\n → 数据库簇状态:                         %s\n [TE-d5f2f5f93408637375b5]	存在可追溯现行译文对；已检查概念/句法/标识符区别，具体限定见适用语境。两列源释义保留，实际消息优先准确同簇既有表达。	target-links.jsonl#T0121; 20 messages / 10 clusters	本批按语境采用；不是人工批准	第一轮：全量检索、概念及语境评估	nls-v1	term-evidence.jsonl#T0121	30	同英文/context/plural/form/中文合并，保留全部版本/组件位置；不算独立人类佐证
T0122	database objects	数据库对象	数据库对象	保留	PostgreSQL 对应技术概念的说明文字；机器标识、命令、参数与字面值按原文保留。	remove database objects owned by a database role → 依照一个数据库角色拥有的数据库对象来移除 [TE-2251f75737d9a9da6334] | change the ownership of database objects owned by a database role → 依照一个数据库角色拥有的的数据库对象来更变所有权 [TE-356d59eab56d721b014c] | cannot acquire lock mode %s on database objects while recovery is in progress → 在恢复操作的过程中不能在数据库对象上获取锁模式%s [TE-1b481006f2b54624151e]	现行译文检索中可见源中文，原概念释义可用，未发现必须全局替换的依据；检索中文子串不等于词对齐或消息语义批准。	target-links.jsonl#T0122; 5 messages / 3 clusters	保留；有检索先例	第一轮：全量检索、概念及语境评估	nls-v1	term-evidence.jsonl#T0122	5	同英文/context/plural/form/中文合并，保留全部版本/组件位置；不算独立人类佐证
T0123	Databases	数据库	数据库	保留	PostgreSQL 对应技术概念的说明文字；机器标识、命令、参数与字面值按原文保留。	Database → 数据库 [TE-ee7eca79c1be5ef9d22a] | database %s → 数据库 %s [TE-27afb7a4a78421ef4122] | Database: %s\n → 数据库: %s\n [TE-fc6f5bd2e1d6498ae0c5]	现行译文检索中可见源中文，原概念释义可用，未发现必须全局替换的依据；检索中文子串不等于词对齐或消息语义批准。	target-links.jsonl#T0123; 464 messages / 73 clusters	保留；有检索先例	第一轮：全量检索、概念及语境评估	nls-v1	term-evidence.jsonl#T0123	396	同英文/context/plural/form/中文合并，保留全部版本/组件位置；不算独立人类佐证
T0124	dead tuple	死元组	死元组	保留	PostgreSQL 对应技术概念的说明文字；机器标识、命令、参数与字面值按原文保留。	      --no-index-cleanup          don't remove index entries that point to dead tuples\n →       --no-index-cleanup          不要删除指向死元组的索引项\n [TE-26ea4f8939ffa4b5eeca] |       --force-index-cleanup       always remove index entries that point to dead tuples\n →       --force-index-cleanup       始终删除指向死元组的索引项\n [TE-6b1104ba30b94f98bf8d]	现行译文检索中可见源中文，原概念释义可用，未发现必须全局替换的依据；检索中文子串不等于词对齐或消息语义批准。	target-links.jsonl#T0124; 3 messages / 2 clusters	保留；有检索先例	第一轮：全量检索、概念及语境评估	nls-v1	term-evidence.jsonl#T0124	2	同英文/context/plural/form/中文合并，保留全部版本/组件位置；不算独立人类佐证
T0125	deadlock	死锁	死锁	保留	PostgreSQL 对应技术概念的说明文字；机器标识、命令、参数与字面值按原文保留。	deadlock detected → 检测到死锁 [TE-4c7fd51ef60bf15d8a28] | User transaction caused buffer deadlock with recovery. → 用户事务造成了恢复操作期间缓冲区的死锁 [TE-718d55887aca6c0af7f4] | Sets the time to wait on a lock before checking for deadlock. → 在检查死锁前设置在一个锁上的等待时间. [TE-10fc5bf39abca9731f9f]	现行译文检索中可见源中文，原概念释义可用，未发现必须全局替换的依据；检索中文子串不等于词对齐或消息语义批准。	target-links.jsonl#T0125; 9 messages / 4 clusters	保留；有检索先例	第一轮：全量检索、概念及语境评估	nls-v1	term-evidence.jsonl#T0125	6	同英文/context/plural/form/中文合并，保留全部版本/组件位置；不算独立人类佐证
T0126	Deduplication	去重	去重	保留	PostgreSQL 对应技术概念的说明文字；机器标识、命令、参数与字面值按原文保留。	未找到现行非 fuzzy 译文先例；见完整证据索引	全量检索没有现行非 fuzzy 可用译文先例；没有匹配译文。原概念释义可理解，缺乏足够 NLS 证据时保守保留，不作全局替换。	target-links.jsonl#T0126; 0 messages / 0 clusters	保留；NLS 证据不足	第一轮：全量检索、概念及语境评估	nls-v1	term-evidence.jsonl#T0126	0	同英文/context/plural/form/中文合并，保留全部版本/组件位置；不算独立人类佐证
T0127	default B-tree operator class	默认 B-树操作符类	默认 B-树操作符类	保留	PostgreSQL 对应技术概念的说明文字；机器标识、命令、参数与字面值按原文保留。	未找到现行非 fuzzy 译文先例；见完整证据索引	全量检索没有现行非 fuzzy 可用译文先例；没有匹配译文。原概念释义可理解，缺乏足够 NLS 证据时保守保留，不作全局替换。	target-links.jsonl#T0127; 0 messages / 0 clusters	保留；NLS 证据不足	第一轮：全量检索、概念及语境评估	nls-v1	term-evidence.jsonl#T0127	0	同英文/context/plural/form/中文合并，保留全部版本/组件位置；不算独立人类佐证
T0128	defragmentation	碎片整理	碎片整理	保留	PostgreSQL 对应技术概念的说明文字；机器标识、命令、参数与字面值按原文保留。	未找到现行非 fuzzy 译文先例；见完整证据索引	全量检索没有现行非 fuzzy 可用译文先例；没有匹配译文。原概念释义可理解，缺乏足够 NLS 证据时保守保留，不作全局替换。	target-links.jsonl#T0128; 0 messages / 0 clusters	保留；NLS 证据不足	第一轮：全量检索、概念及语境评估	nls-v1	term-evidence.jsonl#T0128	0	同英文/context/plural/form/中文合并，保留全部版本/组件位置；不算独立人类佐证
T0129	deparsing	逆解析	逆解析	保留	PostgreSQL 对应技术概念的说明文字；机器标识、命令、参数与字面值按原文保留。	未找到现行非 fuzzy 译文先例；见完整证据索引	全量检索没有现行非 fuzzy 可用译文先例；没有匹配译文。原概念释义可理解，缺乏足够 NLS 证据时保守保留，不作全局替换。	target-links.jsonl#T0129; 0 messages / 0 clusters	保留；NLS 证据不足	第一轮：全量检索、概念及语境评估	nls-v1	term-evidence.jsonl#T0129	0	同英文/context/plural/form/中文合并，保留全部版本/组件位置；不算独立人类佐证
T0130	dependency graph	依赖图	依赖图	保留	PostgreSQL 对应技术概念的说明文字；机器标识、命令、参数与字面值按原文保留。	未找到现行非 fuzzy 译文先例；见完整证据索引	全量检索没有现行非 fuzzy 可用译文先例；没有匹配译文。原概念释义可理解，缺乏足够 NLS 证据时保守保留，不作全局替换。	target-links.jsonl#T0130; 0 messages / 0 clusters	保留；NLS 证据不足	第一轮：全量检索、概念及语境评估	nls-v1	term-evidence.jsonl#T0130	0	同英文/context/plural/form/中文合并，保留全部版本/组件位置；不算独立人类佐证
T0131	derived data	衍生数据	衍生数据	保留	PostgreSQL 对应技术概念的说明文字；机器标识、命令、参数与字面值按原文保留。	未找到现行非 fuzzy 译文先例；见完整证据索引	全量检索没有现行非 fuzzy 可用译文先例；没有匹配译文。原概念释义可理解，缺乏足够 NLS 证据时保守保留，不作全局替换。	target-links.jsonl#T0131; 0 messages / 0 clusters	保留；NLS 证据不足	第一轮：全量检索、概念及语境评估	nls-v1	term-evidence.jsonl#T0131	0	同英文/context/plural/form/中文合并，保留全部版本/组件位置；不算独立人类佐证
T0132	deserialization function	反序列化函数	反序列化函数	保留	PostgreSQL 对应技术概念的说明文字；机器标识、命令、参数与字面值按原文保留。	return type of deserialization function %s is not %s → 反序列化函数 %s 的返回类型不是 %s [TE-b6df958115c54f95b2da] | must specify both or neither of serialization and deserialization functions → 必须同时指定序列化和反序列化函数或两者都不指定 [TE-04b78538754c9c240564]	现行译文检索中可见源中文，原概念释义可用，未发现必须全局替换的依据；检索中文子串不等于词对齐或消息语义批准。	target-links.jsonl#T0132; 2 messages / 2 clusters	保留；有检索先例	第一轮：全量检索、概念及语境评估	nls-v1	term-evidence.jsonl#T0132	2	同英文/context/plural/form/中文合并，保留全部版本/组件位置；不算独立人类佐证
T0133	Direct I/O	直接 I/O	直接 I/O	保留并限定语境	直接 I/O 的概念；I/O、O_DIRECT 与 GUC 值原样保留，中文英文空格变体并非语义冲突。	Direct I/O is not supported on this platform.\n → 此平台不支持直接I/O.\n [TE-c36f52ab1041b53119fa] | * This file system and its mount options do not support direct\n  I/O, e.g. ext4 in journaled mode.\n → * 此文件系统及其安装选项不支持直接I/O\n  例如. ext4 在 journaled 模式.\n [TE-bd5b34d395ea5f945356]	存在可追溯现行译文对；已检查概念/句法/标识符区别，具体限定见适用语境。两列源释义保留，实际消息优先准确同簇既有表达。	target-links.jsonl#T0133; 4 messages / 2 clusters	本批按语境采用；不是人工批准	第一轮：全量检索、概念及语境评估	nls-v1	term-evidence.jsonl#T0133	2	同英文/context/plural/form/中文合并，保留全部版本/组件位置；不算独立人类佐证
T0134	dirty bit	脏位	脏位	保留	PostgreSQL 对应技术概念的说明文字；机器标识、命令、参数与字面值按原文保留。	未找到现行非 fuzzy 译文先例；见完整证据索引	全量检索没有现行非 fuzzy 可用译文先例；没有匹配译文。原概念释义可理解，缺乏足够 NLS 证据时保守保留，不作全局替换。	target-links.jsonl#T0134; 0 messages / 0 clusters	保留；NLS 证据不足	第一轮：全量检索、概念及语境评估	nls-v1	term-evidence.jsonl#T0134	0	同英文/context/plural/form/中文合并，保留全部版本/组件位置；不算独立人类佐证
T0135	dirty page	脏页	脏页	保留	PostgreSQL 对应技术概念的说明文字；机器标识、命令、参数与字面值按原文保留。	未找到现行非 fuzzy 译文先例；见完整证据索引	全量检索没有现行非 fuzzy 可用译文先例；没有匹配译文。原概念释义可理解，缺乏足够 NLS 证据时保守保留，不作全局替换。	target-links.jsonl#T0135; 0 messages / 0 clusters	保留；NLS 证据不足	第一轮：全量检索、概念及语境评估	nls-v1	term-evidence.jsonl#T0135	0	同英文/context/plural/form/中文合并，保留全部版本/组件位置；不算独立人类佐证
T0136	Dirty Reads	脏读	脏读	保留	PostgreSQL 对应技术概念的说明文字；机器标识、命令、参数与字面值按原文保留。	未找到现行非 fuzzy 译文先例；见完整证据索引	全量检索没有现行非 fuzzy 可用译文先例；没有匹配译文。原概念释义可理解，缺乏足够 NLS 证据时保守保留，不作全局替换。	target-links.jsonl#T0136; 0 messages / 0 clusters	保留；NLS 证据不足	第一轮：全量检索、概念及语境评估	nls-v1	term-evidence.jsonl#T0136	0	同英文/context/plural/form/中文合并，保留全部版本/组件位置；不算独立人类佐证
T0137	discrete percentile	离散百分位数	离散百分位数	保留	PostgreSQL 对应技术概念的说明文字；机器标识、命令、参数与字面值按原文保留。	未找到现行非 fuzzy 译文先例；见完整证据索引	全量检索没有现行非 fuzzy 可用译文先例；没有匹配译文。原概念释义可理解，缺乏足够 NLS 证据时保守保留，不作全局替换。	target-links.jsonl#T0137; 0 messages / 0 clusters	保留；NLS 证据不足	第一轮：全量检索、概念及语境评估	nls-v1	term-evidence.jsonl#T0137	0	同英文/context/plural/form/中文合并，保留全部版本/组件位置；不算独立人类佐证
T0138	Distinct Values	非重复值	非重复值	保留	PostgreSQL 对应技术概念的说明文字；机器标识、命令、参数与字面值按原文保留。	未找到现行非 fuzzy 译文先例；见完整证据索引	全量检索没有现行非 fuzzy 可用译文先例；没有匹配译文。原概念释义可理解，缺乏足够 NLS 证据时保守保留，不作全局替换。	target-links.jsonl#T0138; 0 messages / 0 clusters	保留；NLS 证据不足	第一轮：全量检索、概念及语境评估	nls-v1	term-evidence.jsonl#T0138	0	同英文/context/plural/form/中文合并，保留全部版本/组件位置；不算独立人类佐证
T0139	DTrace probe	DTrace 探针	DTrace 探针	保留	PostgreSQL 对应技术概念的说明文字；机器标识、命令、参数与字面值按原文保留。	未找到现行非 fuzzy 译文先例；见完整证据索引	全量检索没有现行非 fuzzy 可用译文先例；没有匹配译文。原概念释义可理解，缺乏足够 NLS 证据时保守保留，不作全局替换。	target-links.jsonl#T0139; 0 messages / 0 clusters	保留；NLS 证据不足	第一轮：全量检索、概念及语境评估	nls-v1	term-evidence.jsonl#T0139	0	同英文/context/plural/form/中文合并，保留全部版本/组件位置；不算独立人类佐证
T0140	DTrace probes	DTrace 探针	DTrace 探针	保留	PostgreSQL 对应技术概念的说明文字；机器标识、命令、参数与字面值按原文保留。	未找到现行非 fuzzy 译文先例；见完整证据索引	全量检索没有现行非 fuzzy 可用译文先例；没有匹配译文。原概念释义可理解，缺乏足够 NLS 证据时保守保留，不作全局替换。	target-links.jsonl#T0140; 0 messages / 0 clusters	保留；NLS 证据不足	第一轮：全量检索、概念及语境评估	nls-v1	term-evidence.jsonl#T0140	0	同英文/context/plural/form/中文合并，保留全部版本/组件位置；不算独立人类佐证
T0141	durability	持久性	持久性	保留	PostgreSQL 对应技术概念的说明文字；机器标识、命令、参数与字面值按原文保留。	未找到现行非 fuzzy 译文先例；见完整证据索引	全量检索没有现行非 fuzzy 可用译文先例；没有匹配译文。原概念释义可理解，缺乏足够 NLS 证据时保守保留，不作全局替换。	target-links.jsonl#T0141; 0 messages / 0 clusters	保留；NLS 证据不足	第一轮：全量检索、概念及语境评估	nls-v1	term-evidence.jsonl#T0141	0	同英文/context/plural/form/中文合并，保留全部版本/组件位置；不算独立人类佐证
T0142	eager mode	急切模式	急切模式	保留	PostgreSQL 对应技术概念的说明文字；机器标识、命令、参数与字面值按原文保留。	未找到现行非 fuzzy 译文先例；见完整证据索引	全量检索没有现行非 fuzzy 可用译文先例；没有匹配译文。原概念释义可理解，缺乏足够 NLS 证据时保守保留，不作全局替换。	target-links.jsonl#T0142; 0 messages / 0 clusters	保留；NLS 证据不足	第一轮：全量检索、概念及语境评估	nls-v1	term-evidence.jsonl#T0142	0	同英文/context/plural/form/中文合并，保留全部版本/组件位置；不算独立人类佐证
T0143	elasticity	弹性	弹性	保留	PostgreSQL 对应技术概念的说明文字；机器标识、命令、参数与字面值按原文保留。	未找到现行非 fuzzy 译文先例；见完整证据索引	全量检索没有现行非 fuzzy 可用译文先例；没有匹配译文。原概念释义可理解，缺乏足够 NLS 证据时保守保留，不作全局替换。	target-links.jsonl#T0143; 0 messages / 0 clusters	保留；NLS 证据不足	第一轮：全量检索、概念及语境评估	nls-v1	term-evidence.jsonl#T0143	0	同英文/context/plural/form/中文合并，保留全部版本/组件位置；不算独立人类佐证
T0144	embedded options	嵌入选项	嵌入选项	保留	PostgreSQL 对应技术概念的说明文字；机器标识、命令、参数与字面值按原文保留。	未找到现行非 fuzzy 译文先例；见完整证据索引	全量检索没有现行非 fuzzy 可用译文先例；没有匹配译文。原概念释义可理解，缺乏足够 NLS 证据时保守保留，不作全局替换。	target-links.jsonl#T0144; 0 messages / 0 clusters	保留；NLS 证据不足	第一轮：全量检索、概念及语境评估	nls-v1	term-evidence.jsonl#T0144	0	同英文/context/plural/form/中文合并，保留全部版本/组件位置；不算独立人类佐证
T0145	end-to-end	端到端	端到端	保留	PostgreSQL 对应技术概念的说明文字；机器标识、命令、参数与字面值按原文保留。	未找到现行非 fuzzy 译文先例；见完整证据索引	全量检索没有现行非 fuzzy 可用译文先例；没有匹配译文。原概念释义可理解，缺乏足够 NLS 证据时保守保留，不作全局替换。	target-links.jsonl#T0145; 0 messages / 0 clusters	保留；NLS 证据不足	第一轮：全量检索、概念及语境评估	nls-v1	term-evidence.jsonl#T0145	0	同英文/context/plural/form/中文合并，保留全部版本/组件位置；不算独立人类佐证
T0146	end-to-end argument	端到端原则	端到端原则	保留	PostgreSQL 对应技术概念的说明文字；机器标识、命令、参数与字面值按原文保留。	未找到现行非 fuzzy 译文先例；见完整证据索引	全量检索没有现行非 fuzzy 可用译文先例；没有匹配译文。原概念释义可理解，缺乏足够 NLS 证据时保守保留，不作全局替换。	target-links.jsonl#T0146; 0 messages / 0 clusters	保留；NLS 证据不足	第一轮：全量检索、概念及语境评估	nls-v1	term-evidence.jsonl#T0146	0	同英文/context/plural/form/中文合并，保留全部版本/组件位置；不算独立人类佐证
T0147	enum type	枚举类型	枚举类型	保留	PostgreSQL 对应技术概念的说明文字；机器标识、命令、参数与字面值按原文保留。	"could not determine actual enum type → 无法确定实际的枚举类型 [TE-575ab83fda6bb5b1b636] | unsafe use of new value ""%s"" of enum type %s → 不安全地使用枚举类型为%s的新值""%s"" [TE-549e633ab2cdbbc60a2f] | type matched to anyenum is not an enum type: %s → 匹配anyenum的类型不是枚举类型:%s [TE-4748f253e519e9170ec9]"	现行译文检索中可见源中文，原概念释义可用，未发现必须全局替换的依据；检索中文子串不等于词对齐或消息语义批准。	target-links.jsonl#T0147; 3 messages / 2 clusters	保留；有检索先例	第一轮：全量检索、概念及语境评估	nls-v1	term-evidence.jsonl#T0147	3	同英文/context/plural/form/中文合并，保留全部版本/组件位置；不算独立人类佐证
T0148	equi-join	等值连接	等值连接	保留	PostgreSQL 对应技术概念的说明文字；机器标识、命令、参数与字面值按原文保留。	未找到现行非 fuzzy 译文先例；见完整证据索引	全量检索没有现行非 fuzzy 可用译文先例；没有匹配译文。原概念释义可理解，缺乏足够 NLS 证据时保守保留，不作全局替换。	target-links.jsonl#T0148; 0 messages / 0 clusters	保留；NLS 证据不足	第一轮：全量检索、概念及语境评估	nls-v1	term-evidence.jsonl#T0148	0	同英文/context/plural/form/中文合并，保留全部版本/组件位置；不算独立人类佐证
T0149	equivalence class	等价类	等价类	保留	PostgreSQL 对应技术概念的说明文字；机器标识、命令、参数与字面值按原文保留。	未找到现行非 fuzzy 译文先例；见完整证据索引	全量检索没有现行非 fuzzy 可用译文先例；没有匹配译文。原概念释义可理解，缺乏足够 NLS 证据时保守保留，不作全局替换。	target-links.jsonl#T0149; 0 messages / 0 clusters	保留；NLS 证据不足	第一轮：全量检索、概念及语境评估	nls-v1	term-evidence.jsonl#T0149	0	同英文/context/plural/form/中文合并，保留全部版本/组件位置；不算独立人类佐证
T0150	Escapes	转义	转义	保留	PostgreSQL 对应技术概念的说明文字；机器标识、命令、参数与字面值按原文保留。	invalid escape string → 无效的逃逸字符串 [TE-c73725e0855bfc616482] | invalid Unicode escape → 无效的Unicode转义字符 [TE-2dc5901d6381c02da0df] | invalid Unicode escape value → 无效的Unicode转义值 [TE-71ff938af0be2a6309fa]	现行译文检索中可见源中文，原概念释义可用，未发现必须全局替换的依据；检索中文子串不等于词对齐或消息语义批准。	target-links.jsonl#T0150; 25 messages / 10 clusters	保留；有检索先例	第一轮：全量检索、概念及语境评估	nls-v1	term-evidence.jsonl#T0150	23	同英文/context/plural/form/中文合并，保留全部版本/组件位置；不算独立人类佐证
T0151	ETL	提取-转换-加载	提取-转换-加载	保留	PostgreSQL 对应技术概念的说明文字；机器标识、命令、参数与字面值按原文保留。	未找到现行非 fuzzy 译文先例；见完整证据索引	全量检索没有现行非 fuzzy 可用译文先例；没有匹配译文。原概念释义可理解，缺乏足够 NLS 证据时保守保留，不作全局替换。	target-links.jsonl#T0151; 0 messages / 0 clusters	保留；NLS 证据不足	第一轮：全量检索、概念及语境评估	nls-v1	term-evidence.jsonl#T0151	0	同英文/context/plural/form/中文合并，保留全部版本/组件位置；不算独立人类佐证
T0152	event triggers	事件触发器	事件触发器	保留	PostgreSQL 对应技术概念的说明文字；机器标识、命令、参数与字面值按原文保留。	event trigger %s → 事件触发器%s [TE-d89d7a3f2c89deba086b] | List of event triggers → 事件触发器列表 [TE-c12126b4920382c8e9a9] | reading event triggers → 读取事件触发器 [TE-2fee7cda8eb3d0374176]	现行译文检索中可见源中文，原概念释义可用，未发现必须全局替换的依据；检索中文子串不等于词对齐或消息语义批准。	target-links.jsonl#T0152; 27 messages / 8 clusters	保留；有检索先例	第一轮：全量检索、概念及语境评估	nls-v1	term-evidence.jsonl#T0152	22	同英文/context/plural/form/中文合并，保留全部版本/组件位置；不算独立人类佐证
T0153	eventual consistency	最终一致性	最终一致性	保留	PostgreSQL 对应技术概念的说明文字；机器标识、命令、参数与字面值按原文保留。	未找到现行非 fuzzy 译文先例；见完整证据索引	全量检索没有现行非 fuzzy 可用译文先例；没有匹配译文。原概念释义可理解，缺乏足够 NLS 证据时保守保留，不作全局替换。	target-links.jsonl#T0153; 0 messages / 0 clusters	保留；NLS 证据不足	第一轮：全量检索、概念及语境评估	nls-v1	term-evidence.jsonl#T0153	0	同英文/context/plural/form/中文合并，保留全部版本/组件位置；不算独立人类佐证
T0154	evolvability	可演化性	可演化性	保留	PostgreSQL 对应技术概念的说明文字；机器标识、命令、参数与字面值按原文保留。	未找到现行非 fuzzy 译文先例；见完整证据索引	全量检索没有现行非 fuzzy 可用译文先例；没有匹配译文。原概念释义可理解，缺乏足够 NLS 证据时保守保留，不作全局替换。	target-links.jsonl#T0154; 0 messages / 0 clusters	保留；NLS 证据不足	第一轮：全量检索、概念及语境评估	nls-v1	term-evidence.jsonl#T0154	0	同英文/context/plural/form/中文合并，保留全部版本/组件位置；不算独立人类佐证
T0155	exactly-once semantics	恰好一次语义	恰好一次语义	保留	PostgreSQL 对应技术概念的说明文字；机器标识、命令、参数与字面值按原文保留。	未找到现行非 fuzzy 译文先例；见完整证据索引	全量检索没有现行非 fuzzy 可用译文先例；没有匹配译文。原概念释义可理解，缺乏足够 NLS 证据时保守保留，不作全局替换。	target-links.jsonl#T0155; 0 messages / 0 clusters	保留；NLS 证据不足	第一轮：全量检索、概念及语境评估	nls-v1	term-evidence.jsonl#T0155	0	同英文/context/plural/form/中文合并，保留全部版本/组件位置；不算独立人类佐证
T0156	Example	示例	示例	保留并限定语境	标题为示例；For example 译例如，不需要逐字复用示例。	For example, ON CONFLICT (column_name). → 例如：ON CONFLICT (column_name)。 [TE-6ed0b98b77c028926e34] | For example, FROM (SELECT ...) [AS] foo. → 例如, FROM (SELECT ...) [AS] foo. [TE-4ae87b316448722e3dfc] | For example, FROM (VALUES ...) [AS] foo. → 例如, FROM (SELECT ...) [AS] foo. [TE-cd6951a249bb2cee0a86]	存在可追溯现行译文对；已检查概念/句法/标识符区别，具体限定见适用语境。两列源释义保留，实际消息优先准确同簇既有表达。	target-links.jsonl#T0156; 4 messages / 3 clusters	本批按语境采用；不是人工批准	第一轮：全量检索、概念及语境评估	nls-v1	term-evidence.jsonl#T0156	6	同英文/context/plural/form/中文合并，保留全部版本/组件位置；不算独立人类佐证
T0157	Examples	示例	示例	保留	PostgreSQL 对应技术概念的说明文字；机器标识、命令、参数与字面值按原文保留。	For example, ON CONFLICT (column_name). → 例如：ON CONFLICT (column_name)。 [TE-6ed0b98b77c028926e34] | For example, FROM (SELECT ...) [AS] foo. → 例如, FROM (SELECT ...) [AS] foo. [TE-4ae87b316448722e3dfc] | For example, FROM (VALUES ...) [AS] foo. → 例如, FROM (SELECT ...) [AS] foo. [TE-cd6951a249bb2cee0a86]	有英文检索命中，但中文采用语境化句法/其他表达或保留标识；未获得充分依据替换源术语，保守保留并供具体消息复核。	target-links.jsonl#T0157; 4 messages / 3 clusters	保留；译法需按消息判断	第一轮：全量检索、概念及语境评估	nls-v1	term-evidence.jsonl#T0157	6	同英文/context/plural/form/中文合并，保留全部版本/组件位置；不算独立人类佐证
T0158	Exclusion Constraints	排他约束	排他约束	保留	PostgreSQL 对应技术概念的说明文字；机器标识、命令、参数与字面值按原文保留。	"could not create exclusion constraint ""%s"" → 无法创建排他约束""%s"" [TE-ec96c168a68937855956] | exclusion constraints not possible for domains → 排他约束对于域不可用 [TE-9949a082aaa9a870e01e] | conflicting key value violates exclusion constraint ""%s"" → 互相冲突的键值违反排他约束""%s"" [TE-4975629b7402ad130d08]"	现行译文检索中可见源中文，原概念释义可用，未发现必须全局替换的依据；检索中文子串不等于词对齐或消息语义批准。	target-links.jsonl#T0158; 12 messages / 6 clusters	保留；有检索先例	第一轮：全量检索、概念及语境评估	nls-v1	term-evidence.jsonl#T0158	13	同英文/context/plural/form/中文合并，保留全部版本/组件位置；不算独立人类佐证
T0159	Exclusive Modes	独占模式	独占模式	保留	PostgreSQL 对应技术概念的说明文字；机器标识、命令、参数与字面值按原文保留。	未找到现行非 fuzzy 译文先例；见完整证据索引	全量检索没有现行非 fuzzy 可用译文先例；没有匹配译文。原概念释义可理解，缺乏足够 NLS 证据时保守保留，不作全局替换。	target-links.jsonl#T0159; 0 messages / 0 clusters	保留；NLS 证据不足	第一轮：全量检索、概念及语境评估	nls-v1	term-evidence.jsonl#T0159	0	同英文/context/plural/form/中文合并，保留全部版本/组件位置；不算独立人类佐证
T0160	Executor	执行器	执行器	保留	PostgreSQL 对应技术概念的说明文字；机器标识、命令、参数与字面值按原文保留。	Writes executor performance statistics to the server log. → 把执行器 (executor) 性能统计信息写入到服务器日志中. [TE-f0ce60dcda3ab6e45ccd] | Sets the maximum number of parallel processes per executor node. → 设定一个执行器节点上的最大并行进程数。 [TE-9c96571680795f3e27df] | Allows the query planner and executor to compare partition bounds to conditions in the query to determine which partitions must be scanned. → 允许查询计划器和执行器将分区边界与查询中的条件进行比较，以确定必须扫描哪些分区 [TE-101b729cab3024d001ee]	现行译文检索中可见源中文，原概念释义可用，未发现必须全局替换的依据；检索中文子串不等于词对齐或消息语义批准。	target-links.jsonl#T0160; 3 messages / 1 clusters	保留；有检索先例	第一轮：全量检索、概念及语境评估	nls-v1	term-evidence.jsonl#T0160	3	同英文/context/plural/form/中文合并，保留全部版本/组件位置；不算独立人类佐证
T0161	Expression Statistics	表达式统计信息	表达式统计信息	保留	PostgreSQL 对应技术概念的说明文字；机器标识、命令、参数与字面值按原文保留。	未找到现行非 fuzzy 译文先例；见完整证据索引	全量检索没有现行非 fuzzy 可用译文先例；没有匹配译文。原概念释义可理解，缺乏足够 NLS 证据时保守保留，不作全局替换。	target-links.jsonl#T0161; 0 messages / 0 clusters	保留；NLS 证据不足	第一轮：全量检索、概念及语境评估	nls-v1	term-evidence.jsonl#T0161	0	同英文/context/plural/form/中文合并，保留全部版本/组件位置；不算独立人类佐证
T0162	Extended Expression Statistics	扩展表达式统计信息	扩展表达式统计信息	保留	PostgreSQL 对应技术概念的说明文字；机器标识、命令、参数与字面值按原文保留。	未找到现行非 fuzzy 译文先例；见完整证据索引	全量检索没有现行非 fuzzy 可用译文先例；没有匹配译文。原概念释义可理解，缺乏足够 NLS 证据时保守保留，不作全局替换。	target-links.jsonl#T0162; 0 messages / 0 clusters	保留；NLS 证据不足	第一轮：全量检索、概念及语境评估	nls-v1	term-evidence.jsonl#T0162	0	同英文/context/plural/form/中文合并，保留全部版本/组件位置；不算独立人类佐证
T0163	Extended Query Protocol	扩展查询协议	扩展查询协议	保留	PostgreSQL 对应技术概念的说明文字；机器标识、命令、参数与字面值按原文保留。	extended query protocol not supported in a replication connection → 扩展的查询协议在复制连接里不支持 [TE-7f4d2b0d50c9638a08d3]	有英文检索命中，但中文采用语境化句法/其他表达或保留标识；未获得充分依据替换源术语，保守保留并供具体消息复核。	target-links.jsonl#T0163; 2 messages / 2 clusters	保留；译法需按消息判断	第一轮：全量检索、概念及语境评估	nls-v1	term-evidence.jsonl#T0163	1	同英文/context/plural/form/中文合并，保留全部版本/组件位置；不算独立人类佐证
T0164	extension	扩展	扩展	保留	PostgreSQL 对应技术概念的说明文字；机器标识、命令、参数与字面值按原文保留。	extension %s → 扩展 %s [TE-115d73a473724da1defe] | reading extensions → 读扩展 [TE-f110ae0a4a537ea40cbe] | remove an extension → 移除一个扩展 [TE-585de43085d2153ed40e]	现行译文检索中可见源中文，原概念释义可用，未发现必须全局替换的依据；检索中文子串不等于词对齐或消息语义批准。	target-links.jsonl#T0164; 93 messages / 22 clusters	保留；有检索先例	第一轮：全量检索、概念及语境评估	nls-v1	term-evidence.jsonl#T0164	70	同英文/context/plural/form/中文合并，保留全部版本/组件位置；不算独立人类佐证
T0165	External Sorting	外部排序	外部排序	保留	PostgreSQL 对应技术概念的说明文字；机器标识、命令、参数与字面值按原文保留。	未找到现行非 fuzzy 译文先例；见完整证据索引	全量检索没有现行非 fuzzy 可用译文先例；没有匹配译文。原概念释义可理解，缺乏足够 NLS 证据时保守保留，不作全局替换。	target-links.jsonl#T0165; 0 messages / 0 clusters	保留；NLS 证据不足	第一轮：全量检索、概念及语境评估	nls-v1	term-evidence.jsonl#T0165	0	同英文/context/plural/form/中文合并，保留全部版本/组件位置；不算独立人类佐证
T0166	failover	故障切换	故障切换	保留	PostgreSQL 对应技术概念的说明文字；机器标识、命令、参数与字面值按原文保留。	未找到现行非 fuzzy 译文先例；见完整证据索引	全量检索没有现行非 fuzzy 可用译文先例；仅有 fuzzy/废弃线索，不能据此定为稳定译法。原概念释义可理解，缺乏足够 NLS 证据时保守保留，不作全局替换。	target-links.jsonl#T0166; 10 messages / 6 clusters	保留；NLS 证据不足	第一轮：全量检索、概念及语境评估	nls-v1	term-evidence.jsonl#T0166	0	同英文/context/plural/form/中文合并，保留全部版本/组件位置；不算独立人类佐证
T0167	failure	失效	失败	修改并限定语境	操作失败、检查失败及错误结果；设备失效/故障另按上下文	\n*failure* → \n*失败* [TE-de284cdb4903a797e49f] | Failure, exiting\n → 故障，退出\n [TE-030fe119db6181a21dd0] | aborted because of read failure → 因读取失败已被中止 [TE-7edc0bbd05742114c187]	当前 NLS 的读取、校验、用户查找等 failure 是操作失败；文档可靠性讨论中的失效不能直接套用。系统或设备故障语境仍可用故障/失效。	target-links.jsonl#T0167; 37 messages / 21 clusters	本批采用；不是人工批准	第一轮：全量检索、概念及语境评估	nls-v1	term-evidence.jsonl#T0167	21	同英文/context/plural/form/中文合并，保留全部版本/组件位置；不算独立人类佐证
T0168	false negative	漏报	漏报	保留	PostgreSQL 对应技术概念的说明文字；机器标识、命令、参数与字面值按原文保留。	未找到现行非 fuzzy 译文先例；见完整证据索引	全量检索没有现行非 fuzzy 可用译文先例；没有匹配译文。原概念释义可理解，缺乏足够 NLS 证据时保守保留，不作全局替换。	target-links.jsonl#T0168; 0 messages / 0 clusters	保留；NLS 证据不足	第一轮：全量检索、概念及语境评估	nls-v1	term-evidence.jsonl#T0168	0	同英文/context/plural/form/中文合并，保留全部版本/组件位置；不算独立人类佐证
T0169	false positive	误报	误报	保留	PostgreSQL 对应技术概念的说明文字；机器标识、命令、参数与字面值按原文保留。	未找到现行非 fuzzy 译文先例；见完整证据索引	全量检索没有现行非 fuzzy 可用译文先例；没有匹配译文。原概念释义可理解，缺乏足够 NLS 证据时保守保留，不作全局替换。	target-links.jsonl#T0169; 0 messages / 0 clusters	保留；NLS 证据不足	第一轮：全量检索、概念及语境评估	nls-v1	term-evidence.jsonl#T0169	0	同英文/context/plural/form/中文合并，保留全部版本/组件位置；不算独立人类佐证
T0170	false-negative	漏报	漏报	保留	PostgreSQL 对应技术概念的说明文字；机器标识、命令、参数与字面值按原文保留。	未找到现行非 fuzzy 译文先例；见完整证据索引	全量检索没有现行非 fuzzy 可用译文先例；没有匹配译文。原概念释义可理解，缺乏足够 NLS 证据时保守保留，不作全局替换。	target-links.jsonl#T0170; 0 messages / 0 clusters	保留；NLS 证据不足	第一轮：全量检索、概念及语境评估	nls-v1	term-evidence.jsonl#T0170	0	同英文/context/plural/form/中文合并，保留全部版本/组件位置；不算独立人类佐证
T0171	false-positive	误报	误报	保留	PostgreSQL 对应技术概念的说明文字；机器标识、命令、参数与字面值按原文保留。	未找到现行非 fuzzy 译文先例；见完整证据索引	全量检索没有现行非 fuzzy 可用译文先例；没有匹配译文。原概念释义可理解，缺乏足够 NLS 证据时保守保留，不作全局替换。	target-links.jsonl#T0171; 0 messages / 0 clusters	保留；NLS 证据不足	第一轮：全量检索、概念及语境评估	nls-v1	term-evidence.jsonl#T0171	0	同英文/context/plural/form/中文合并，保留全部版本/组件位置；不算独立人类佐证
T0172	fan-out	扇出	扇出	保留	PostgreSQL 对应技术概念的说明文字；机器标识、命令、参数与字面值按原文保留。	未找到现行非 fuzzy 译文先例；见完整证据索引	全量检索没有现行非 fuzzy 可用译文先例；没有匹配译文。原概念释义可理解，缺乏足够 NLS 证据时保守保留，不作全局替换。	target-links.jsonl#T0172; 0 messages / 0 clusters	保留；NLS 证据不足	第一轮：全量检索、概念及语境评估	nls-v1	term-evidence.jsonl#T0172	0	同英文/context/plural/form/中文合并，保留全部版本/组件位置；不算独立人类佐证
T0173	Fast Shutdown	快速关闭	快速关闭	保留	PostgreSQL 对应技术概念的说明文字；机器标识、命令、参数与字面值按原文保留。	received fast shutdown request → 接收到快速 (fast) 停止请求 [TE-af1662424973cfa94482]	有英文检索命中，但中文采用语境化句法/其他表达或保留标识；未获得充分依据替换源术语，保守保留并供具体消息复核。	target-links.jsonl#T0173; 1 messages / 1 clusters	保留；译法需按消息判断	第一轮：全量检索、概念及语境评估	nls-v1	term-evidence.jsonl#T0173	1	同英文/context/plural/form/中文合并，保留全部版本/组件位置；不算独立人类佐证
T0174	Fault Tolerance	容错性	容错性	保留	PostgreSQL 对应技术概念的说明文字；机器标识、命令、参数与字面值按原文保留。	未找到现行非 fuzzy 译文先例；见完整证据索引	全量检索没有现行非 fuzzy 可用译文先例；没有匹配译文。原概念释义可理解，缺乏足够 NLS 证据时保守保留，不作全局替换。	target-links.jsonl#T0174; 0 messages / 0 clusters	保留；NLS 证据不足	第一轮：全量检索、概念及语境评估	nls-v1	term-evidence.jsonl#T0174	0	同英文/context/plural/form/中文合并，保留全部版本/组件位置；不算独立人类佐证
T0175	FDW	外部数据包装器	外部数据包装器	保留并限定语境	消息中原有 FDW 缩写保留；写出 foreign data wrapper 全称时可用外部数据包装器。	FDW options → FDW选项 [TE-77bb535c3e36e7776646] | FDW options: (%s) → FDW选项: (%s) [TE-076eb3594c2bbd3e31b5]	存在可追溯现行译文对；已检查概念/句法/标识符区别，具体限定见适用语境。两列源释义保留，实际消息优先准确同簇既有表达。	target-links.jsonl#T0175; 2 messages / 1 clusters	本批按语境采用；不是人工批准	第一轮：全量检索、概念及语境评估	nls-v1	term-evidence.jsonl#T0175	2	同英文/context/plural/form/中文合并，保留全部版本/组件位置；不算独立人类佐证
T0176	field selection	字段选择	字段选择	保留	PostgreSQL 对应技术概念的说明文字；机器标识、命令、参数与字面值按原文保留。	未找到现行非 fuzzy 译文先例；见完整证据索引	全量检索没有现行非 fuzzy 可用译文先例；没有匹配译文。原概念释义可理解，缺乏足够 NLS 证据时保守保留，不作全局替换。	target-links.jsonl#T0176; 0 messages / 0 clusters	保留；NLS 证据不足	第一轮：全量检索、概念及语境评估	nls-v1	term-evidence.jsonl#T0176	0	同英文/context/plural/form/中文合并，保留全部版本/组件位置；不算独立人类佐证
T0177	Files and Forks	文件和分支	文件和分支	保留	PostgreSQL 对应技术概念的说明文字；机器标识、命令、参数与字面值按原文保留。	未找到现行非 fuzzy 译文先例；见完整证据索引	全量检索没有现行非 fuzzy 可用译文先例；没有匹配译文。原概念释义可理解，缺乏足够 NLS 证据时保守保留，不作全局替换。	target-links.jsonl#T0177; 0 messages / 0 clusters	保留；NLS 证据不足	第一轮：全量检索、概念及语境评估	nls-v1	term-evidence.jsonl#T0177	0	同英文/context/plural/form/中文合并，保留全部版本/组件位置；不算独立人类佐证
T0178	final function	最终函数	最终函数	保留并限定语境	聚合最终计算函数；既有终止函数在明确聚合语境可以保留，不理解为关闭进程的终止函数。	final function with extra arguments must not be declared STRICT → 带参数的终止函数不能定义为STRICT [TE-beadf6ca385a770d3258]	存在可追溯现行译文对；已检查概念/句法/标识符区别，具体限定见适用语境。两列源释义保留，实际消息优先准确同簇既有表达。	target-links.jsonl#T0178; 1 messages / 1 clusters	本批按语境采用；不是人工批准	第一轮：全量检索、概念及语境评估	nls-v1	term-evidence.jsonl#T0178	1	同英文/context/plural/form/中文合并，保留全部版本/组件位置；不算独立人类佐证
T0179	first-committer-win	以先提交者为准	以先提交者为准	保留	PostgreSQL 对应技术概念的说明文字；机器标识、命令、参数与字面值按原文保留。	未找到现行非 fuzzy 译文先例；见完整证据索引	全量检索没有现行非 fuzzy 可用译文先例；没有匹配译文。原概念释义可理解，缺乏足够 NLS 证据时保守保留，不作全局替换。	target-links.jsonl#T0179; 0 messages / 0 clusters	保留；NLS 证据不足	第一轮：全量检索、概念及语境评估	nls-v1	term-evidence.jsonl#T0179	0	同英文/context/plural/form/中文合并，保留全部版本/组件位置；不算独立人类佐证
T0180	first-updater-win	以先更新者为准	以先更新者为准	保留	PostgreSQL 对应技术概念的说明文字；机器标识、命令、参数与字面值按原文保留。	未找到现行非 fuzzy 译文先例；见完整证据索引	全量检索没有现行非 fuzzy 可用译文先例；没有匹配译文。原概念释义可理解，缺乏足够 NLS 证据时保守保留，不作全局替换。	target-links.jsonl#T0180; 0 messages / 0 clusters	保留；NLS 证据不足	第一轮：全量检索、概念及语境评估	nls-v1	term-evidence.jsonl#T0180	0	同英文/context/plural/form/中文合并，保留全部版本/组件位置；不算独立人类佐证
T0181	flow control	流量控制	流量控制	保留	PostgreSQL 对应技术概念的说明文字；机器标识、命令、参数与字面值按原文保留。	未找到现行非 fuzzy 译文先例；见完整证据索引	全量检索没有现行非 fuzzy 可用译文先例；没有匹配译文。原概念释义可理解，缺乏足够 NLS 证据时保守保留，不作全局替换。	target-links.jsonl#T0181; 0 messages / 0 clusters	保留；NLS 证据不足	第一轮：全量检索、概念及语境评估	nls-v1	term-evidence.jsonl#T0181	0	同英文/context/plural/form/中文合并，保留全部版本/组件位置；不算独立人类佐证
T0182	flush	刷盘	刷盘	保留并限定语境	具体对象决定刷出、刷新或刷盘；stdio 缓冲输出不一定是持久化到磁盘，不能把所有 flush 都声称已落盘。	could not flush dirty data: %m → 无法刷出脏数据：%m [TE-e22627067ac687a904d0] | confirming write up to %X/%X, flush to %X/%X (slot %s) → 确认上写至%X/%X, 并刷写回至 %X/%X (槽 %s) [TE-4b42d005d62ad1b5e776] | Amount of WAL written out by WAL writer that triggers a flush. → 触发一次刷写的 WAL 写入器写出的 WAL 数量。 [TE-d49fdc2b202fb7c300ef]	存在可追溯现行译文对；已检查概念/句法/标识符区别，具体限定见适用语境。两列源释义保留，实际消息优先准确同簇既有表达。	target-links.jsonl#T0182; 11 messages / 7 clusters	本批按语境采用；不是人工批准	第一轮：全量检索、概念及语境评估	nls-v1	term-evidence.jsonl#T0182	6	同英文/context/plural/form/中文合并，保留全部版本/组件位置；不算独立人类佐证
T0183	followers	追随者	追随者	保留	PostgreSQL 对应技术概念的说明文字；机器标识、命令、参数与字面值按原文保留。	未找到现行非 fuzzy 译文先例；见完整证据索引	全量检索没有现行非 fuzzy 可用译文先例；没有匹配译文。原概念释义可理解，缺乏足够 NLS 证据时保守保留，不作全局替换。	target-links.jsonl#T0183; 0 messages / 0 clusters	保留；NLS 证据不足	第一轮：全量检索、概念及语境评估	nls-v1	term-evidence.jsonl#T0183	0	同英文/context/plural/form/中文合并，保留全部版本/组件位置；不算独立人类佐证
T0184	foreign data	外部数据	外部数据	保留	PostgreSQL 对应技术概念的说明文字；机器标识、命令、参数与字面值按原文保留。	未找到现行非 fuzzy 译文先例；见完整证据索引	全量检索没有现行非 fuzzy 可用译文先例；没有匹配译文。原概念释义可理解，缺乏足够 NLS 证据时保守保留，不作全局替换。	target-links.jsonl#T0184; 0 messages / 0 clusters	保留；NLS 证据不足	第一轮：全量检索、概念及语境评估	nls-v1	term-evidence.jsonl#T0184	0	同英文/context/plural/form/中文合并，保留全部版本/组件位置；不算独立人类佐证
T0185	Foreign Data Wrapper	外部数据包装器	外部数据包装器	保留并限定语境	外部数据包装器/封装器按同一组件准确既有说法；标识符 FOREIGN DATA WRAPPER 及 FDW 保留。	未找到现行非 fuzzy 译文先例；见完整证据索引	全量检索没有现行非 fuzzy 可用译文先例；没有匹配译文。原概念释义可理解，缺乏足够 NLS 证据时保守保留，不作全局替换。	target-links.jsonl#T0185; 0 messages / 0 clusters	保留；NLS 证据不足	第一轮：全量检索、概念及语境评估	nls-v1	term-evidence.jsonl#T0185	0	同英文/context/plural/form/中文合并，保留全部版本/组件位置；不算独立人类佐证
T0186	foreign key	外键	外键	保留	PostgreSQL 对应技术概念的说明文字；机器标识、命令、参数与字面值按原文保留。	"validating foreign key constraint ""%s"" → 正验证外键约束 ""%s"" [TE-a01e4c5f7dc1f4510eaa] | cannot have more than %d keys in a foreign key → 在一个外键中不能超过 %d 个键 [TE-d5693a26e30d14a045ee] | foreign key constraints not possible for domains → 外键约束对于域不可用 [TE-21e657e29e9fafc5c0cf]"	现行译文检索中可见源中文，原概念释义可用，未发现必须全局替换的依据；检索中文子串不等于词对齐或消息语义批准。	target-links.jsonl#T0186; 33 messages / 6 clusters	保留；有检索先例	第一轮：全量检索、概念及语境评估	nls-v1	term-evidence.jsonl#T0186	21	同英文/context/plural/form/中文合并，保留全部版本/组件位置；不算独立人类佐证
T0187	foreign server	外部服务器	外部服务器	保留	PostgreSQL 对应技术概念的说明文字；机器标识、命令、参数与字面值按原文保留。	List of foreign servers → 外部服务器列表 [TE-198ffa4084f66573b591] | define a new foreign server → 建立新的触发器 [TE-f01cf7e79442255a7bb9] | must be owner of foreign server %s → 必须是外部服务器 %s 的属主 [TE-323cef1fdd9fda442109]	现行译文检索中可见源中文，原概念释义可用，未发现必须全局替换的依据；检索中文子串不等于词对齐或消息语义批准。	target-links.jsonl#T0187; 18 messages / 7 clusters	保留；有检索先例	第一轮：全量检索、概念及语境评估	nls-v1	term-evidence.jsonl#T0187	16	同英文/context/plural/form/中文合并，保留全部版本/组件位置；不算独立人类佐证
T0188	Foreign Table	外部表	外部表	保留	PostgreSQL 对应技术概念的说明文字；机器标识、命令、参数与字面值按原文保留。	"foreign table → 所引用的外表 [TE-819dd7f9064b4b73eb31] | foreign table %s → 外部表 %s [TE-f9c678e2a6f3494c4505] | Foreign table ""%s.%s"" → 引用的外部表 ""%s.%s"" [TE-9857ea4fde33b1c6f25f]"	现行译文检索中可见源中文，原概念释义可用，未发现必须全局替换的依据；检索中文子串不等于词对齐或消息语义批准。	target-links.jsonl#T0188; 51 messages / 10 clusters	保留；有检索先例	第一轮：全量检索、概念及语境评估	nls-v1	term-evidence.jsonl#T0188	55	同英文/context/plural/form/中文合并，保留全部版本/组件位置；不算独立人类佐证
T0189	fork	分支	分支	保留并限定语境	关系文件分支为分支；创建子进程的动词为派生/fork；fork() 标识符保留。	invalid fork name → 无效分支名称 [TE-a8dc34a32c9bfb1ab472] | could not fork process: %m → 无法派生进程: %m [TE-0fb640fc9c8e450ff77a] | could not fork archiver: %m → 无法 fork archiver: %m [TE-076c1edc4ab507236201]	存在可追溯现行译文对；已检查概念/句法/标识符区别，具体限定见适用语境。两列源释义保留，实际消息优先准确同簇既有表达。	target-links.jsonl#T0189; 11 messages / 4 clusters	本批按语境采用；不是人工批准	第一轮：全量检索、概念及语境评估	nls-v1	term-evidence.jsonl#T0189	16	同英文/context/plural/form/中文合并，保留全部版本/组件位置；不算独立人类佐证
T0190	fork number	关系分支编号	关系分支编号	保留并限定语境	关系文件分支编号；不是派生进程次数或进程编号。	未找到现行非 fuzzy 译文先例；见完整证据索引	全量检索没有现行非 fuzzy 可用译文先例；仅有 fuzzy/废弃线索，不能据此定为稳定译法。原概念释义可理解，缺乏足够 NLS 证据时保守保留，不作全局替换。	target-links.jsonl#T0190; 1 messages / 1 clusters	保留；NLS 证据不足	第一轮：全量检索、概念及语境评估	nls-v1	term-evidence.jsonl#T0190	0	同英文/context/plural/form/中文合并，保留全部版本/组件位置；不算独立人类佐证
T0191	format code	格式代码	格式代码	保留	PostgreSQL 对应技术概念的说明文字；机器标识、命令、参数与字面值按原文保留。	unsupported format code: %d → 不支持的格式代码: %d [TE-16717327798ac91abb3e]	现行译文检索中可见源中文，原概念释义可用，未发现必须全局替换的依据；检索中文子串不等于词对齐或消息语义批准。	target-links.jsonl#T0191; 1 messages / 1 clusters	保留；有检索先例	第一轮：全量检索、概念及语境评估	nls-v1	term-evidence.jsonl#T0191	1	同英文/context/plural/form/中文合并，保留全部版本/组件位置；不算独立人类佐证
T0192	format specifiers	格式说明符	格式说明符	保留	PostgreSQL 对应技术概念的说明文字；机器标识、命令、参数与字面值按原文保留。	未找到现行非 fuzzy 译文先例；见完整证据索引	全量检索没有现行非 fuzzy 可用译文先例；没有匹配译文。原概念释义可理解，缺乏足够 NLS 证据时保守保留，不作全局替换。	target-links.jsonl#T0192; 0 messages / 0 clusters	保留；NLS 证据不足	第一轮：全量检索、概念及语境评估	nls-v1	term-evidence.jsonl#T0192	0	同英文/context/plural/form/中文合并，保留全部版本/组件位置；不算独立人类佐证
T0193	free space	空闲空间	空闲空间	保留	PostgreSQL 对应技术概念的说明文字；机器标识、命令、参数与字面值按原文保留。	未找到现行非 fuzzy 译文先例；见完整证据索引	全量检索没有现行非 fuzzy 可用译文先例；没有匹配译文。原概念释义可理解，缺乏足够 NLS 证据时保守保留，不作全局替换。	target-links.jsonl#T0193; 0 messages / 0 clusters	保留；NLS 证据不足	第一轮：全量检索、概念及语境评估	nls-v1	term-evidence.jsonl#T0193	0	同英文/context/plural/form/中文合并，保留全部版本/组件位置；不算独立人类佐证
T0194	free space map	空闲空间映射	空闲空间映射	保留	PostgreSQL 对应技术概念的说明文字；机器标识、命令、参数与字面值按原文保留。	未找到现行非 fuzzy 译文先例；见完整证据索引	全量检索没有现行非 fuzzy 可用译文先例；没有匹配译文。原概念释义可理解，缺乏足够 NLS 证据时保守保留，不作全局替换。	target-links.jsonl#T0194; 0 messages / 0 clusters	保留；NLS 证据不足	第一轮：全量检索、概念及语境评估	nls-v1	term-evidence.jsonl#T0194	0	同英文/context/plural/form/中文合并，保留全部版本/组件位置；不算独立人类佐证
T0195	Frozen txid	冻结事务 ID	冻结事务 ID	保留	PostgreSQL 对应技术概念的说明文字；机器标识、命令、参数与字面值按原文保留。	未找到现行非 fuzzy 译文先例；见完整证据索引	全量检索没有现行非 fuzzy 可用译文先例；没有匹配译文。原概念释义可理解，缺乏足够 NLS 证据时保守保留，不作全局替换。	target-links.jsonl#T0195; 0 messages / 0 clusters	保留；NLS 证据不足	第一轮：全量检索、概念及语境评估	nls-v1	term-evidence.jsonl#T0195	0	同英文/context/plural/form/中文合并，保留全部版本/组件位置；不算独立人类佐证
T0196	FSM	空闲空间映射	空闲空间映射	保留并限定语境	缩写/关系文件分支名称 fsm 保留；解释才用空闲空间映射。当前 Valid fork names 命中是标识符证据。	"Valid fork names are ""main"", ""fsm"", ""vm"", and ""init"". → 有效的分支名称是 ""main"", ""fsm"", ""vm""和""init"". [TE-3fb5661aa34f9a1afe80]"	存在可追溯现行译文对；已检查概念/句法/标识符区别，具体限定见适用语境。两列源释义保留，实际消息优先准确同簇既有表达。	target-links.jsonl#T0196; 2 messages / 2 clusters	本批按语境采用；不是人工批准	第一轮：全量检索、概念及语境评估	nls-v1	term-evidence.jsonl#T0196	1	同英文/context/plural/form/中文合并，保留全部版本/组件位置；不算独立人类佐证
T0197	FULL VACUUM	完全清理	完全清理	保留并限定语境	命令必须写 VACUUM FULL，不能把源码/帮助命令改为中文；普通说明可用完全清理，原译完全真空不可作直接复用模板。	"cannot use the ""%s"" option when performing full vacuum → 执行完全真空时，无法使用""%s""选项 [TE-74227843db3844e4ea3f]"	存在可追溯现行译文对；已检查概念/句法/标识符区别，具体限定见适用语境。两列源释义保留，实际消息优先准确同簇既有表达。	target-links.jsonl#T0197; 1 messages / 1 clusters	本批按语境采用；不是人工批准	第一轮：全量检索、概念及语境评估	nls-v1	term-evidence.jsonl#T0197	1	同英文/context/plural/form/中文合并，保留全部版本/组件位置；不算独立人类佐证
T0198	Full Vacuuming	完全清理	完全清理	保留	PostgreSQL 对应技术概念的说明文字；机器标识、命令、参数与字面值按原文保留。	  -f, --full                      do full vacuuming\n →   -f, --full                      完全清理\n [TE-804af00aa5f3f53af4bb]	现行译文检索中可见源中文，原概念释义可用，未发现必须全局替换的依据；检索中文子串不等于词对齐或消息语义批准。	target-links.jsonl#T0198; 1 messages / 1 clusters	保留；有检索先例	第一轮：全量检索、概念及语境评估	nls-v1	term-evidence.jsonl#T0198	1	同英文/context/plural/form/中文合并，保留全部版本/组件位置；不算独立人类佐证
T0199	full-page image	整页镜像	整页镜像	保留并限定语境	整页镜像；已有完整页图像等准确说法按同簇保留；区别于实际整页写入动作。	Full-page images will be logged for all data blocks and cross-checked against the results of WAL replay. → 将记录所有数据块的整页图像，并对照WAL重放结果进行交叉检查. [TE-af43ff201dba87df2666]	存在可追溯现行译文对；已检查概念/句法/标识符区别，具体限定见适用语境。两列源释义保留，实际消息优先准确同簇既有表达。	target-links.jsonl#T0199; 3 messages / 3 clusters	本批按语境采用；不是人工批准	第一轮：全量检索、概念及语境评估	nls-v1	term-evidence.jsonl#T0199	1	同英文/context/plural/form/中文合并，保留全部版本/组件位置；不算独立人类佐证
T0200	full-page write	整页写入	整页写入	保留	PostgreSQL 对应技术概念的说明文字；机器标识、命令、参数与字面值按原文保留。	Compresses full-page writes written in WAL file. → 压缩写入WAL文件的整页写。 [TE-fb5062f6a3d5fa749f7e]	有英文检索命中，但中文采用语境化句法/其他表达或保留标识；未获得充分依据替换源术语，保守保留并供具体消息复核。	target-links.jsonl#T0200; 2 messages / 2 clusters	保留；译法需按消息判断	第一轮：全量检索、概念及语境评估	nls-v1	term-evidence.jsonl#T0200	1	同英文/context/plural/form/中文合并，保留全部版本/组件位置；不算独立人类佐证
T0201	Full-Text Search	全文检索	全文检索	保留	PostgreSQL 对应技术概念的说明文字；机器标识、命令、参数与字面值按原文保留。	The server (version %s) does not support full text search. → 服务器(版本%s)不支持使用全文搜索. [TE-bdaaf129685bb7ab244c]	有英文检索命中，但中文采用语境化句法/其他表达或保留标识；未获得充分依据替换源术语，保守保留并供具体消息复核。	target-links.jsonl#T0201; 0 messages / 0 clusters	保留；译法需按消息判断	第一轮：全量检索、概念及语境评估	nls-v1	term-evidence.jsonl#T0201	1	同英文/context/plural/form/中文合并，保留全部版本/组件位置；不算独立人类佐证
T0202	function calls	函数调用	函数调用	保留并限定语境	函数调用；语法中 nested window/aggregate calls 的限定对象必须保留。	"fastpath function call: ""%s"" (OID %u) → 快捷路径函数调用: ""%s"" (OID %u) [TE-313db6694057ee10e1ce] | window function calls cannot be nested → 不允许嵌套调用窗口函数 [TE-8588188cb27b8e9a6f38] | aggregate function calls cannot be nested → 不允许嵌套调用聚合函数 [TE-0658a4448fc3b585adfe]"	存在可追溯现行译文对；已检查概念/句法/标识符区别，具体限定见适用语境。两列源释义保留，实际消息优先准确同簇既有表达。	target-links.jsonl#T0202; 15 messages / 7 clusters	本批按语境采用；不是人工批准	第一轮：全量检索、概念及语境评估	nls-v1	term-evidence.jsonl#T0202	13	同英文/context/plural/form/中文合并，保留全部版本/组件位置；不算独立人类佐证
T0203	functional notation	函数记法	函数记法	保留	PostgreSQL 对应技术概念的说明文字；机器标识、命令、参数与字面值按原文保留。	未找到现行非 fuzzy 译文先例；见完整证据索引	全量检索没有现行非 fuzzy 可用译文先例；没有匹配译文。原概念释义可理解，缺乏足够 NLS 证据时保守保留，不作全局替换。	target-links.jsonl#T0203; 0 messages / 0 clusters	保留；NLS 证据不足	第一轮：全量检索、概念及语境评估	nls-v1	term-evidence.jsonl#T0203	0	同英文/context/plural/form/中文合并，保留全部版本/组件位置；不算独立人类佐证
T0204	functionally dependent	函数依赖	函数依赖	保留	PostgreSQL 对应技术概念的说明文字；机器标识、命令、参数与字面值按原文保留。	未找到现行非 fuzzy 译文先例；见完整证据索引	全量检索没有现行非 fuzzy 可用译文先例；没有匹配译文。原概念释义可理解，缺乏足够 NLS 证据时保守保留，不作全局替换。	target-links.jsonl#T0204; 0 messages / 0 clusters	保留；NLS 证据不足	第一轮：全量检索、概念及语境评估	nls-v1	term-evidence.jsonl#T0204	0	同英文/context/plural/form/中文合并，保留全部版本/组件位置；不算独立人类佐证
T0205	generated column	生成列	生成列	保留并限定语境	生成列；列值生成机制与 identity column 标识列是不同概念。	"cannot set generated column ""%s"" → 无法设置生成的列 ""%s"" [TE-5e8808e7e1c7c169edbe] | column ""%s"" is a generated column → 列""%s""是生成的列 [TE-f5f3c5671b89ae47a602] | Column ""%s"" is a generated column. → 列""%s""是生成的列. [TE-d879aac1cd0c42aa3e65]"	存在可追溯现行译文对；已检查概念/句法/标识符区别，具体限定见适用语境。两列源释义保留，实际消息优先准确同簇既有表达。	target-links.jsonl#T0205; 45 messages / 11 clusters	本批按语境采用；不是人工批准	第一轮：全量检索、概念及语境评估	nls-v1	term-evidence.jsonl#T0205	16	同英文/context/plural/form/中文合并，保留全部版本/组件位置；不算独立人类佐证
T0206	gossip protocol	流言协议	流言协议	保留	PostgreSQL 对应技术概念的说明文字；机器标识、命令、参数与字面值按原文保留。	未找到现行非 fuzzy 译文先例；见完整证据索引	全量检索没有现行非 fuzzy 可用译文先例；没有匹配译文。原概念释义可理解，缺乏足够 NLS 证据时保守保留，不作全局替换。	target-links.jsonl#T0206; 0 messages / 0 clusters	保留；NLS 证据不足	第一轮：全量检索、概念及语境评估	nls-v1	term-evidence.jsonl#T0206	0	同英文/context/plural/form/中文合并，保留全部版本/组件位置；不算独立人类佐证
T0207	grouping sets	分组集	分组集	保留并限定语境	分组集；SQL GROUPING SETS 保留，已有分组集合为可接受显示变体。	too many grouping sets present (maximum 4096) → 出现过多分组集合（最大4096个） [TE-e5079b416ab36a509b4f]	存在可追溯现行译文对；已检查概念/句法/标识符区别，具体限定见适用语境。两列源释义保留，实际消息优先准确同簇既有表达。	target-links.jsonl#T0207; 1 messages / 1 clusters	本批按语境采用；不是人工批准	第一轮：全量检索、概念及语境评估	nls-v1	term-evidence.jsonl#T0207	1	同英文/context/plural/form/中文合并，保留全部版本/组件位置；不算独立人类佐证
T0208	handshaking	握手	握手	保留	PostgreSQL 对应技术概念的说明文字；机器标识、命令、参数与字面值按原文保留。	未找到现行非 fuzzy 译文先例；见完整证据索引	全量检索没有现行非 fuzzy 可用译文先例；没有匹配译文。原概念释义可理解，缺乏足够 NLS 证据时保守保留，不作全局替换。	target-links.jsonl#T0208; 0 messages / 0 clusters	保留；NLS 证据不足	第一轮：全量检索、概念及语境评估	nls-v1	term-evidence.jsonl#T0208	0	同英文/context/plural/form/中文合并，保留全部版本/组件位置；不算独立人类佐证
T0209	hardware faults	硬件故障	硬件故障	保留	PostgreSQL 对应技术概念的说明文字；机器标识、命令、参数与字面值按原文保留。	未找到现行非 fuzzy 译文先例；见完整证据索引	全量检索没有现行非 fuzzy 可用译文先例；没有匹配译文。原概念释义可理解，缺乏足够 NLS 证据时保守保留，不作全局替换。	target-links.jsonl#T0209; 0 messages / 0 clusters	保留；NLS 证据不足	第一轮：全量检索、概念及语境评估	nls-v1	term-evidence.jsonl#T0209	0	同英文/context/plural/form/中文合并，保留全部版本/组件位置；不算独立人类佐证
T0210	Hash Join	哈希连接	哈希连接	保留	PostgreSQL 对应技术概念的说明文字；机器标识、命令、参数与字面值按原文保留。	Enables the planner's use of hash join plans. → 启用查询计划器的哈希连接计划. [TE-530d1a55cfff16cb3f5a]	现行译文检索中可见源中文，原概念释义可用，未发现必须全局替换的依据；检索中文子串不等于词对齐或消息语义批准。	target-links.jsonl#T0210; 1 messages / 1 clusters	保留；有检索先例	第一轮：全量检索、概念及语境评估	nls-v1	term-evidence.jsonl#T0210	1	同英文/context/plural/form/中文合并，保留全部版本/组件位置；不算独立人类佐证
T0211	hash slots	哈希槽	哈希槽	保留	PostgreSQL 对应技术概念的说明文字；机器标识、命令、参数与字面值按原文保留。	未找到现行非 fuzzy 译文先例；见完整证据索引	全量检索没有现行非 fuzzy 可用译文先例；没有匹配译文。原概念释义可理解，缺乏足够 NLS 证据时保守保留，不作全局替换。	target-links.jsonl#T0211; 0 messages / 0 clusters	保留；NLS 证据不足	第一轮：全量检索、概念及语境评估	nls-v1	term-evidence.jsonl#T0211	0	同英文/context/plural/form/中文合并，保留全部版本/组件位置；不算独立人类佐证
T0212	head-of-line blocking	队头阻塞	队头阻塞	保留	PostgreSQL 对应技术概念的说明文字；机器标识、命令、参数与字面值按原文保留。	未找到现行非 fuzzy 译文先例；见完整证据索引	全量检索没有现行非 fuzzy 可用译文先例；没有匹配译文。原概念释义可理解，缺乏足够 NLS 证据时保守保留，不作全局替换。	target-links.jsonl#T0212; 0 messages / 0 clusters	保留；NLS 证据不足	第一轮：全量检索、概念及语境评估	nls-v1	term-evidence.jsonl#T0212	0	同英文/context/plural/form/中文合并，保留全部版本/组件位置；不算独立人类佐证
T0213	header data	首部数据	首部数据	保留	PostgreSQL 对应技术概念的说明文字；机器标识、命令、参数与字面值按原文保留。	未找到现行非 fuzzy 译文先例；见完整证据索引	全量检索没有现行非 fuzzy 可用译文先例；没有匹配译文。原概念释义可理解，缺乏足够 NLS 证据时保守保留，不作全局替换。	target-links.jsonl#T0213; 0 messages / 0 clusters	保留；NLS 证据不足	第一轮：全量检索、概念及语境评估	nls-v1	term-evidence.jsonl#T0213	0	同英文/context/plural/form/中文合并，保留全部版本/组件位置；不算独立人类佐证
T0214	heap	堆	堆	保留	PostgreSQL 对应技术概念的说明文字；机器标识、命令、参数与字面值按原文保留。	"heap table ""%s.%s.%s"":\n → 堆表""%s.%s.%s"":\n [TE-a898c5db12a0aa04b3c3] | only heap AM is supported → 仅支持堆AM [TE-1058336a6206ad206efa] | checking heap table ""%s.%s.%s"" → 正在检查堆表""%s.%s.%s"" [TE-04e3bdfe4c9921fe7109]"	现行译文检索中可见源中文，原概念释义可用，未发现必须全局替换的依据；检索中文子串不等于词对齐或消息语义批准。	target-links.jsonl#T0214; 12 messages / 6 clusters	保留；有检索先例	第一轮：全量检索、概念及语境评估	nls-v1	term-evidence.jsonl#T0214	10	同英文/context/plural/form/中文合并，保留全部版本/组件位置；不算独立人类佐证
T0215	heap-only tuple	堆内元组	堆内元组	保留并限定语境	HOT 机制中的堆内元组，不能把整个机制误成仅包含堆的关系。	未找到现行非 fuzzy 译文先例；见完整证据索引	全量检索没有现行非 fuzzy 可用译文先例；没有匹配译文。原概念释义可理解，缺乏足够 NLS 证据时保守保留，不作全局替换。	target-links.jsonl#T0215; 0 messages / 0 clusters	保留；NLS 证据不足	第一轮：全量检索、概念及语境评估	nls-v1	term-evidence.jsonl#T0215	0	同英文/context/plural/form/中文合并，保留全部版本/组件位置；不算独立人类佐证
T0216	Heap Scan	堆扫描	堆扫描	保留	PostgreSQL 对应技术概念的说明文字；机器标识、命令、参数与字面值按原文保留。	未找到现行非 fuzzy 译文先例；见完整证据索引	全量检索没有现行非 fuzzy 可用译文先例；没有匹配译文。原概念释义可理解，缺乏足够 NLS 证据时保守保留，不作全局替换。	target-links.jsonl#T0216; 0 messages / 0 clusters	保留；NLS 证据不足	第一轮：全量检索、概念及语境评估	nls-v1	term-evidence.jsonl#T0216	0	同英文/context/plural/form/中文合并，保留全部版本/组件位置；不算独立人类佐证
T0217	heap table	堆表	堆表	保留	PostgreSQL 对应技术概念的说明文字；机器标识、命令、参数与字面值按原文保留。	"heap table ""%s.%s.%s"":\n → 堆表""%s.%s.%s"":\n [TE-a898c5db12a0aa04b3c3] | checking heap table ""%s.%s.%s"" → 正在检查堆表""%s.%s.%s"" [TE-04e3bdfe4c9921fe7109] | heap table ""%s.%s.%s"", block %s:\n → 堆表""%s.%s.%s"",块%s:\n [TE-ba5d99252654214b5578]"	现行译文检索中可见源中文，原概念释义可用，未发现必须全局替换的依据；检索中文子串不等于词对齐或消息语义批准。	target-links.jsonl#T0217; 6 messages / 1 clusters	保留；有检索先例	第一轮：全量检索、概念及语境评估	nls-v1	term-evidence.jsonl#T0217	6	同英文/context/plural/form/中文合并，保留全部版本/组件位置；不算独立人类佐证
T0218	Heap Truncation	堆截断	堆截断	保留	PostgreSQL 对应技术概念的说明文字；机器标识、命令、参数与字面值按原文保留。	未找到现行非 fuzzy 译文先例；见完整证据索引	全量检索没有现行非 fuzzy 可用译文先例；没有匹配译文。原概念释义可理解，缺乏足够 NLS 证据时保守保留，不作全局替换。	target-links.jsonl#T0218; 0 messages / 0 clusters	保留；NLS 证据不足	第一轮：全量检索、概念及语境评估	nls-v1	term-evidence.jsonl#T0218	0	同英文/context/plural/form/中文合并，保留全部版本/组件位置；不算独立人类佐证
T0219	heap tuples	堆元组	堆元组	保留	PostgreSQL 对应技术概念的说明文字；机器标识、命令、参数与字面值按原文保留。	      --heapallindexed            check that all heap tuples are found within indexes\n →       --heapallindexed            检查是否在索引中找到所有堆元组\n [TE-925f35c70ae8138ccb5d]	现行译文检索中可见源中文，原概念释义可用，未发现必须全局替换的依据；检索中文子串不等于词对齐或消息语义批准。	target-links.jsonl#T0219; 1 messages / 1 clusters	保留；有检索先例	第一轮：全量检索、概念及语境评估	nls-v1	term-evidence.jsonl#T0219	1	同英文/context/plural/form/中文合并，保留全部版本/组件位置；不算独立人类佐证
T0220	Heap Vacuuming	堆清理	堆清理	保留	PostgreSQL 对应技术概念的说明文字；机器标识、命令、参数与字面值按原文保留。	未找到现行非 fuzzy 译文先例；见完整证据索引	全量检索没有现行非 fuzzy 可用译文先例；没有匹配译文。原概念释义可理解，缺乏足够 NLS 证据时保守保留，不作全局替换。	target-links.jsonl#T0220; 0 messages / 0 clusters	保留；NLS 证据不足	第一轮：全量检索、概念及语境评估	nls-v1	term-evidence.jsonl#T0220	0	同英文/context/plural/form/中文合并，保留全部版本/组件位置；不算独立人类佐证
T0221	heap-only tuple updates	堆内元组更新	堆内元组更新	保留	PostgreSQL 对应技术概念的说明文字；机器标识、命令、参数与字面值按原文保留。	未找到现行非 fuzzy 译文先例；见完整证据索引	全量检索没有现行非 fuzzy 可用译文先例；没有匹配译文。原概念释义可理解，缺乏足够 NLS 证据时保守保留，不作全局替换。	target-links.jsonl#T0221; 0 messages / 0 clusters	保留；NLS 证据不足	第一轮：全量检索、概念及语境评估	nls-v1	term-evidence.jsonl#T0221	0	同英文/context/plural/form/中文合并，保留全部版本/组件位置；不算独立人类佐证
T0222	Heavyweight Locks	重量级锁	重量级锁	保留	PostgreSQL 对应技术概念的说明文字；机器标识、命令、参数与字面值按原文保留。	未找到现行非 fuzzy 译文先例；见完整证据索引	全量检索没有现行非 fuzzy 可用译文先例；没有匹配译文。原概念释义可理解，缺乏足够 NLS 证据时保守保留，不作全局替换。	target-links.jsonl#T0222; 0 messages / 0 clusters	保留；NLS 证据不足	第一轮：全量检索、概念及语境评估	nls-v1	term-evidence.jsonl#T0222	0	同英文/context/plural/form/中文合并，保留全部版本/组件位置；不算独立人类佐证
T0223	heuristic decisions	启发式决策	启发式决策	保留	PostgreSQL 对应技术概念的说明文字；机器标识、命令、参数与字面值按原文保留。	未找到现行非 fuzzy 译文先例；见完整证据索引	全量检索没有现行非 fuzzy 可用译文先例；没有匹配译文。原概念释义可理解，缺乏足够 NLS 证据时保守保留，不作全局替换。	target-links.jsonl#T0223; 0 messages / 0 clusters	保留；NLS 证据不足	第一轮：全量检索、概念及语境评估	nls-v1	term-evidence.jsonl#T0223	0	同英文/context/plural/form/中文合并，保留全部版本/组件位置；不算独立人类佐证
T0224	hierarchical model	层次模型	层次模型	保留	PostgreSQL 对应技术概念的说明文字；机器标识、命令、参数与字面值按原文保留。	未找到现行非 fuzzy 译文先例；见完整证据索引	全量检索没有现行非 fuzzy 可用译文先例；没有匹配译文。原概念释义可理解，缺乏足够 NLS 证据时保守保留，不作全局替换。	target-links.jsonl#T0224; 0 messages / 0 clusters	保留；NLS 证据不足	第一轮：全量检索、概念及语境评估	nls-v1	term-evidence.jsonl#T0224	0	同英文/context/plural/form/中文合并，保留全部版本/组件位置；不算独立人类佐证
T0225	hint	提示	提示	保留并限定语境	提示正文；字段标签和首尾空格 HINT: 应遵守现有显示合同。	hint:  → 提示:  [TE-7c4b66e01bac5c8c0c3d] | HINT:   → 提示:   [TE-76b0e705696a126b83e3] | HINT:  %s\n → 提示:  %s\n [TE-75213dd93618dfd69046]	存在可追溯现行译文对；已检查概念/句法/标识符区别，具体限定见适用语境。两列源释义保留，实际消息优先准确同簇既有表达。	target-links.jsonl#T0225; 20 messages / 20 clusters	本批按语境采用；不是人工批准	第一轮：全量检索、概念及语境评估	nls-v1	term-evidence.jsonl#T0225	5	同英文/context/plural/form/中文合并，保留全部版本/组件位置；不算独立人类佐证
T0226	hint bits	提示位	提示位	保留	PostgreSQL 对应技术概念的说明文字；机器标识、命令、参数与字面值按原文保留。	未找到现行非 fuzzy 译文先例；见完整证据索引	全量检索没有现行非 fuzzy 可用译文先例；没有匹配译文。原概念释义可理解，缺乏足够 NLS 证据时保守保留，不作全局替换。	target-links.jsonl#T0226; 0 messages / 0 clusters	保留；NLS 证据不足	第一轮：全量检索、概念及语境评估	nls-v1	term-evidence.jsonl#T0226	0	同英文/context/plural/form/中文合并，保留全部版本/组件位置；不算独立人类佐证
T0227	Histogram	直方图	直方图	保留并限定语境	直方图；计时频数表的原译柱状图可作背景线索，不能依据这条就更改统计概念。	Histogram of timing durations:\n → 持续时间的柱状图:\n [TE-bdbb4b1529efc8fe0379]	存在可追溯现行译文对；已检查概念/句法/标识符区别，具体限定见适用语境。两列源释义保留，实际消息优先准确同簇既有表达。	target-links.jsonl#T0227; 1 messages / 1 clusters	本批按语境采用；不是人工批准	第一轮：全量检索、概念及语境评估	nls-v1	term-evidence.jsonl#T0227	1	同英文/context/plural/form/中文合并，保留全部版本/组件位置；不算独立人类佐证
T0228	histogram_bounds	直方图边界值	直方图边界值	保留	PostgreSQL 对应技术概念的说明文字；机器标识、命令、参数与字面值按原文保留。	未找到现行非 fuzzy 译文先例；见完整证据索引	全量检索没有现行非 fuzzy 可用译文先例；没有匹配译文。原概念释义可理解，缺乏足够 NLS 证据时保守保留，不作全局替换。	target-links.jsonl#T0228; 0 messages / 0 clusters	保留；NLS 证据不足	第一轮：全量检索、概念及语境评估	nls-v1	term-evidence.jsonl#T0228	0	同英文/context/plural/form/中文合并，保留全部版本/组件位置；不算独立人类佐证
T0229	hole	空洞	空洞	保留并限定语境	页镜像中的空洞；偏移和长度参数不可与 WAL 记录位置混淆。	BKPIMAGE_HAS_HOLE not set, but hole offset %u length %u at %X/%X → BKPIMAGE_HAS_HOLE没有被设置，但是%3$X/%4$X处记录了洞偏移量为%1$u、长度为%2$u [TE-923615092718ccdb8ed3] | BKPIMAGE_HAS_HOLE not set, but hole offset %u length %u at %X/%X → BKPIMAGE_HAS_HOLE没有被设置，但是洞偏移为%u，长度为%u，它位于%X/%X [TE-375a9afb5f546e1a1127] | BKPIMAGE_HAS_HOLE set, but hole offset %u length %u block image length %u at %X/%X → BKPIMAGE_HAS_HOLE已被设置，但是%4$X/%5$X处记录了洞偏移量为%1$u、长度为%2$u、块映像长度为%3$u [TE-f519daab84e68a95743a]	存在可追溯现行译文对；已检查概念/句法/标识符区别，具体限定见适用语境。两列源释义保留，实际消息优先准确同簇既有表达。	target-links.jsonl#T0229; 6 messages / 3 clusters	本批按语境采用；不是人工批准	第一轮：全量检索、概念及语境评估	nls-v1	term-evidence.jsonl#T0229	4	同英文/context/plural/form/中文合并，保留全部版本/组件位置；不算独立人类佐证
T0230	HOT	堆内元组	堆内元组	保留并限定语境	大写 HOT 是 heap-only tuple 缩写，原消息缩写保留；大小写无关检索会命中 hot standby，但该命中不是 HOT 元组证据。	initializing for hot standby → 正在为热备进行初始化 [TE-3f3c890bdcb071ddbbe7] | server is in hot standby mode\n → 服务器处于热备份模式\n [TE-9f9a1a6d1e1cab1663b9] | server is not in hot standby mode\n → 服务器不处于热备份模式\n [TE-a8aa113bcbf44efc447a]	存在可追溯现行译文对；已检查概念/句法/标识符区别，具体限定见适用语境。两列源释义保留，实际消息优先准确同簇既有表达。	target-links.jsonl#T0230; 11 messages / 5 clusters	本批按语境采用；不是人工批准	第一轮：全量检索、概念及语境评估	nls-v1	term-evidence.jsonl#T0230	10	同英文/context/plural/form/中文合并，保留全部版本/组件位置；不算独立人类佐证
T0231	hot standby	热备	热备	保留并限定语境	热备；服务器可用热备服务器；Hot Standby 模式、hot_standby 参数名按实际原文保留。	initializing for hot standby → 正在为热备进行初始化 [TE-3f3c890bdcb071ddbbe7] | server is in hot standby mode\n → 服务器处于热备份模式\n [TE-9f9a1a6d1e1cab1663b9] | server is not in hot standby mode\n → 服务器不处于热备份模式\n [TE-a8aa113bcbf44efc447a]	存在可追溯现行译文对；已检查概念/句法/标识符区别，具体限定见适用语境。两列源释义保留，实际消息优先准确同簇既有表达。	target-links.jsonl#T0231; 11 messages / 5 clusters	本批按语境采用；不是人工批准	第一轮：全量检索、概念及语境评估	nls-v1	term-evidence.jsonl#T0231	9	同英文/context/plural/form/中文合并，保留全部版本/组件位置；不算独立人类佐证
T0232	hot-standby	热备	热备	保留	PostgreSQL 对应技术概念的说明文字；机器标识、命令、参数与字面值按原文保留。	initializing for hot standby → 正在为热备进行初始化 [TE-3f3c890bdcb071ddbbe7] | server is in hot standby mode\n → 服务器处于热备份模式\n [TE-9f9a1a6d1e1cab1663b9] | server is not in hot standby mode\n → 服务器不处于热备份模式\n [TE-a8aa113bcbf44efc447a]	现行译文检索中可见源中文，原概念释义可用，未发现必须全局替换的依据；检索中文子串不等于词对齐或消息语义批准。	target-links.jsonl#T0232; 11 messages / 5 clusters	保留；有检索先例	第一轮：全量检索、概念及语境评估	nls-v1	term-evidence.jsonl#T0232	9	同英文/context/plural/form/中文合并，保留全部版本/组件位置；不算独立人类佐证
T0233	hybrid hash join	混合哈希连接	混合哈希连接	保留	PostgreSQL 对应技术概念的说明文字；机器标识、命令、参数与字面值按原文保留。	未找到现行非 fuzzy 译文先例；见完整证据索引	全量检索没有现行非 fuzzy 可用译文先例；没有匹配译文。原概念释义可理解，缺乏足够 NLS 证据时保守保留，不作全局替换。	target-links.jsonl#T0233; 0 messages / 0 clusters	保留；NLS 证据不足	第一轮：全量检索、概念及语境评估	nls-v1	term-evidence.jsonl#T0233	0	同英文/context/plural/form/中文合并，保留全部版本/组件位置；不算独立人类佐证
T0234	hypothetical-set aggregate	假想集聚合	假想集聚合	保留并限定语境	假想集聚合；既有假设集可作措辞参考，判定集是疑似误译，不能继承。	"""%s"" is a hypothetical-set aggregate. → ""%s"" 是一个假设集聚合. [TE-2c8b334314c3e416c11a] | a hypothetical-set aggregate must have direct arguments matching its aggregated arguments → 一个判定集聚集的直接参数必须与它的聚集参数相匹配 [TE-a0bd14cc4242009f3b99] | To use the hypothetical-set aggregate %s, the number of hypothetical direct arguments (here %d) must match the number of ordering columns (here %d). → 使用判定集聚集函数 %s, 直接参数的个数 (这里是 %d) 必须与有序列的数目相匹配 (这里是 %d). [TE-95504f2cc9e12ae60084]"	存在可追溯现行译文对；已检查概念/句法/标识符区别，具体限定见适用语境。两列源释义保留，实际消息优先准确同簇既有表达。	target-links.jsonl#T0234; 3 messages / 2 clusters	本批按语境采用；不是人工批准	第一轮：全量检索、概念及语境评估	nls-v1	term-evidence.jsonl#T0234	3	同英文/context/plural/form/中文合并，保留全部版本/组件位置；不算独立人类佐证
T0235	I/O conversion cast	基于 I/O 的类型转换	基于 I/O 的类型转换	保留	PostgreSQL 对应技术概念的说明文字；机器标识、命令、参数与字面值按原文保留。	未找到现行非 fuzzy 译文先例；见完整证据索引	全量检索没有现行非 fuzzy 可用译文先例；没有匹配译文。原概念释义可理解，缺乏足够 NLS 证据时保守保留，不作全局替换。	target-links.jsonl#T0235; 0 messages / 0 clusters	保留；NLS 证据不足	第一轮：全量检索、概念及语境评估	nls-v1	term-evidence.jsonl#T0235	0	同英文/context/plural/form/中文合并，保留全部版本/组件位置；不算独立人类佐证
T0236	Idempotence	幂等性	幂等性	保留	PostgreSQL 对应技术概念的说明文字；机器标识、命令、参数与字面值按原文保留。	未找到现行非 fuzzy 译文先例；见完整证据索引	全量检索没有现行非 fuzzy 可用译文先例；没有匹配译文。原概念释义可理解，缺乏足够 NLS 证据时保守保留，不作全局替换。	target-links.jsonl#T0236; 0 messages / 0 clusters	保留；NLS 证据不足	第一轮：全量检索、概念及语境评估	nls-v1	term-evidence.jsonl#T0236	0	同英文/context/plural/form/中文合并，保留全部版本/组件位置；不算独立人类佐证
T0237	idempotent	幂等	幂等	保留	PostgreSQL 对应技术概念的说明文字；机器标识、命令、参数与字面值按原文保留。	未找到现行非 fuzzy 译文先例；见完整证据索引	全量检索没有现行非 fuzzy 可用译文先例；没有匹配译文。原概念释义可理解，缺乏足够 NLS 证据时保守保留，不作全局替换。	target-links.jsonl#T0237; 0 messages / 0 clusters	保留；NLS 证据不足	第一轮：全量检索、概念及语境评估	nls-v1	term-evidence.jsonl#T0237	0	同英文/context/plural/form/中文合并，保留全部版本/组件位置；不算独立人类佐证
T0238	identity column	标识列	标识列	保留并限定语境	标识列；区别于 generated column 的一般生成列、对象 OID 以及复制标识。	"Sequence for identity column: %s → 标识列的序列: %s [TE-9d191b7273285af638fe] | identity columns are not supported on partitions → 分区上不支持标识列 [TE-4185821d99882d82cb44] | column ""%s"" of relation ""%s"" is an identity column → 关系""%2$s""的列""%1$s""是标识列 [TE-a4d1b07de98a94117904]"	存在可追溯现行译文对；已检查概念/句法/标识符区别，具体限定见适用语境。两列源释义保留，实际消息优先准确同簇既有表达。	target-links.jsonl#T0238; 15 messages / 5 clusters	本批按语境采用；不是人工批准	第一轮：全量检索、概念及语境评估	nls-v1	term-evidence.jsonl#T0238	11	同英文/context/plural/form/中文合并，保留全部版本/组件位置；不算独立人类佐证
T0239	Immediate Shutdown	立即关闭	立即关闭	保留	PostgreSQL 对应技术概念的说明文字；机器标识、命令、参数与字面值按原文保留。	received immediate shutdown request → 接收到立即 (immediate) 停止请求 [TE-e0727a1e5649a7e5600f] | performing immediate shutdown because data directory lock file is invalid → 由于数据目录锁文件非法而执行立即关闭 [TE-e7dd57ae91c2a626cea8]	现行译文检索中可见源中文，原概念释义可用，未发现必须全局替换的依据；检索中文子串不等于词对齐或消息语义批准。	target-links.jsonl#T0239; 3 messages / 2 clusters	保留；有检索先例	第一轮：全量检索、概念及语境评估	nls-v1	term-evidence.jsonl#T0239	2	同英文/context/plural/form/中文合并，保留全部版本/组件位置；不算独立人类佐证
T0240	implicit cast	隐式类型转换	隐式类型转换	保留	PostgreSQL 对应技术概念的说明文字；机器标识、命令、参数与字面值按原文保留。	未找到现行非 fuzzy 译文先例；见完整证据索引	全量检索没有现行非 fuzzy 可用译文先例；没有匹配译文。原概念释义可理解，缺乏足够 NLS 证据时保守保留，不作全局替换。	target-links.jsonl#T0240; 0 messages / 0 clusters	保留；NLS 证据不足	第一轮：全量检索、概念及语境评估	nls-v1	term-evidence.jsonl#T0240	0	同英文/context/plural/form/中文合并，保留全部版本/组件位置；不算独立人类佐证
T0241	implicit transaction block	隐式事务块	隐式事务块	保留	PostgreSQL 对应技术概念的说明文字；机器标识、命令、参数与字面值按原文保留。	未找到现行非 fuzzy 译文先例；见完整证据索引	全量检索没有现行非 fuzzy 可用译文先例；没有匹配译文。原概念释义可理解，缺乏足够 NLS 证据时保守保留，不作全局替换。	target-links.jsonl#T0241; 0 messages / 0 clusters	保留；NLS 证据不足	第一轮：全量检索、概念及语境评估	nls-v1	term-evidence.jsonl#T0241	0	同英文/context/plural/form/中文合并，保留全部版本/组件位置；不算独立人类佐证
T0242	Inclusion Classes	Inclusion 操作符类	Inclusion 操作符类	保留	PostgreSQL 对应技术概念的说明文字；机器标识、命令、参数与字面值按原文保留。	未找到现行非 fuzzy 译文先例；见完整证据索引	全量检索没有现行非 fuzzy 可用译文先例；没有匹配译文。原概念释义可理解，缺乏足够 NLS 证据时保守保留，不作全局替换。	target-links.jsonl#T0242; 0 messages / 0 clusters	保留；NLS 证据不足	第一轮：全量检索、概念及语境评估	nls-v1	term-evidence.jsonl#T0242	0	同英文/context/plural/form/中文合并，保留全部版本/组件位置；不算独立人类佐证
T0243	incremental backup	增量备份	增量备份	保留	PostgreSQL 对应技术概念的说明文字；机器标识、命令、参数与字面值按原文保留。	未找到现行非 fuzzy 译文先例；见完整证据索引	全量检索没有现行非 fuzzy 可用译文先例；仅有 fuzzy/废弃线索，不能据此定为稳定译法。原概念释义可理解，缺乏足够 NLS 证据时保守保留，不作全局替换。	target-links.jsonl#T0243; 9 messages / 6 clusters	保留；NLS 证据不足	第一轮：全量检索、概念及语境评估	nls-v1	term-evidence.jsonl#T0243	0	同英文/context/plural/form/中文合并，保留全部版本/组件位置；不算独立人类佐证
T0244	Incremental Sorting	增量排序	增量排序	保留	PostgreSQL 对应技术概念的说明文字；机器标识、命令、参数与字面值按原文保留。	未找到现行非 fuzzy 译文先例；见完整证据索引	全量检索没有现行非 fuzzy 可用译文先例；没有匹配译文。原概念释义可理解，缺乏足够 NLS 证据时保守保留，不作全局替换。	target-links.jsonl#T0244; 0 messages / 0 clusters	保留；NLS 证据不足	第一轮：全量检索、概念及语境评估	nls-v1	term-evidence.jsonl#T0244	0	同英文/context/plural/form/中文合并，保留全部版本/组件位置；不算独立人类佐证
T0245	index	索引	索引	保留并限定语境	索引对象；array index 为下标/索引位置须看对象，不能把 SQL 索引对象解释带入数组。	Index → 索引 [TE-207636105552eebabf24] | index → 索引 [TE-17d2bd412b0f1852b498] | index %s → 索引 %s [TE-8702f7fb96148e350566]	存在可追溯现行译文对；已检查概念/句法/标识符区别，具体限定见适用语境。两列源释义保留，实际消息优先准确同簇既有表达。	target-links.jsonl#T0245; 219 messages / 33 clusters	本批按语境采用；不是人工批准	第一轮：全量检索、概念及语境评估	nls-v1	term-evidence.jsonl#T0245	184	同英文/context/plural/form/中文合并，保留全部版本/组件位置；不算独立人类佐证
T0246	Index Access Methods	索引访问方法	索引访问方法	保留	PostgreSQL 对应技术概念的说明文字；机器标识、命令、参数与字面值按原文保留。	"index access method ""%s"" does not have a handler → 索引访问方法 ""%s"" 没有处理器 [TE-28d6bc172d613bdd0bdc]"	现行译文检索中可见源中文，原概念释义可用，未发现必须全局替换的依据；检索中文子串不等于词对齐或消息语义批准。	target-links.jsonl#T0246; 1 messages / 1 clusters	保留；有检索先例	第一轮：全量检索、概念及语境评估	nls-v1	term-evidence.jsonl#T0246	1	同英文/context/plural/form/中文合并，保留全部版本/组件位置；不算独立人类佐证
T0247	index column	索引列	索引列	保留	PostgreSQL 对应技术概念的说明文字；机器标识、命令、参数与字面值按原文保留。	cannot refer to non-index column by number → 不能按数字引用非索引列 [TE-f42e28a2ea41d54003a3] | number of index columns (%d) exceeds limit (%d) → 索引字段个数 (%d) 超出限制 (%d) [TE-936f81002c5866a0b612]	现行译文检索中可见源中文，原概念释义可用，未发现必须全局替换的依据；检索中文子串不等于词对齐或消息语义批准。	target-links.jsonl#T0247; 2 messages / 2 clusters	保留；有检索先例	第一轮：全量检索、概念及语境评估	nls-v1	term-evidence.jsonl#T0247	2	同英文/context/plural/form/中文合并，保留全部版本/组件位置；不算独立人类佐证
T0248	index correlation	索引相关性	索引相关性	保留	PostgreSQL 对应技术概念的说明文字；机器标识、命令、参数与字面值按原文保留。	未找到现行非 fuzzy 译文先例；见完整证据索引	全量检索没有现行非 fuzzy 可用译文先例；没有匹配译文。原概念释义可理解，缺乏足够 NLS 证据时保守保留，不作全局替换。	target-links.jsonl#T0248; 0 messages / 0 clusters	保留；NLS 证据不足	第一轮：全量检索、概念及语境评估	nls-v1	term-evidence.jsonl#T0248	0	同英文/context/plural/form/中文合并，保留全部版本/组件位置；不算独立人类佐证
T0249	index filter predicate	索引过滤谓词	索引过滤谓词	保留	PostgreSQL 对应技术概念的说明文字；机器标识、命令、参数与字面值按原文保留。	未找到现行非 fuzzy 译文先例；见完整证据索引	全量检索没有现行非 fuzzy 可用译文先例；没有匹配译文。原概念释义可理解，缺乏足够 NLS 证据时保守保留，不作全局替换。	target-links.jsonl#T0249; 0 messages / 0 clusters	保留；NLS 证据不足	第一轮：全量检索、概念及语境评估	nls-v1	term-evidence.jsonl#T0249	0	同英文/context/plural/form/中文合并，保留全部版本/组件位置；不算独立人类佐证
T0250	Index Scans	索引扫描	索引扫描	保留	PostgreSQL 对应技术概念的说明文字；机器标识、命令、参数与字面值按原文保留。	"clustering ""%s.%s"" using index scan on ""%s"" → 簇 ""%s.%s"" 正在 ""%s""进行索引扫描 [TE-09cb1ae81274262476d5] | hash indexes do not support whole-index scans → 散列索引不支持完整索引 (whole-index) 扫描 [TE-365ca4dd14a1525c3605] | automatic vacuum of table ""%s.%s.%s"": index scans: %d\n → 自动清理表""%s.%s.%s""：索引扫描：%d\n [TE-044ee58b2be7d382d45c]"	现行译文检索中可见源中文，原概念释义可用，未发现必须全局替换的依据；检索中文子串不等于词对齐或消息语义批准。	target-links.jsonl#T0250; 14 messages / 5 clusters	保留；有检索先例	第一轮：全量检索、概念及语境评估	nls-v1	term-evidence.jsonl#T0250	7	同英文/context/plural/form/中文合并，保留全部版本/组件位置；不算独立人类佐证
T0251	Index Vacuuming	索引清理	索引清理	保留	PostgreSQL 对应技术概念的说明文字；机器标识、命令、参数与字面值按原文保留。	未找到现行非 fuzzy 译文先例；见完整证据索引	全量检索没有现行非 fuzzy 可用译文先例；没有匹配译文。原概念释义可理解，缺乏足够 NLS 证据时保守保留，不作全局替换。	target-links.jsonl#T0251; 1 messages / 1 clusters	保留；NLS 证据不足	第一轮：全量检索、概念及语境评估	nls-v1	term-evidence.jsonl#T0251	0	同英文/context/plural/form/中文合并，保留全部版本/组件位置；不算独立人类佐证
T0252	Index-Level Properties	索引级属性	索引级属性	保留	PostgreSQL 对应技术概念的说明文字；机器标识、命令、参数与字面值按原文保留。	未找到现行非 fuzzy 译文先例；见完整证据索引	全量检索没有现行非 fuzzy 可用译文先例；没有匹配译文。原概念释义可理解，缺乏足够 NLS 证据时保守保留，不作全局替换。	target-links.jsonl#T0252; 0 messages / 0 clusters	保留；NLS 证据不足	第一轮：全量检索、概念及语境评估	nls-v1	term-evidence.jsonl#T0252	0	同英文/context/plural/form/中文合并，保留全部版本/组件位置；不算独立人类佐证
T0253	index-only scan	仅索引扫描	仅索引扫描	保留	PostgreSQL 对应技术概念的说明文字；机器标识、命令、参数与字面值按原文保留。	lossy distance functions are not supported in index-only scans → 在只用索引扫描中不支持有损距离函数 [TE-b47efd8e4d39744720cc]	有英文检索命中，但中文采用语境化句法/其他表达或保留标识；未获得充分依据替换源术语，保守保留并供具体消息复核。	target-links.jsonl#T0253; 1 messages / 1 clusters	保留；译法需按消息判断	第一轮：全量检索、概念及语境评估	nls-v1	term-evidence.jsonl#T0253	1	同英文/context/plural/form/中文合并，保留全部版本/组件位置；不算独立人类佐证
T0254	indexed nested loop join	索引嵌套循环连接	索引嵌套循环连接	保留	PostgreSQL 对应技术概念的说明文字；机器标识、命令、参数与字面值按原文保留。	未找到现行非 fuzzy 译文先例；见完整证据索引	全量检索没有现行非 fuzzy 可用译文先例；没有匹配译文。原概念释义可理解，缺乏足够 NLS 证据时保守保留，不作全局替换。	target-links.jsonl#T0254; 0 messages / 0 clusters	保留；NLS 证据不足	第一轮：全量检索、概念及语境评估	nls-v1	term-evidence.jsonl#T0254	0	同英文/context/plural/form/中文合并，保留全部版本/组件位置；不算独立人类佐证
T0255	inline handler	内联处理器	内联处理器	保留并限定语境	内联代码块处理函数；psql 显示既有内联函数可保留，不能误为 C 内联优化函数。	Inline handler → 内联函数 [TE-80505f539d999a100056]	存在可追溯现行译文对；已检查概念/句法/标识符区别，具体限定见适用语境。两列源释义保留，实际消息优先准确同簇既有表达。	target-links.jsonl#T0255; 1 messages / 1 clusters	本批按语境采用；不是人工批准	第一轮：全量检索、概念及语境评估	nls-v1	term-evidence.jsonl#T0255	1	同英文/context/plural/form/中文合并，保留全部版本/组件位置；不算独立人类佐证
T0256	intermediate table	中间表	中间表	保留	PostgreSQL 对应技术概念的说明文字；机器标识、命令、参数与字面值按原文保留。	未找到现行非 fuzzy 译文先例；见完整证据索引	全量检索没有现行非 fuzzy 可用译文先例；没有匹配译文。原概念释义可理解，缺乏足够 NLS 证据时保守保留，不作全局替换。	target-links.jsonl#T0256; 0 messages / 0 clusters	保留；NLS 证据不足	第一轮：全量检索、概念及语境评估	nls-v1	term-evidence.jsonl#T0256	0	同英文/context/plural/form/中文合并，保留全部版本/组件位置；不算独立人类佐证
T0257	invariants	不变式	不变式	保留	PostgreSQL 对应技术概念的说明文字；机器标识、命令、参数与字面值按原文保留。	未找到现行非 fuzzy 译文先例；见完整证据索引	全量检索没有现行非 fuzzy 可用译文先例；没有匹配译文。原概念释义可理解，缺乏足够 NLS 证据时保守保留，不作全局替换。	target-links.jsonl#T0257; 0 messages / 0 clusters	保留；NLS 证据不足	第一轮：全量检索、概念及语境评估	nls-v1	term-evidence.jsonl#T0257	0	同英文/context/plural/form/中文合并，保留全部版本/组件位置；不算独立人类佐证
T0258	inverse transition function	逆向状态转移函数	逆向状态转移函数	保留并限定语境	聚合状态的逆向转移函数；不得把返回类型参数与函数名参数对调。	return type of inverse transition function %s is not %s → 逆向转换函数的返回类型 %s 不是 %s [TE-5c2ef773347b3426cc32] | strictness of aggregate's forward and inverse transition functions must match → 聚集函数的正向和逆向转换函数必须匹配 [TE-04867a0826fe1ecc5d36]	存在可追溯现行译文对；已检查概念/句法/标识符区别，具体限定见适用语境。两列源释义保留，实际消息优先准确同簇既有表达。	target-links.jsonl#T0258; 2 messages / 1 clusters	本批按语境采用；不是人工批准	第一轮：全量检索、概念及语境评估	nls-v1	term-evidence.jsonl#T0258	2	同英文/context/plural/form/中文合并，保留全部版本/组件位置；不算独立人类佐证
T0259	invisible	不可见	不可见	保留	PostgreSQL 对应技术概念的说明文字；机器标识、命令、参数与字面值按原文保留。	attempted to delete invisible tuple → 试图删除不可见元组 [TE-a03345c88d75016d16af] | attempted to update invisible tuple → 试图更新不可见元组 [TE-b1fc2f17567c0aeea050] | It contains a dot-prefixed/invisible file, perhaps due to it being a mount point. → 它包含一个以点号开头/不可见的文件，可能因为它是一个挂载点. [TE-d7aef8beba6a3c32370a]	现行译文检索中可见源中文，原概念释义可用，未发现必须全局替换的依据；检索中文子串不等于词对齐或消息语义批准。	target-links.jsonl#T0259; 3 messages / 2 clusters	保留；有检索先例	第一轮：全量检索、概念及语境评估	nls-v1	term-evidence.jsonl#T0259	3	同英文/context/plural/form/中文合并，保留全部版本/组件位置；不算独立人类佐证
T0260	io_in_progress	I/O 进行中标志位	I/O 进行中标志位	保留并限定语境	C 成员/状态标志标识符原样保留；概念解释 I/O 进行中标志位。	未找到现行非 fuzzy 译文先例；见完整证据索引	全量检索没有现行非 fuzzy 可用译文先例；没有匹配译文。原概念释义可理解，缺乏足够 NLS 证据时保守保留，不作全局替换。	target-links.jsonl#T0260; 0 messages / 0 clusters	保留；NLS 证据不足	第一轮：全量检索、概念及语境评估	nls-v1	term-evidence.jsonl#T0260	0	同英文/context/plural/form/中文合并，保留全部版本/组件位置；不算独立人类佐证
T0261	io_in_progress_lock	I/O 进行中锁	I/O 进行中锁	保留并限定语境	标识符原样保留；解释 I/O 进行中锁。	未找到现行非 fuzzy 译文先例；见完整证据索引	全量检索没有现行非 fuzzy 可用译文先例；没有匹配译文。原概念释义可理解，缺乏足够 NLS 证据时保守保留，不作全局替换。	target-links.jsonl#T0261; 0 messages / 0 clusters	保留；NLS 证据不足	第一轮：全量检索、概念及语境评估	nls-v1	term-evidence.jsonl#T0261	0	同英文/context/plural/form/中文合并，保留全部版本/组件位置；不算独立人类佐证
T0262	isolation	隔离性	隔离性	保留并限定语境	事务隔离级别说明常省略性；不能将 transaction 误作事物；操作隔离和 SQL 值串分别处理。	Sets the current transaction's isolation level. → 设置当前事物的隔离级别. [TE-9765b9a1726d5a36a714] | Sets the transaction isolation level of each new transaction. → 设置每一个新事物的隔离 (isolation) 级别. [TE-de7c88b11ae24cd12740] | %s must be called in REPEATABLE READ isolation mode transaction → 必须在可重复读取隔离模式事务中调用%s [TE-7de39c0a20b9ff153927]	存在可追溯现行译文对；已检查概念/句法/标识符区别，具体限定见适用语境。两列源释义保留，实际消息优先准确同簇既有表达。	target-links.jsonl#T0262; 7 messages / 4 clusters	本批按语境采用；不是人工批准	第一轮：全量检索、概念及语境评估	nls-v1	term-evidence.jsonl#T0262	6	同英文/context/plural/form/中文合并，保留全部版本/组件位置；不算独立人类佐证
T0263	item pointer	项指针	项指针	保留	PostgreSQL 对应技术概念的说明文字；机器标识、命令、参数与字面值按原文保留。	未找到现行非 fuzzy 译文先例；见完整证据索引	全量检索没有现行非 fuzzy 可用译文先例；没有匹配译文。原概念释义可理解，缺乏足够 NLS 证据时保守保留，不作全局替换。	target-links.jsonl#T0263; 0 messages / 0 clusters	保留；NLS 证据不足	第一轮：全量检索、概念及语境评估	nls-v1	term-evidence.jsonl#T0263	0	同英文/context/plural/form/中文合并，保留全部版本/组件位置；不算独立人类佐证
T0264	JOIN	连接	连接	保留并限定语境	SQL JOIN 关键字必须保留；连接是关系连接概念，不自动替换命令中的 JOIN。	Enables partitionwise join. → 启用分区连接. [TE-0828aaaa2b52704e106c] | %s cannot be applied to a join → %s 不能用于连接(join)操作 [TE-3ca0322e19886057ca05] | only binary operators can merge join → 只有二进制操作符可以合并联合 [TE-36612a8be54280f55ec8]	存在可追溯现行译文对；已检查概念/句法/标识符区别，具体限定见适用语境。两列源释义保留，实际消息优先准确同簇既有表达。	target-links.jsonl#T0264; 26 messages / 7 clusters	本批按语境采用；不是人工批准	第一轮：全量检索、概念及语境评估	nls-v1	term-evidence.jsonl#T0264	25	同英文/context/plural/form/中文合并，保留全部版本/组件位置；不算独立人类佐证
T0265	join condition	连接条件	连接条件	保留	PostgreSQL 对应技术概念的说明文字；机器标识、命令、参数与字面值按原文保留。	window functions are not allowed in JOIN conditions → 窗口函数不允许出现在JOIN条件中 [TE-214e521ab308ac1a501e] | aggregate functions are not allowed in JOIN conditions → 聚合函数不允许出现在 JOIN 条件中 [TE-41f43ff0a3554906d034] | grouping operations are not allowed in JOIN conditions → JOIN条件中不允许分组操作 [TE-f086ca420c48a5da4474]	有英文检索命中，但中文采用语境化句法/其他表达或保留标识；未获得充分依据替换源术语，保守保留并供具体消息复核。	target-links.jsonl#T0265; 7 messages / 3 clusters	保留；译法需按消息判断	第一轮：全量检索、概念及语境评估	nls-v1	term-evidence.jsonl#T0265	7	同英文/context/plural/form/中文合并，保留全部版本/组件位置；不算独立人类佐证
T0266	join method	连接方法	连接方法	保留	PostgreSQL 对应技术概念的说明文字；机器标识、命令、参数与字面值按原文保留。	未找到现行非 fuzzy 译文先例；见完整证据索引	全量检索没有现行非 fuzzy 可用译文先例；没有匹配译文。原概念释义可理解，缺乏足够 NLS 证据时保守保留，不作全局替换。	target-links.jsonl#T0266; 0 messages / 0 clusters	保留；NLS 证据不足	第一轮：全量检索、概念及语境评估	nls-v1	term-evidence.jsonl#T0266	0	同英文/context/plural/form/中文合并，保留全部版本/组件位置；不算独立人类佐证
T0267	Join Types and Methods	连接类型和方式	连接类型和方式	保留	PostgreSQL 对应技术概念的说明文字；机器标识、命令、参数与字面值按原文保留。	未找到现行非 fuzzy 译文先例；见完整证据索引	全量检索没有现行非 fuzzy 可用译文先例；没有匹配译文。原概念释义可理解，缺乏足够 NLS 证据时保守保留，不作全局替换。	target-links.jsonl#T0267; 0 messages / 0 clusters	保留；NLS 证据不足	第一轮：全量检索、概念及语境评估	nls-v1	term-evidence.jsonl#T0267	0	同英文/context/plural/form/中文合并，保留全部版本/组件位置；不算独立人类佐证
T0268	jsonb_ops Operator Class	jsonb_ops 操作符类	jsonb_ops 操作符类	保留	PostgreSQL 对应技术概念的说明文字；机器标识、命令、参数与字面值按原文保留。	未找到现行非 fuzzy 译文先例；见完整证据索引	全量检索没有现行非 fuzzy 可用译文先例；没有匹配译文。原概念释义可理解，缺乏足够 NLS 证据时保守保留，不作全局替换。	target-links.jsonl#T0268; 0 messages / 0 clusters	保留；NLS 证据不足	第一轮：全量检索、概念及语境评估	nls-v1	term-evidence.jsonl#T0268	0	同英文/context/plural/form/中文合并，保留全部版本/组件位置；不算独立人类佐证
T0269	jsonb_path_ops Operator Class	jsonb_path_ops 操作符类	jsonb_path_ops 操作符类	保留	PostgreSQL 对应技术概念的说明文字；机器标识、命令、参数与字面值按原文保留。	未找到现行非 fuzzy 译文先例；见完整证据索引	全量检索没有现行非 fuzzy 可用译文先例；没有匹配译文。原概念释义可理解，缺乏足够 NLS 证据时保守保留，不作全局替换。	target-links.jsonl#T0269; 0 messages / 0 clusters	保留；NLS 证据不足	第一轮：全量检索、概念及语境评估	nls-v1	term-evidence.jsonl#T0269	0	同英文/context/plural/form/中文合并，保留全部版本/组件位置；不算独立人类佐证
T0270	Julian Date	儒略日	儒略日	保留	PostgreSQL 对应技术概念的说明文字；机器标识、命令、参数与字面值按原文保留。	未找到现行非 fuzzy 译文先例；见完整证据索引	全量检索没有现行非 fuzzy 可用译文先例；没有匹配译文。原概念释义可理解，缺乏足够 NLS 证据时保守保留，不作全局替换。	target-links.jsonl#T0270; 0 messages / 0 clusters	保留；NLS 证据不足	第一轮：全量检索、概念及语境评估	nls-v1	term-evidence.jsonl#T0270	0	同英文/context/plural/form/中文合并，保留全部版本/组件位置；不算独立人类佐证
T0271	LABEL	备份标签	备份标签	保留并限定语境	备份文件 LABEL 字段原样保留；普通/枚举/安全标签译标签，不能套用备份标签。	"label → 标签 [TE-6c48dbe10f40e7994f07] | invalid enum label ""%s"" → 无效的枚举类型标签 ""%s"" [TE-a44c1fec73f59ff426bd] | backup label %s in file ""%s"" → 文件 ""%2$s""中的备份标签%1$s [TE-36f81667939d90b89667]"	存在可追溯现行译文对；已检查概念/句法/标识符区别，具体限定见适用语境。两列源释义保留，实际消息优先准确同簇既有表达。	target-links.jsonl#T0271; 23 messages / 9 clusters	本批按语境采用；不是人工批准	第一轮：全量检索、概念及语境评估	nls-v1	term-evidence.jsonl#T0271	20	同英文/context/plural/form/中文合并，保留全部版本/组件位置；不算独立人类佐证
T0272	latch	锁存器	闩锁	修改并限定语境	postgres 进程间唤醒/等待原语；不等同于 lock	未找到现行非 fuzzy 译文先例；见完整证据索引	本批共享技术区分基线；锁存器易引出硬件语义。语料中没有可作直接复用依据的非空译文，故记录为有明确语境的暂定术语，待具体消息源码复核。	target-links.jsonl#T0272; 0 messages / 0 clusters	技术基线暂定；无直接已译先例	第一轮：全量检索、概念及语境评估	nls-v1	term-evidence.jsonl#T0272	0	同英文/context/plural/form/中文合并，保留全部版本/组件位置；不算独立人类佐证
T0273	latency	延迟	延迟	保留	PostgreSQL 对应技术概念的说明文字；机器标识、命令、参数与字面值按原文保留。	未找到现行非 fuzzy 译文先例；见完整证据索引	全量检索没有现行非 fuzzy 可用译文先例；没有匹配译文。原概念释义可理解，缺乏足够 NLS 证据时保守保留，不作全局替换。	target-links.jsonl#T0273; 0 messages / 0 clusters	保留；NLS 证据不足	第一轮：全量检索、概念及语境评估	nls-v1	term-evidence.jsonl#T0273	0	同英文/context/plural/form/中文合并，保留全部版本/组件位置；不算独立人类佐证
T0274	Latest Checkpoint Location	最新检查点位置	最新检查点位置	保留	PostgreSQL 对应技术概念的说明文字；机器标识、命令、参数与字面值按原文保留。	Latest checkpoint location:           %X/%X\n → 最新检查点位置:                       %X/%X\n [TE-bdd82b22af40510780e0]	现行译文检索中可见源中文，原概念释义可用，未发现必须全局替换的依据；检索中文子串不等于词对齐或消息语义批准。	target-links.jsonl#T0274; 1 messages / 1 clusters	保留；有检索先例	第一轮：全量检索、概念及语境评估	nls-v1	term-evidence.jsonl#T0274	1	同英文/context/plural/form/中文合并，保留全部版本/组件位置；不算独立人类佐证
T0275	lazy mode	惰性模式	惰性模式	保留	PostgreSQL 对应技术概念的说明文字；机器标识、命令、参数与字面值按原文保留。	未找到现行非 fuzzy 译文先例；见完整证据索引	全量检索没有现行非 fuzzy 可用译文先例；没有匹配译文。原概念释义可理解，缺乏足够 NLS 证据时保守保留，不作全局替换。	target-links.jsonl#T0275; 0 messages / 0 clusters	保留；NLS 证据不足	第一轮：全量检索、概念及语境评估	nls-v1	term-evidence.jsonl#T0275	0	同英文/context/plural/form/中文合并，保留全部版本/组件位置；不算独立人类佐证
T0276	lazy vacuum	惰性清理	惰性清理	保留	PostgreSQL 对应技术概念的说明文字；机器标识、命令、参数与字面值按原文保留。	未找到现行非 fuzzy 译文先例；见完整证据索引	全量检索没有现行非 fuzzy 可用译文先例；没有匹配译文。原概念释义可理解，缺乏足够 NLS 证据时保守保留，不作全局替换。	target-links.jsonl#T0276; 0 messages / 0 clusters	保留；NLS 证据不足	第一轮：全量检索、概念及语境评估	nls-v1	term-evidence.jsonl#T0276	0	同英文/context/plural/form/中文合并，保留全部版本/组件位置；不算独立人类佐证
T0277	leader	领导者	领导者	保留并限定语境	并行/复制工作进程的主导进程按源码判断；leader 不总是数据库主库，也不继承旧译主机而忽略进程角色。	"unrecognized command received from leader: ""%s"" → 从主机接收到无法识别的命令: ""%s"" [TE-5b66c5ef4caa6bd3e7a1]"	存在可追溯现行译文对；已检查概念/句法/标识符区别，具体限定见适用语境。两列源释义保留，实际消息优先准确同簇既有表达。	target-links.jsonl#T0277; 3 messages / 3 clusters	本批按语境采用；不是人工批准	第一轮：全量检索、概念及语境评估	nls-v1	term-evidence.jsonl#T0277	1	同英文/context/plural/form/中文合并，保留全部版本/组件位置；不算独立人类佐证
T0278	leader-based replication	基于领导者的复制	基于领导者的复制	保留	PostgreSQL 对应技术概念的说明文字；机器标识、命令、参数与字面值按原文保留。	未找到现行非 fuzzy 译文先例；见完整证据索引	全量检索没有现行非 fuzzy 可用译文先例；没有匹配译文。原概念释义可理解，缺乏足够 NLS 证据时保守保留，不作全局替换。	target-links.jsonl#T0278; 0 messages / 0 clusters	保留；NLS 证据不足	第一轮：全量检索、概念及语境评估	nls-v1	term-evidence.jsonl#T0278	0	同英文/context/plural/form/中文合并，保留全部版本/组件位置；不算独立人类佐证
T0279	leaderless	无主	无主	保留	PostgreSQL 对应技术概念的说明文字；机器标识、命令、参数与字面值按原文保留。	未找到现行非 fuzzy 译文先例；见完整证据索引	全量检索没有现行非 fuzzy 可用译文先例；没有匹配译文。原概念释义可理解，缺乏足够 NLS 证据时保守保留，不作全局替换。	target-links.jsonl#T0279; 0 messages / 0 clusters	保留；NLS 证据不足	第一轮：全量检索、概念及语境评估	nls-v1	term-evidence.jsonl#T0279	0	同英文/context/plural/form/中文合并，保留全部版本/组件位置；不算独立人类佐证
T0280	Lightweight Locks	轻量级锁	轻量级锁	保留	PostgreSQL 对应技术概念的说明文字；机器标识、命令、参数与字面值按原文保留。	Emits information about lightweight lock usage. → 发出有关轻量锁使用的相关信息. [TE-b1118a97ffe35af1bd8f]	有英文检索命中，但中文采用语境化句法/其他表达或保留标识；未获得充分依据替换源术语，保守保留并供具体消息复核。	target-links.jsonl#T0280; 1 messages / 1 clusters	保留；译法需按消息判断	第一轮：全量检索、概念及语境评估	nls-v1	term-evidence.jsonl#T0280	1	同英文/context/plural/form/中文合并，保留全部版本/组件位置；不算独立人类佐证
T0281	line pointer	行指针	行指针	保留并限定语境	页内行指针；与元组本体及偏移号区分。	corrupted line pointer: %u → 已损坏的行指针: %u [TE-f89c6dfa0151926b67fd] | corrupted line pointer: offset = %u, size = %u → 已损坏的行指针: 偏移量 = %u, 大小 = %u [TE-60b87b3e671e34e0bcc6] | corrupted line pointer: offset = %u, length = %u → 损坏的行指针：偏移量 = %u，长度 = %u [TE-6c5b50f4e85d8e4c024b]	存在可追溯现行译文对；已检查概念/句法/标识符区别，具体限定见适用语境。两列源释义保留，实际消息优先准确同簇既有表达。	target-links.jsonl#T0281; 4 messages / 2 clusters	本批按语境采用；不是人工批准	第一轮：全量检索、概念及语境评估	nls-v1	term-evidence.jsonl#T0281	3	同英文/context/plural/form/中文合并，保留全部版本/组件位置；不算独立人类佐证
T0282	linearizability	线性一致性	线性一致性	保留	PostgreSQL 对应技术概念的说明文字；机器标识、命令、参数与字面值按原文保留。	未找到现行非 fuzzy 译文先例；见完整证据索引	全量检索没有现行非 fuzzy 可用译文先例；没有匹配译文。原概念释义可理解，缺乏足够 NLS 证据时保守保留，不作全局替换。	target-links.jsonl#T0282; 0 messages / 0 clusters	保留；NLS 证据不足	第一轮：全量检索、概念及语境评估	nls-v1	term-evidence.jsonl#T0282	0	同英文/context/plural/form/中文合并，保留全部版本/组件位置；不算独立人类佐证
T0283	load	负载	负载	保留并限定语境	负荷/负载名词为负载；加载库、配置、模块的动词为加载，当前 19 个现行译文对主要是动词。	could not load pg_hba.conf → 无法加载pg_hba.conf [TE-ffbc51f5913c2b2489c8] | could not load wldap32.dll → 无法加载wldap32.dll [TE-e5084058c5d6f8c62623] | load a shared library file → 加载一个共享库文件 [TE-cf06b455a6994c437780]	存在可追溯现行译文对；已检查概念/句法/标识符区别，具体限定见适用语境。两列源释义保留，实际消息优先准确同簇既有表达。	target-links.jsonl#T0283; 22 messages / 10 clusters	本批按语境采用；不是人工批准	第一轮：全量检索、概念及语境评估	nls-v1	term-evidence.jsonl#T0283	19	同英文/context/plural/form/中文合并，保留全部版本/组件位置；不算独立人类佐证
T0284	Local Cache	本地缓存	本地缓存	保留	PostgreSQL 对应技术概念的说明文字；机器标识、命令、参数与字面值按原文保留。	未找到现行非 fuzzy 译文先例；见完整证据索引	全量检索没有现行非 fuzzy 可用译文先例；没有匹配译文。原概念释义可理解，缺乏足够 NLS 证据时保守保留，不作全局替换。	target-links.jsonl#T0284; 0 messages / 0 clusters	保留；NLS 证据不足	第一轮：全量检索、概念及语境评估	nls-v1	term-evidence.jsonl#T0284	0	同英文/context/plural/form/中文合并，保留全部版本/组件位置；不算独立人类佐证
T0285	locale	区域设置	区域设置	保留并限定语境	区域设置/区域环境依当前对象；locale name 是区域设置名；provider 是提供程序，不等同于消息翻译语言。	"locale → 本地化语言 [TE-67f53e6324e7c0d682ee] |   locale provider:   %s\n →   区域环境支持程序:   %s\n [TE-079776b2444e42c474ff] | invalid locale name ""%s"" → 无效的区域设置名称 ""%s"" [TE-885e704dce750f3d488f]"	存在可追溯现行译文对；已检查概念/句法/标识符区别，具体限定见适用语境。两列源释义保留，实际消息优先准确同簇既有表达。	target-links.jsonl#T0285; 91 messages / 16 clusters	本批按语境采用；不是人工批准	第一轮：全量检索、概念及语境评估	nls-v1	term-evidence.jsonl#T0285	62	同英文/context/plural/form/中文合并，保留全部版本/组件位置；不算独立人类佐证
T0286	Lock Design	锁设计	锁设计	保留	PostgreSQL 对应技术概念的说明文字；机器标识、命令、参数与字面值按原文保留。	未找到现行非 fuzzy 译文先例；见完整证据索引	全量检索没有现行非 fuzzy 可用译文先例；没有匹配译文。原概念释义可理解，缺乏足够 NLS 证据时保守保留，不作全局替换。	target-links.jsonl#T0286; 0 messages / 0 clusters	保留；NLS 证据不足	第一轮：全量检索、概念及语境评估	nls-v1	term-evidence.jsonl#T0286	0	同英文/context/plural/form/中文合并，保留全部版本/组件位置；不算独立人类佐证
T0287	locking clauses	锁定子句	锁定子句	保留	PostgreSQL 对应技术概念的说明文字；机器标识、命令、参数与字面值按原文保留。	未找到现行非 fuzzy 译文先例；见完整证据索引	全量检索没有现行非 fuzzy 可用译文先例；没有匹配译文。原概念释义可理解，缺乏足够 NLS 证据时保守保留，不作全局替换。	target-links.jsonl#T0287; 0 messages / 0 clusters	保留；NLS 证据不足	第一轮：全量检索、概念及语境评估	nls-v1	term-evidence.jsonl#T0287	0	同英文/context/plural/form/中文合并，保留全部版本/组件位置；不算独立人类佐证
T0288	log compaction	日志压实	日志压实	保留	PostgreSQL 对应技术概念的说明文字；机器标识、命令、参数与字面值按原文保留。	未找到现行非 fuzzy 译文先例；见完整证据索引	全量检索没有现行非 fuzzy 可用译文先例；没有匹配译文。原概念释义可理解，缺乏足够 NLS 证据时保守保留，不作全局替换。	target-links.jsonl#T0288; 0 messages / 0 clusters	保留；NLS 证据不足	第一轮：全量检索、概念及语境评估	nls-v1	term-evidence.jsonl#T0288	0	同英文/context/plural/form/中文合并，保留全部版本/组件位置；不算独立人类佐证
T0289	Log Sequence Number	日志序列号	日志序列号	保留并限定语境	日志序列号；消息中现成 LSN 缩写及参数值保留。	未找到现行非 fuzzy 译文先例；见完整证据索引	全量检索没有现行非 fuzzy 可用译文先例；没有匹配译文。原概念释义可理解，缺乏足够 NLS 证据时保守保留，不作全局替换。	target-links.jsonl#T0289; 0 messages / 0 clusters	保留；NLS 证据不足	第一轮：全量检索、概念及语境评估	nls-v1	term-evidence.jsonl#T0289	0	同英文/context/plural/form/中文合并，保留全部版本/组件位置；不算独立人类佐证
T0290	log-structured	日志结构	日志结构	保留	PostgreSQL 对应技术概念的说明文字；机器标识、命令、参数与字面值按原文保留。	未找到现行非 fuzzy 译文先例；见完整证据索引	全量检索没有现行非 fuzzy 可用译文先例；没有匹配译文。原概念释义可理解，缺乏足够 NLS 证据时保守保留，不作全局替换。	target-links.jsonl#T0290; 0 messages / 0 clusters	保留；NLS 证据不足	第一轮：全量检索、概念及语境评估	nls-v1	term-evidence.jsonl#T0290	0	同英文/context/plural/form/中文合并，保留全部版本/组件位置；不算独立人类佐证
T0291	logical decoding	逻辑解码	逻辑解码	保留	PostgreSQL 对应技术概念的说明文字；机器标识、命令、参数与字面值按原文保留。	"starting logical decoding for slot ""%s"" → 开始为槽""%s""进行逻辑解码 [TE-d79cf27b09b3e3157b71] | logical decoding requires wal_level >= logical → 逻辑解码要求wal_level >= logical [TE-b597ca1d2225690f36bc] | logical decoding requires a database connection → 逻辑解码需要一个数据库连接 [TE-8de33ff47af32f76b31f]"	现行译文检索中可见源中文，原概念释义可用，未发现必须全局替换的依据；检索中文子串不等于词对齐或消息语义批准。	target-links.jsonl#T0291; 25 messages / 7 clusters	保留；有检索先例	第一轮：全量检索、概念及语境评估	nls-v1	term-evidence.jsonl#T0291	12	同英文/context/plural/form/中文合并，保留全部版本/组件位置；不算独立人类佐证
T0292	logical replication	逻辑复制	逻辑复制	保留	PostgreSQL 对应技术概念的说明文字；机器标识、命令、参数与字面值按原文保留。	logical replication launcher started → 逻辑复制启动程序已启动 [TE-16624c6ee4e94bbf4e52] | out of logical replication worker slots → 逻辑复制工作槽不足 [TE-1372aaf48dc38222760c] | logical replication launcher shutting down → 逻辑复制启动程序正在关闭 [TE-f560e0caeefdb34dddfb]	现行译文检索中可见源中文，原概念释义可用，未发现必须全局替换的依据；检索中文子串不等于词对齐或消息语义批准。	target-links.jsonl#T0292; 79 messages / 11 clusters	保留；有检索先例	第一轮：全量检索、概念及语境评估	nls-v1	term-evidence.jsonl#T0292	37	同英文/context/plural/form/中文合并，保留全部版本/组件位置；不算独立人类佐证
T0293	Logical Structure	逻辑结构	逻辑结构	保留	PostgreSQL 对应技术概念的说明文字；机器标识、命令、参数与字面值按原文保留。	未找到现行非 fuzzy 译文先例；见完整证据索引	全量检索没有现行非 fuzzy 可用译文先例；没有匹配译文。原概念释义可理解，缺乏足够 NLS 证据时保守保留，不作全局替换。	target-links.jsonl#T0293; 0 messages / 0 clusters	保留；NLS 证据不足	第一轮：全量检索、概念及语境评估	nls-v1	term-evidence.jsonl#T0293	0	同英文/context/plural/form/中文合并，保留全部版本/组件位置；不算独立人类佐证
T0294	loose coupling	松耦合	松耦合	保留	PostgreSQL 对应技术概念的说明文字；机器标识、命令、参数与字面值按原文保留。	未找到现行非 fuzzy 译文先例；见完整证据索引	全量检索没有现行非 fuzzy 可用译文先例；没有匹配译文。原概念释义可理解，缺乏足够 NLS 证据时保守保留，不作全局替换。	target-links.jsonl#T0294; 0 messages / 0 clusters	保留；NLS 证据不足	第一轮：全量检索、概念及语境评估	nls-v1	term-evidence.jsonl#T0294	0	同英文/context/plural/form/中文合并，保留全部版本/组件位置；不算独立人类佐证
T0295	Lost Update	丢失更新	丢失更新	保留	PostgreSQL 对应技术概念的说明文字；机器标识、命令、参数与字面值按原文保留。	未找到现行非 fuzzy 译文先例；见完整证据索引	全量检索没有现行非 fuzzy 可用译文先例；没有匹配译文。原概念释义可理解，缺乏足够 NLS 证据时保守保留，不作全局替换。	target-links.jsonl#T0295; 0 messages / 0 clusters	保留；NLS 证据不足	第一轮：全量检索、概念及语境评估	nls-v1	term-evidence.jsonl#T0295	0	同英文/context/plural/form/中文合并，保留全部版本/组件位置；不算独立人类佐证
T0296	LSN	日志序列号	日志序列号	保留并限定语境	保留 LSN 缩写，说明列可解释日志序列号；不得机械把每处 LSN 展开。	missing end LSN → 缺少结束LSN [TE-7a74b0d8d674d66265e7] | missing start LSN → 缺少起始LSN [TE-44264dead5839776aa62] | invalid target wal lsn → 无效的目标wal lsn [TE-23891fd397ad9aba3743]	存在可追溯现行译文对；已检查概念/句法/标识符区别，具体限定见适用语境。两列源释义保留，实际消息优先准确同簇既有表达。	target-links.jsonl#T0296; 70 messages / 19 clusters	本批按语境采用；不是人工批准	第一轮：全量检索、概念及语境评估	nls-v1	term-evidence.jsonl#T0296	14	同英文/context/plural/form/中文合并，保留全部版本/组件位置；不算独立人类佐证
T0297	LWW	最后写入胜出	最后写入胜出	保留	PostgreSQL 对应技术概念的说明文字；机器标识、命令、参数与字面值按原文保留。	未找到现行非 fuzzy 译文先例；见完整证据索引	全量检索没有现行非 fuzzy 可用译文先例；没有匹配译文。原概念释义可理解，缺乏足够 NLS 证据时保守保留，不作全局替换。	target-links.jsonl#T0297; 0 messages / 0 clusters	保留；NLS 证据不足	第一轮：全量检索、概念及语境评估	nls-v1	term-evidence.jsonl#T0297	0	同英文/context/plural/form/中文合并，保留全部版本/组件位置；不算独立人类佐证
T0298	main data	主数据	主数据	保留	PostgreSQL 对应技术概念的说明文字；机器标识、命令、参数与字面值按原文保留。	未找到现行非 fuzzy 译文先例；见完整证据索引	全量检索没有现行非 fuzzy 可用译文先例；没有匹配译文。原概念释义可理解，缺乏足够 NLS 证据时保守保留，不作全局替换。	target-links.jsonl#T0298; 0 messages / 0 clusters	保留；NLS 证据不足	第一轮：全量检索、概念及语境评估	nls-v1	term-evidence.jsonl#T0298	0	同英文/context/plural/form/中文合并，保留全部版本/组件位置；不算独立人类佐证
T0299	maintainability	可维护性	可维护性	保留	PostgreSQL 对应技术概念的说明文字；机器标识、命令、参数与字面值按原文保留。	未找到现行非 fuzzy 译文先例；见完整证据索引	全量检索没有现行非 fuzzy 可用译文先例；没有匹配译文。原概念释义可理解，缺乏足够 NLS 证据时保守保留，不作全局替换。	target-links.jsonl#T0299; 0 messages / 0 clusters	保留；NLS 证据不足	第一轮：全量检索、概念及语境评估	nls-v1	term-evidence.jsonl#T0299	0	同英文/context/plural/form/中文合并，保留全部版本/组件位置；不算独立人类佐证
T0300	marshalling	编组	编组	保留	PostgreSQL 对应技术概念的说明文字；机器标识、命令、参数与字面值按原文保留。	未找到现行非 fuzzy 译文先例；见完整证据索引	全量检索没有现行非 fuzzy 可用译文先例；没有匹配译文。原概念释义可理解，缺乏足够 NLS 证据时保守保留，不作全局替换。	target-links.jsonl#T0300; 0 messages / 0 clusters	保留；NLS 证据不足	第一轮：全量检索、概念及语境评估	nls-v1	term-evidence.jsonl#T0300	0	同英文/context/plural/form/中文合并，保留全部版本/组件位置；不算独立人类佐证
T0301	master	主库	主库	保留并限定语境	复制角色可主库/主服务器；旧消息中的 Master Server 沿用主服务器，不能推断所有 master 是数据库。	"Replication / Master Server → 复制/主服务器 [TE-ff46ff02da44a74dfce3] | Make sure the configuration parameter ""%s"" is set on the master server. → 确保在主服务器上配置参数 ""%s"" 已经被设置。 [TE-a5c15e3085038b4eaf3b] | Either set wal_level to ""replica"" on the master, or turn off hot_standby here. → 要么在主服务器上把 wal_level 设置为""replica"" ，要么在这里把 hot_standby 关闭。 [TE-fff7fe6997c8678dcdc5]"	存在可追溯现行译文对；已检查概念/句法/标识符区别，具体限定见适用语境。两列源释义保留，实际消息优先准确同簇既有表达。	target-links.jsonl#T0301; 0 messages / 0 clusters	本批按语境采用；不是人工批准	第一轮：全量检索、概念及语境评估	nls-v1	term-evidence.jsonl#T0301	7	同英文/context/plural/form/中文合并，保留全部版本/组件位置；不算独立人类佐证
T0302	master/slave	主库/从库	主库/从库	保留并限定语境	数据库角色说明主库/从库；机器标识、配置名称和代码中的 master/slave 保留。	未找到现行非 fuzzy 译文先例；见完整证据索引	全量检索没有现行非 fuzzy 可用译文先例；没有匹配译文。原概念释义可理解，缺乏足够 NLS 证据时保守保留，不作全局替换。	target-links.jsonl#T0302; 0 messages / 0 clusters	保留；NLS 证据不足	第一轮：全量检索、概念及语境评估	nls-v1	term-evidence.jsonl#T0302	0	同英文/context/plural/form/中文合并，保留全部版本/组件位置；不算独立人类佐证
T0303	materialization	物化	物化	保留并限定语境	物化；既有实体化按原消息保留但不作为新建议的首选模板。	Enables the planner's use of materialization. → 启用查询计划器的实体化使用. [TE-46432f82a0294fe1768b]	存在可追溯现行译文对；已检查概念/句法/标识符区别，具体限定见适用语境。两列源释义保留，实际消息优先准确同簇既有表达。	target-links.jsonl#T0303; 1 messages / 1 clusters	本批按语境采用；不是人工批准	第一轮：全量检索、概念及语境评估	nls-v1	term-evidence.jsonl#T0303	1	同英文/context/plural/form/中文合并，保留全部版本/组件位置；不算独立人类佐证
T0304	Materialize	物化	物化	保留	PostgreSQL 对应技术概念的说明文字；机器标识、命令、参数与字面值按原文保留。	table-function protocol for materialize mode was not followed → 没有跟随针对物化模式的表函数协议 [TE-630b58ed1d2d7426a15c] | materialize mode required, but it is not allowed in this context → 要求使用物化模式，但是在这种环境下不允许使用. [TE-2a97188e83fa6b95980f] | materialize mode required, but it is not allowed in this context → 要求物化模式，但是在这种环境下不允许使用 [TE-6809e732212953071188]	现行译文检索中可见源中文，原概念释义可用，未发现必须全局替换的依据；检索中文子串不等于词对齐或消息语义批准。	target-links.jsonl#T0304; 5 messages / 5 clusters	保留；有检索先例	第一轮：全量检索、概念及语境评估	nls-v1	term-evidence.jsonl#T0304	3	同英文/context/plural/form/中文合并，保留全部版本/组件位置；不算独立人类佐证
T0305	Materialized Merge Join	物化归并连接	物化归并连接	保留	PostgreSQL 对应技术概念的说明文字；机器标识、命令、参数与字面值按原文保留。	未找到现行非 fuzzy 译文先例；见完整证据索引	全量检索没有现行非 fuzzy 可用译文先例；没有匹配译文。原概念释义可理解，缺乏足够 NLS 证据时保守保留，不作全局替换。	target-links.jsonl#T0305; 0 messages / 0 clusters	保留；NLS 证据不足	第一轮：全量检索、概念及语境评估	nls-v1	term-evidence.jsonl#T0305	0	同英文/context/plural/form/中文合并，保留全部版本/组件位置；不算独立人类佐证
T0306	materialized nested loop join	物化嵌套循环连接	物化嵌套循环连接	保留	PostgreSQL 对应技术概念的说明文字；机器标识、命令、参数与字面值按原文保留。	未找到现行非 fuzzy 译文先例；见完整证据索引	全量检索没有现行非 fuzzy 可用译文先例；没有匹配译文。原概念释义可理解，缺乏足够 NLS 证据时保守保留，不作全局替换。	target-links.jsonl#T0306; 0 messages / 0 clusters	保留；NLS 证据不足	第一轮：全量检索、概念及语境评估	nls-v1	term-evidence.jsonl#T0306	0	同英文/context/plural/form/中文合并，保留全部版本/组件位置；不算独立人类佐证
T0307	Materializing conflicts	物化冲突	物化冲突	保留	PostgreSQL 对应技术概念的说明文字；机器标识、命令、参数与字面值按原文保留。	未找到现行非 fuzzy 译文先例；见完整证据索引	全量检索没有现行非 fuzzy 可用译文先例；没有匹配译文。原概念释义可理解，缺乏足够 NLS 证据时保守保留，不作全局替换。	target-links.jsonl#T0307; 0 messages / 0 clusters	保留；NLS 证据不足	第一轮：全量检索、概念及语境评估	nls-v1	term-evidence.jsonl#T0307	0	同英文/context/plural/form/中文合并，保留全部版本/组件位置；不算独立人类佐证
T0308	MCV	高频值	高频值	保留并限定语境	显示标签与 SQL 标识中的 MCV 保留；解释高频值，词表释义不是强制展开命令。	MCV → MCV [TE-e1a1a7ea4139a2b02795]	存在可追溯现行译文对；已检查概念/句法/标识符区别，具体限定见适用语境。两列源释义保留，实际消息优先准确同簇既有表达。	target-links.jsonl#T0308; 3 messages / 2 clusters	本批按语境采用；不是人工批准	第一轮：全量检索、概念及语境评估	nls-v1	term-evidence.jsonl#T0308	1	同英文/context/plural/form/中文合并，保留全部版本/组件位置；不算独立人类佐证
T0309	median	中位数	中位数	保留	PostgreSQL 对应技术概念的说明文字；机器标识、命令、参数与字面值按原文保留。	未找到现行非 fuzzy 译文先例；见完整证据索引	全量检索没有现行非 fuzzy 可用译文先例；没有匹配译文。原概念释义可理解，缺乏足够 NLS 证据时保守保留，不作全局替换。	target-links.jsonl#T0309; 0 messages / 0 clusters	保留；NLS 证据不足	第一轮：全量检索、概念及语境评估	nls-v1	term-evidence.jsonl#T0309	0	同英文/context/plural/form/中文合并，保留全部版本/组件位置；不算独立人类佐证
T0310	Merge Join	归并连接	归并连接	保留并限定语境	归并连接；合并联合等旧译有术语漂移，不以频次覆盖技术概念。	only binary operators can merge join → 只有二进制操作符可以合并联合 [TE-36612a8be54280f55ec8] | only boolean operators can merge join → 只有布尔类型操作符可以进行合并联合操作 [TE-f34c08bacea46c3f595a] | Enables the planner's use of merge join plans. → 启用查询计划器的合并连接计划. [TE-8e59030b51282cfc9d3d]	存在可追溯现行译文对；已检查概念/句法/标识符区别，具体限定见适用语境。两列源释义保留，实际消息优先准确同簇既有表达。	target-links.jsonl#T0310; 3 messages / 2 clusters	本批按语境采用；不是人工批准	第一轮：全量检索、概念及语境评估	nls-v1	term-evidence.jsonl#T0310	3	同英文/context/plural/form/中文合并，保留全部版本/组件位置；不算独立人类佐证
T0311	Merging Sorted Sets	归并有序集合	归并有序集合	保留	PostgreSQL 对应技术概念的说明文字；机器标识、命令、参数与字面值按原文保留。	未找到现行非 fuzzy 译文先例；见完整证据索引	全量检索没有现行非 fuzzy 可用译文先例；没有匹配译文。原概念释义可理解，缺乏足够 NLS 证据时保守保留，不作全局替换。	target-links.jsonl#T0311; 0 messages / 0 clusters	保留；NLS 证据不足	第一轮：全量检索、概念及语境评估	nls-v1	term-evidence.jsonl#T0311	0	同英文/context/plural/form/中文合并，保留全部版本/组件位置；不算独立人类佐证
T0312	migration	迁移	迁移	保留	PostgreSQL 对应技术概念的说明文字；机器标识、命令、参数与字面值按原文保留。	未找到现行非 fuzzy 译文先例；见完整证据索引	全量检索没有现行非 fuzzy 可用译文先例；没有匹配译文。原概念释义可理解，缺乏足够 NLS 证据时保守保留，不作全局替换。	target-links.jsonl#T0312; 0 messages / 0 clusters	保留；NLS 证据不足	第一轮：全量检索、概念及语境评估	nls-v1	term-evidence.jsonl#T0312	0	同英文/context/plural/form/中文合并，保留全部版本/组件位置；不算独立人类佐证
T0313	Minmax Classes	Minmax 操作符类	Minmax 操作符类	保留	PostgreSQL 对应技术概念的说明文字；机器标识、命令、参数与字面值按原文保留。	未找到现行非 fuzzy 译文先例；见完整证据索引	全量检索没有现行非 fuzzy 可用译文先例；没有匹配译文。原概念释义可理解，缺乏足够 NLS 证据时保守保留，不作全局替换。	target-links.jsonl#T0313; 0 messages / 0 clusters	保留；NLS 证据不足	第一轮：全量检索、概念及语境评估	nls-v1	term-evidence.jsonl#T0313	0	同英文/context/plural/form/中文合并，保留全部版本/组件位置；不算独立人类佐证
T0314	Minmax-Multi Classes	Minmax-Multi 操作符类	Minmax-Multi 操作符类	保留	PostgreSQL 对应技术概念的说明文字；机器标识、命令、参数与字面值按原文保留。	未找到现行非 fuzzy 译文先例；见完整证据索引	全量检索没有现行非 fuzzy 可用译文先例；没有匹配译文。原概念释义可理解，缺乏足够 NLS 证据时保守保留，不作全局替换。	target-links.jsonl#T0314; 0 messages / 0 clusters	保留；NLS 证据不足	第一轮：全量检索、概念及语境评估	nls-v1	term-evidence.jsonl#T0314	0	同英文/context/plural/form/中文合并，保留全部版本/组件位置；不算独立人类佐证
T0315	Miscellaneous Locks	杂项锁	杂项锁	保留	PostgreSQL 对应技术概念的说明文字；机器标识、命令、参数与字面值按原文保留。	未找到现行非 fuzzy 译文先例；见完整证据索引	全量检索没有现行非 fuzzy 可用译文先例；没有匹配译文。原概念释义可理解，缺乏足够 NLS 证据时保守保留，不作全局替换。	target-links.jsonl#T0315; 0 messages / 0 clusters	保留；NLS 证据不足	第一轮：全量检索、概念及语境评估	nls-v1	term-evidence.jsonl#T0315	0	同英文/context/plural/form/中文合并，保留全部版本/组件位置；不算独立人类佐证
T0316	monotonic reads	单调读	单调读	保留	PostgreSQL 对应技术概念的说明文字；机器标识、命令、参数与字面值按原文保留。	未找到现行非 fuzzy 译文先例；见完整证据索引	全量检索没有现行非 fuzzy 可用译文先例；没有匹配译文。原概念释义可理解，缺乏足够 NLS 证据时保守保留，不作全局替换。	target-links.jsonl#T0316; 0 messages / 0 clusters	保留；NLS 证据不足	第一轮：全量检索、概念及语境评估	nls-v1	term-evidence.jsonl#T0316	0	同英文/context/plural/form/中文合并，保留全部版本/组件位置；不算独立人类佐证
T0317	Most Common Value	高频值	高频值	保留	PostgreSQL 对应技术概念的说明文字；机器标识、命令、参数与字面值按原文保留。	未找到现行非 fuzzy 译文先例；见完整证据索引	全量检索没有现行非 fuzzy 可用译文先例；没有匹配译文。原概念释义可理解，缺乏足够 NLS 证据时保守保留，不作全局替换。	target-links.jsonl#T0317; 0 messages / 0 clusters	保留；NLS 证据不足	第一轮：全量检索、概念及语境评估	nls-v1	term-evidence.jsonl#T0317	0	同英文/context/plural/form/中文合并，保留全部版本/组件位置；不算独立人类佐证
T0318	Most Common Values	高频值	高频值	保留	PostgreSQL 对应技术概念的说明文字；机器标识、命令、参数与字面值按原文保留。	未找到现行非 fuzzy 译文先例；见完整证据索引	全量检索没有现行非 fuzzy 可用译文先例；没有匹配译文。原概念释义可理解，缺乏足够 NLS 证据时保守保留，不作全局替换。	target-links.jsonl#T0318; 0 messages / 0 clusters	保留；NLS 证据不足	第一轮：全量检索、概念及语境评估	nls-v1	term-evidence.jsonl#T0318	0	同英文/context/plural/form/中文合并，保留全部版本/组件位置；不算独立人类佐证
T0319	most_common_freqs	高频值频率	高频值频率	保留并限定语境	系统字段 most_common_freqs 原样保留；解释高频值频率。	未找到现行非 fuzzy 译文先例；见完整证据索引	全量检索没有现行非 fuzzy 可用译文先例；没有匹配译文。原概念释义可理解，缺乏足够 NLS 证据时保守保留，不作全局替换。	target-links.jsonl#T0319; 0 messages / 0 clusters	保留；NLS 证据不足	第一轮：全量检索、概念及语境评估	nls-v1	term-evidence.jsonl#T0319	0	同英文/context/plural/form/中文合并，保留全部版本/组件位置；不算独立人类佐证
T0320	most_common_vals	高频值	高频值	保留并限定语境	系统字段 most_common_vals 原样保留；解释高频值。	未找到现行非 fuzzy 译文先例；见完整证据索引	全量检索没有现行非 fuzzy 可用译文先例；没有匹配译文。原概念释义可理解，缺乏足够 NLS 证据时保守保留，不作全局替换。	target-links.jsonl#T0320; 0 messages / 0 clusters	保留；NLS 证据不足	第一轮：全量检索、概念及语境评估	nls-v1	term-evidence.jsonl#T0320	0	同英文/context/plural/form/中文合并，保留全部版本/组件位置；不算独立人类佐证
T0321	moving-aggregate mode	移动聚合模式	移动聚合模式	保留	PostgreSQL 对应技术概念的说明文字；机器标识、命令、参数与字面值按原文保留。	未找到现行非 fuzzy 译文先例；见完整证据索引	全量检索没有现行非 fuzzy 可用译文先例；没有匹配译文。原概念释义可理解，缺乏足够 NLS 证据时保守保留，不作全局替换。	target-links.jsonl#T0321; 0 messages / 0 clusters	保留；NLS 证据不足	第一轮：全量检索、概念及语境评估	nls-v1	term-evidence.jsonl#T0321	0	同英文/context/plural/form/中文合并，保留全部版本/组件位置；不算独立人类佐证
T0322	multi-table index cluster tables	多表索引簇表	多表索引簇表	保留	PostgreSQL 对应技术概念的说明文字；机器标识、命令、参数与字面值按原文保留。	未找到现行非 fuzzy 译文先例；见完整证据索引	全量检索没有现行非 fuzzy 可用译文先例；没有匹配译文。原概念释义可理解，缺乏足够 NLS 证据时保守保留，不作全局替换。	target-links.jsonl#T0322; 0 messages / 0 clusters	保留；NLS 证据不足	第一轮：全量检索、概念及语境评估	nls-v1	term-evidence.jsonl#T0322	0	同英文/context/plural/form/中文合并，保留全部版本/组件位置；不算独立人类佐证
T0323	Multi-version Concurrency Control	多版本并发控制	多版本并发控制	保留	PostgreSQL 对应技术概念的说明文字；机器标识、命令、参数与字面值按原文保留。	未找到现行非 fuzzy 译文先例；见完整证据索引	全量检索没有现行非 fuzzy 可用译文先例；没有匹配译文。原概念释义可理解，缺乏足够 NLS 证据时保守保留，不作全局替换。	target-links.jsonl#T0323; 0 messages / 0 clusters	保留；NLS 证据不足	第一轮：全量检索、概念及语境评估	nls-v1	term-evidence.jsonl#T0323	0	同英文/context/plural/form/中文合并，保留全部版本/组件位置；不算独立人类佐证
T0324	Multitransactions	多事务	多事务	保留并限定语境	按源码区分 MultiXact ID 与一般多事务；原文 multixact 标识保持，不可缩成普通单个事务。	multitransaction ID (-m) must not be 0 → 多事务ID（-m）不能为0 [TE-89be3cd9c240b023654b] | multitransaction offset (-O) must not be -1 → 多事务偏移量（-O）不能为-1 [TE-e629e66da64ac22bd626] | oldest multitransaction ID (-m) must not be 0 → 最早的多事务ID（-m）不能为0 [TE-82da0515f0d2bd4895bf]	存在可追溯现行译文对；已检查概念/句法/标识符区别，具体限定见适用语境。两列源释义保留，实际消息优先准确同簇既有表达。	target-links.jsonl#T0324; 5 messages / 1 clusters	本批按语境采用；不是人工批准	第一轮：全量检索、概念及语境评估	nls-v1	term-evidence.jsonl#T0324	5	同英文/context/plural/form/中文合并，保留全部版本/组件位置；不算独立人类佐证
T0325	Multivariate Statistics	多元统计信息	多元统计信息	保留	PostgreSQL 对应技术概念的说明文字；机器标识、命令、参数与字面值按原文保留。	未找到现行非 fuzzy 译文先例；见完整证据索引	全量检索没有现行非 fuzzy 可用译文先例；仅有 fuzzy/废弃线索，不能据此定为稳定译法。原概念释义可理解，缺乏足够 NLS 证据时保守保留，不作全局替换。	target-links.jsonl#T0325; 2 messages / 1 clusters	保留；NLS 证据不足	第一轮：全量检索、概念及语境评估	nls-v1	term-evidence.jsonl#T0325	0	同英文/context/plural/form/中文合并，保留全部版本/组件位置；不算独立人类佐证
T0326	multiversion concurrency control	多版本并发控制	多版本并发控制	保留	PostgreSQL 对应技术概念的说明文字；机器标识、命令、参数与字面值按原文保留。	未找到现行非 fuzzy 译文先例；见完整证据索引	全量检索没有现行非 fuzzy 可用译文先例；没有匹配译文。原概念释义可理解，缺乏足够 NLS 证据时保守保留，不作全局替换。	target-links.jsonl#T0326; 0 messages / 0 clusters	保留；NLS 证据不足	第一轮：全量检索、概念及语境评估	nls-v1	term-evidence.jsonl#T0326	0	同英文/context/plural/form/中文合并，保留全部版本/组件位置；不算独立人类佐证
T0327	MVCC	多版本并发控制	多版本并发控制	保留	PostgreSQL 对应技术概念的说明文字；机器标识、命令、参数与字面值按原文保留。	未找到现行非 fuzzy 译文先例；见完整证据索引	全量检索没有现行非 fuzzy 可用译文先例；没有匹配译文。原概念释义可理解，缺乏足够 NLS 证据时保守保留，不作全局替换。	target-links.jsonl#T0327; 0 messages / 0 clusters	保留；NLS 证据不足	第一轮：全量检索、概念及语境评估	nls-v1	term-evidence.jsonl#T0327	0	同英文/context/plural/form/中文合并，保留全部版本/组件位置；不算独立人类佐证
T0328	Nearest Neighbor Search	最近邻搜索	最近邻搜索	保留	PostgreSQL 对应技术概念的说明文字；机器标识、命令、参数与字面值按原文保留。	未找到现行非 fuzzy 译文先例；见完整证据索引	全量检索没有现行非 fuzzy 可用译文先例；没有匹配译文。原概念释义可理解，缺乏足够 NLS 证据时保守保留，不作全局替换。	target-links.jsonl#T0328; 0 messages / 0 clusters	保留；NLS 证据不足	第一轮：全量检索、概念及语境评估	nls-v1	term-evidence.jsonl#T0328	0	同英文/context/plural/form/中文合并，保留全部版本/组件位置；不算独立人类佐证
T0329	Nested Loop	嵌套循环	嵌套循环	保留	PostgreSQL 对应技术概念的说明文字；机器标识、命令、参数与字面值按原文保留。	未找到现行非 fuzzy 译文先例；见完整证据索引	全量检索没有现行非 fuzzy 可用译文先例；没有匹配译文。原概念释义可理解，缺乏足够 NLS 证据时保守保留，不作全局替换。	target-links.jsonl#T0329; 0 messages / 0 clusters	保留；NLS 证据不足	第一轮：全量检索、概念及语境评估	nls-v1	term-evidence.jsonl#T0329	0	同英文/context/plural/form/中文合并，保留全部版本/组件位置；不算独立人类佐证
T0330	Nested Loop Join	嵌套循环连接	嵌套循环连接	保留	PostgreSQL 对应技术概念的说明文字；机器标识、命令、参数与字面值按原文保留。	未找到现行非 fuzzy 译文先例；见完整证据索引	全量检索没有现行非 fuzzy 可用译文先例；没有匹配译文。原概念释义可理解，缺乏足够 NLS 证据时保守保留，不作全局替换。	target-links.jsonl#T0330; 0 messages / 0 clusters	保留；NLS 证据不足	第一轮：全量检索、概念及语境评估	nls-v1	term-evidence.jsonl#T0330	0	同英文/context/plural/form/中文合并，保留全部版本/组件位置；不算独立人类佐证
T0331	network partitions	网络分区	网络分区	保留	PostgreSQL 对应技术概念的说明文字；机器标识、命令、参数与字面值按原文保留。	未找到现行非 fuzzy 译文先例；见完整证据索引	全量检索没有现行非 fuzzy 可用译文先例；没有匹配译文。原概念释义可理解，缺乏足够 NLS 证据时保守保留，不作全局替换。	target-links.jsonl#T0331; 0 messages / 0 clusters	保留；NLS 证据不足	第一轮：全量检索、概念及语境评估	nls-v1	term-evidence.jsonl#T0331	0	同英文/context/plural/form/中文合并，保留全部版本/组件位置；不算独立人类佐证
T0332	No-Wait Locks	无等待加锁	无等待加锁	保留	PostgreSQL 对应技术概念的说明文字；机器标识、命令、参数与字面值按原文保留。	未找到现行非 fuzzy 译文先例；见完整证据索引	全量检索没有现行非 fuzzy 可用译文先例；没有匹配译文。原概念释义可理解，缺乏足够 NLS 证据时保守保留，不作全局替换。	target-links.jsonl#T0332; 0 messages / 0 clusters	保留；NLS 证据不足	第一轮：全量检索、概念及语境评估	nls-v1	term-evidence.jsonl#T0332	0	同英文/context/plural/form/中文合并，保留全部版本/组件位置；不算独立人类佐证
T0333	Non-Atomic Writes	非原子写	非原子写	保留	PostgreSQL 对应技术概念的说明文字；机器标识、命令、参数与字面值按原文保留。	未找到现行非 fuzzy 译文先例；见完整证据索引	全量检索没有现行非 fuzzy 可用译文先例；没有匹配译文。原概念释义可理解，缺乏足够 NLS 证据时保守保留，不作全局替换。	target-links.jsonl#T0333; 0 messages / 0 clusters	保留；NLS 证据不足	第一轮：全量检索、概念及语境评估	nls-v1	term-evidence.jsonl#T0333	0	同英文/context/plural/form/中文合并，保留全部版本/组件位置；不算独立人类佐证
T0334	Non-Equi-joins	非等值连接	非等值连接	保留	PostgreSQL 对应技术概念的说明文字；机器标识、命令、参数与字面值按原文保留。	未找到现行非 fuzzy 译文先例；见完整证据索引	全量检索没有现行非 fuzzy 可用译文先例；没有匹配译文。原概念释义可理解，缺乏足够 NLS 证据时保守保留，不作全局替换。	target-links.jsonl#T0334; 0 messages / 0 clusters	保留；NLS 证据不足	第一轮：全量检索、概念及语境评估	nls-v1	term-evidence.jsonl#T0334	0	同英文/context/plural/form/中文合并，保留全部版本/组件位置；不算独立人类佐证
T0335	Non-greedy	非贪婪	非贪婪	保留	PostgreSQL 对应技术概念的说明文字；机器标识、命令、参数与字面值按原文保留。	未找到现行非 fuzzy 译文先例；见完整证据索引	全量检索没有现行非 fuzzy 可用译文先例；没有匹配译文。原概念释义可理解，缺乏足够 NLS 证据时保守保留，不作全局替换。	target-links.jsonl#T0335; 0 messages / 0 clusters	保留；NLS 证据不足	第一轮：全量检索、概念及语境评估	nls-v1	term-evidence.jsonl#T0335	0	同英文/context/plural/form/中文合并，保留全部版本/组件位置；不算独立人类佐证
T0336	non-key	非键	非键	保留	PostgreSQL 对应技术概念的说明文字；机器标识、命令、参数与字面值按原文保留。	未找到现行非 fuzzy 译文先例；见完整证据索引	全量检索没有现行非 fuzzy 可用译文先例；没有匹配译文。原概念释义可理解，缺乏足够 NLS 证据时保守保留，不作全局替换。	target-links.jsonl#T0336; 0 messages / 0 clusters	保留；NLS 证据不足	第一轮：全量检索、概念及语境评估	nls-v1	term-evidence.jsonl#T0336	0	同英文/context/plural/form/中文合并，保留全部版本/组件位置；不算独立人类佐证
T0337	Non-Object Locks	非对象锁	非对象锁	保留	PostgreSQL 对应技术概念的说明文字；机器标识、命令、参数与字面值按原文保留。	未找到现行非 fuzzy 译文先例；见完整证据索引	全量检索没有现行非 fuzzy 可用译文先例；没有匹配译文。原概念释义可理解，缺乏足够 NLS 证据时保守保留，不作全局替换。	target-links.jsonl#T0337; 0 messages / 0 clusters	保留；NLS 证据不足	第一轮：全量检索、概念及语境评估	nls-v1	term-evidence.jsonl#T0337	0	同英文/context/plural/form/中文合并，保留全部版本/组件位置；不算独立人类佐证
T0338	Non-Parallelizable Queries	无法并行化的查询	无法并行化的查询	保留	PostgreSQL 对应技术概念的说明文字；机器标识、命令、参数与字面值按原文保留。	未找到现行非 fuzzy 译文先例；见完整证据索引	全量检索没有现行非 fuzzy 可用译文先例；没有匹配译文。原概念释义可理解，缺乏足够 NLS 证据时保守保留，不作全局替换。	target-links.jsonl#T0338; 0 messages / 0 clusters	保留；NLS 证据不足	第一轮：全量检索、概念及语境评估	nls-v1	term-evidence.jsonl#T0338	0	同英文/context/plural/form/中文合并，保留全部版本/组件位置；不算独立人类佐证
T0339	non-recursive term	非递归项	非递归项	保留并限定语境	递归查询的非递归项；term 不是术语，且 non- 否定不能被相似检索抹除。	"Cast the output of the non-recursive term to the correct type. → 将非递归术语的输出指派为正确的类型 [TE-a776860e0577c1a1d1f4] | Use the COLLATE clause to set the collation of the non-recursive term. → 使用COLLATE子句设置非递归项的排序规则. [TE-80df3c0d70bc228c34f5] | recursive reference to query ""%s"" must not appear within its non-recursive term → 对查询 ""%s"" 的递归引用不能出现在它的非递归形式中 [TE-0e4fa68a2790dd213db3]"	存在可追溯现行译文对；已检查概念/句法/标识符区别，具体限定见适用语境。两列源释义保留，实际消息优先准确同簇既有表达。	target-links.jsonl#T0339; 5 messages / 1 clusters	本批按语境采用；不是人工批准	第一轮：全量检索、概念及语境评估	nls-v1	term-evidence.jsonl#T0339	5	同英文/context/plural/form/中文合并，保留全部版本/组件位置；不算独立人类佐证
T0340	Non-Repeatable Read	不可重复读	不可重复读	保留	PostgreSQL 对应技术概念的说明文字；机器标识、命令、参数与字面值按原文保留。	未找到现行非 fuzzy 译文先例；见完整证据索引	全量检索没有现行非 fuzzy 可用译文先例；没有匹配译文。原概念释义可理解，缺乏足够 NLS 证据时保守保留，不作全局替换。	target-links.jsonl#T0340; 0 messages / 0 clusters	保留；NLS 证据不足	第一轮：全量检索、概念及语境评估	nls-v1	term-evidence.jsonl#T0340	0	同英文/context/plural/form/中文合并，保留全部版本/组件位置；不算独立人类佐证
T0341	non-reserved	非保留	非保留	保留	PostgreSQL 对应技术概念的说明文字；机器标识、命令、参数与字面值按原文保留。	未找到现行非 fuzzy 译文先例；见完整证据索引	全量检索没有现行非 fuzzy 可用译文先例；没有匹配译文。原概念释义可理解，缺乏足够 NLS 证据时保守保留，不作全局替换。	target-links.jsonl#T0341; 0 messages / 0 clusters	保留；NLS 证据不足	第一轮：全量检索、概念及语境评估	nls-v1	term-evidence.jsonl#T0341	0	同英文/context/plural/form/中文合并，保留全部版本/组件位置；不算独立人类佐证
T0342	NULL Values	空值	空值	保留并限定语境	普通说明为空值；SQL NULL 关键字原样保留，NULL 与 empty string/0 不等价。	"column ""%s"" contains null values → 字段 ""%s"" 包含空值 [TE-f3e44b11dd7f1dec0df6] | domain %s does not allow null values → 域 %s 不允许空值 [TE-21f7c59d044345417d26] | null value not allowed for object key → 空值不能用于对象的键当中 [TE-726cdf176d3512cc53ad]"	存在可追溯现行译文对；已检查概念/句法/标识符区别，具体限定见适用语境。两列源释义保留，实际消息优先准确同簇既有表达。	target-links.jsonl#T0342; 22 messages / 9 clusters	本批按语境采用；不是人工批准	第一轮：全量检索、概念及语境评估	nls-v1	term-evidence.jsonl#T0342	15	同英文/context/plural/form/中文合并，保留全部版本/组件位置；不算独立人类佐证
T0343	OAuth Token	OAuth 令牌	OAuth 令牌	保留并限定语境	OAuth 身份凭证为令牌；不混入 JSON/词法词元规则。	未找到现行非 fuzzy 译文先例；见完整证据索引	全量检索没有现行非 fuzzy 可用译文先例；没有匹配译文。原概念释义可理解，缺乏足够 NLS 证据时保守保留，不作全局替换。	target-links.jsonl#T0343; 2 messages / 2 clusters	保留；NLS 证据不足	第一轮：全量检索、概念及语境评估	nls-v1	term-evidence.jsonl#T0343	0	同英文/context/plural/form/中文合并，保留全部版本/组件位置；不算独立人类佐证
T0344	Object Identifiers	对象标识符	对象标识符	保留	PostgreSQL 对应技术概念的说明文字；机器标识、命令、参数与字面值按原文保留。	未找到现行非 fuzzy 译文先例；见完整证据索引	全量检索没有现行非 fuzzy 可用译文先例；没有匹配译文。原概念释义可理解，缺乏足够 NLS 证据时保守保留，不作全局替换。	target-links.jsonl#T0344; 0 messages / 0 clusters	保留；NLS 证据不足	第一轮：全量检索、概念及语境评估	nls-v1	term-evidence.jsonl#T0344	0	同英文/context/plural/form/中文合并，保留全部版本/组件位置；不算独立人类佐证
T0345	OCC	乐观并发控制	乐观并发控制	保留	PostgreSQL 对应技术概念的说明文字；机器标识、命令、参数与字面值按原文保留。	未找到现行非 fuzzy 译文先例；见完整证据索引	全量检索没有现行非 fuzzy 可用译文先例；没有匹配译文。原概念释义可理解，缺乏足够 NLS 证据时保守保留，不作全局替换。	target-links.jsonl#T0345; 0 messages / 0 clusters	保留；NLS 证据不足	第一轮：全量检索、概念及语境评估	nls-v1	term-evidence.jsonl#T0345	0	同英文/context/plural/form/中文合并，保留全部版本/组件位置；不算独立人类佐证
T0346	offset number	偏移号	偏移号	保留	PostgreSQL 对应技术概念的说明文字；机器标识、命令、参数与字面值按原文保留。	未找到现行非 fuzzy 译文先例；见完整证据索引	全量检索没有现行非 fuzzy 可用译文先例；没有匹配译文。原概念释义可理解，缺乏足够 NLS 证据时保守保留，不作全局替换。	target-links.jsonl#T0346; 0 messages / 0 clusters	保留；NLS 证据不足	第一轮：全量检索、概念及语境评估	nls-v1	term-evidence.jsonl#T0346	0	同英文/context/plural/form/中文合并，保留全部版本/组件位置；不算独立人类佐证
T0347	OID	对象标识符	对象标识符	保留并限定语境	保留 OID 缩写/标识符；中文说明对象标识符。	OID out of range → OID 超出范围 [TE-37925262c314ba769504] | invalid role OID: %u → 无效的角色OID:%u [TE-e1e8832767eb8558f607] | OID (-o) must not be 0 → OID (-o)不能为0 [TE-a8a8d6efafa71f864791]	存在可追溯现行译文对；已检查概念/句法/标识符区别，具体限定见适用语境。两列源释义保留，实际消息优先准确同簇既有表达。	target-links.jsonl#T0347; 88 messages / 29 clusters	本批按语境采用；不是人工批准	第一轮：全量检索、概念及语境评估	nls-v1	term-evidence.jsonl#T0347	77	同英文/context/plural/form/中文合并，保留全部版本/组件位置；不算独立人类佐证
T0348	operator	操作符	操作符	保留并限定语境	postgres 新候选操作符；psql 原有效运算子可保留；不把 operator class 的 class 解成普通程序类。	Operator → 运算子 [TE-0dbfe570eb98fea802ce] | operator → 运算子 [TE-2896de376ee8e14d096f] | operator %s → 操作符 %s [TE-45c345eca298eabb27d6]	存在可追溯现行译文对；已检查概念/句法/标识符区别，具体限定见适用语境。两列源释义保留，实际消息优先准确同簇既有表达。	target-links.jsonl#T0348; 183 messages / 24 clusters	本批按语境采用；不是人工批准	第一轮：全量检索、概念及语境评估	nls-v1	term-evidence.jsonl#T0348	155	同英文/context/plural/form/中文合并，保留全部版本/组件位置；不算独立人类佐证
T0349	operator class	操作符类	操作符类	保留并限定语境	操作符类；psql 原有效运算子类别等显示变体只在该上下文保留，命令 OPERATOR CLASS 不改。	Operator class → 操作符类 [TE-76c31a25c72ee664403e] | operator class → 操作符类 [TE-b125e4352bbd5f6b209a] | remove an operator class → 移除一个运算子类别 [TE-8aa6baf29545bf729894]	存在可追溯现行译文对；已检查概念/句法/标识符区别，具体限定见适用语境。两列源释义保留，实际消息优先准确同簇既有表达。	target-links.jsonl#T0349; 38 messages / 11 clusters	本批按语境采用；不是人工批准	第一轮：全量检索、概念及语境评估	nls-v1	term-evidence.jsonl#T0349	31	同英文/context/plural/form/中文合并，保留全部版本/组件位置；不算独立人类佐证
T0350	operator family	操作符族	操作符族	保留并限定语境	词表术语操作符族保留；postgres 现有同簇操作符家族与 psql 运算子家族准确时优先沿用，不跨组件强制改写。	Operator family → 操作符家族 [TE-a534299ef3152e57e606] | operator family → 操作符家族 [TE-e1484206b03d17269e4b] | List of operator families → 运算子系列列表 [TE-543e4885487f5f1460fb]	存在可追溯现行译文对；已检查概念/句法/标识符区别，具体限定见适用语境。两列源释义保留，实际消息优先准确同簇既有表达。	target-links.jsonl#T0350; 49 messages / 13 clusters	本批按语境采用；不是人工批准	第一轮：全量检索、概念及语境评估	nls-v1	term-evidence.jsonl#T0350	46	同英文/context/plural/form/中文合并，保留全部版本/组件位置；不算独立人类佐证
T0351	Optimistic Concurrency Control	乐观并发控制	乐观并发控制	保留	PostgreSQL 对应技术概念的说明文字；机器标识、命令、参数与字面值按原文保留。	未找到现行非 fuzzy 译文先例；见完整证据索引	全量检索没有现行非 fuzzy 可用译文先例；没有匹配译文。原概念释义可理解，缺乏足够 NLS 证据时保守保留，不作全局替换。	target-links.jsonl#T0351; 0 messages / 0 clusters	保留；NLS 证据不足	第一轮：全量检索、概念及语境评估	nls-v1	term-evidence.jsonl#T0351	0	同英文/context/plural/form/中文合并，保留全部版本/组件位置；不算独立人类佐证
T0352	ordered-set aggregate	有序集聚合	有序集聚合	保留并限定语境	有序集聚合；不可遗漏 ordered-set 与普通聚合的限定差异，WITHIN GROUP 为 SQL 关键字。	"""%s"" is an ordered-set aggregate. → ""%s"" 是一个有序集聚合函数. [TE-b9b79ad781c6f18919bc] | only ordered-set aggregates can be hypothetical → 只有有序集聚焦函数可用被用于判定 [TE-5c4b94ff910ea77ababf] | OVER is not supported for ordered-set aggregate %s → OVER不能用于有序聚集函数 %s中 [TE-85426c05a51e97adcb04]"	存在可追溯现行译文对；已检查概念/句法/标识符区别，具体限定见适用语境。两列源释义保留，实际消息优先准确同簇既有表达。	target-links.jsonl#T0352; 10 messages / 4 clusters	本批按语境采用；不是人工批准	第一轮：全量检索、概念及语境评估	nls-v1	term-evidence.jsonl#T0352	10	同英文/context/plural/form/中文合并，保留全部版本/组件位置；不算独立人类佐证
T0353	ordering	顺序	顺序	保留并限定语境	排序操作/排序操作符为排序；byte ordering 是字节序，顺序是抽象序，不强制同一中文。	ordering → 排序 [TE-a5f493abb4dfe71d06f1] | byte ordering mismatch → 字节排序不匹配 [TE-81f292ced75bbea73963] | operator %s is not a valid ordering operator → 操作符%s不时有效的排序操作符 [TE-a6ba756b0c5b040d5f5d]	存在可追溯现行译文对；已检查概念/句法/标识符区别，具体限定见适用语境。两列源释义保留，实际消息优先准确同簇既有表达。	target-links.jsonl#T0353; 37 messages / 16 clusters	本批按语境采用；不是人工批准	第一轮：全量检索、概念及语境评估	nls-v1	term-evidence.jsonl#T0353	12	同英文/context/plural/form/中文合并，保留全部版本/组件位置；不算独立人类佐证
T0354	Other Data Types	其他数据类型	其他数据类型	保留	PostgreSQL 对应技术概念的说明文字；机器标识、命令、参数与字面值按原文保留。	未找到现行非 fuzzy 译文先例；见完整证据索引	全量检索没有现行非 fuzzy 可用译文先例；没有匹配译文。原概念释义可理解，缺乏足够 NLS 证据时保守保留，不作全局替换。	target-links.jsonl#T0354; 0 messages / 0 clusters	保留；NLS 证据不足	第一轮：全量检索、概念及语境评估	nls-v1	term-evidence.jsonl#T0354	0	同英文/context/plural/form/中文合并，保留全部版本/组件位置；不算独立人类佐证
T0355	Other Rebuilding Methods	其他重建方式	其他重建方式	保留	PostgreSQL 对应技术概念的说明文字；机器标识、命令、参数与字面值按原文保留。	未找到现行非 fuzzy 译文先例；见完整证据索引	全量检索没有现行非 fuzzy 可用译文先例；没有匹配译文。原概念释义可理解，缺乏足够 NLS 证据时保守保留，不作全局替换。	target-links.jsonl#T0355; 0 messages / 0 clusters	保留；NLS 证据不足	第一轮：全量检索、概念及语境评估	nls-v1	term-evidence.jsonl#T0355	0	同英文/context/plural/form/中文合并，保留全部版本/组件位置；不算独立人类佐证
T0356	Outer Joins	外连接	外连接	保留	PostgreSQL 对应技术概念的说明文字；机器标识、命令、参数与字面值按原文保留。	"%s cannot be applied to the nullable side of an outer join → %s 不能用于外连接中的空值一边 [TE-3185b92750bf2bb6af5f] | recursive reference to query ""%s"" must not appear within an outer join → 对查询 ""%s"" 的递归引用不能出现在外连接中 [TE-cbf3188c336ab083d89d]"	现行译文检索中可见源中文，原概念释义可用，未发现必须全局替换的依据；检索中文子串不等于词对齐或消息语义批准。	target-links.jsonl#T0356; 2 messages / 2 clusters	保留；有检索先例	第一轮：全量检索、概念及语境评估	nls-v1	term-evidence.jsonl#T0356	2	同英文/context/plural/form/中文合并，保留全部版本/组件位置；不算独立人类佐证
T0357	Page Header	页头	页头	保留并限定语境	页头；页头部是现行显示变体，页头不是整个数据页。	Continues processing past damaged page headers. → 继续处理已损坏的页头. [TE-b35f6374027cd721c7c9] | WAL file is from different database system: incorrect XLOG_BLCKSZ in page header → WAL文件来自于不同的数据库系统：页头部中有不正确的XLOG_BLCKSZ [TE-ce4d06f5adbe671b8e1a] | WAL file is from different database system: incorrect XLOG_BLCKSZ in page header → WAL文件来自于不同的数据库系统：页头部中的XLOG_BLCKSZ不正确 [TE-5e0f1a35a9c3451d684f]	存在可追溯现行译文对；已检查概念/句法/标识符区别，具体限定见适用语境。两列源释义保留，实际消息优先准确同簇既有表达。	target-links.jsonl#T0357; 8 messages / 4 clusters	本批按语境采用；不是人工批准	第一轮：全量检索、概念及语境评估	nls-v1	term-evidence.jsonl#T0357	6	同英文/context/plural/form/中文合并，保留全部版本/组件位置；不算独立人类佐证
T0358	Page Layout	页面布局	页面布局	保留	PostgreSQL 对应技术概念的说明文字；机器标识、命令、参数与字面值按原文保留。	未找到现行非 fuzzy 译文先例；见完整证据索引	全量检索没有现行非 fuzzy 可用译文先例；没有匹配译文。原概念释义可理解，缺乏足够 NLS 证据时保守保留，不作全局替换。	target-links.jsonl#T0358; 0 messages / 0 clusters	保留；NLS 证据不足	第一轮：全量检索、概念及语境评估	nls-v1	term-evidence.jsonl#T0358	0	同英文/context/plural/form/中文合并，保留全部版本/组件位置；不算独立人类佐证
T0359	Page Locks	页锁	页锁	保留	PostgreSQL 对应技术概念的说明文字；机器标识、命令、参数与字面值按原文保留。	未找到现行非 fuzzy 译文先例；见完整证据索引	全量检索没有现行非 fuzzy 可用译文先例；没有匹配译文。原概念释义可理解，缺乏足够 NLS 证据时保守保留，不作全局替换。	target-links.jsonl#T0359; 0 messages / 0 clusters	保留；NLS 证据不足	第一轮：全量检索、概念及语境评估	nls-v1	term-evidence.jsonl#T0359	0	同英文/context/plural/form/中文合并，保留全部版本/组件位置；不算独立人类佐证
T0360	Page Pruning	页内剪枝	页内剪枝	保留	PostgreSQL 对应技术概念的说明文字；机器标识、命令、参数与字面值按原文保留。	未找到现行非 fuzzy 译文先例；见完整证据索引	全量检索没有现行非 fuzzy 可用译文先例；没有匹配译文。原概念释义可理解，缺乏足够 NLS 证据时保守保留，不作全局替换。	target-links.jsonl#T0360; 0 messages / 0 clusters	保留；NLS 证据不足	第一轮：全量检索、概念及语境评估	nls-v1	term-evidence.jsonl#T0360	0	同英文/context/plural/form/中文合并，保留全部版本/组件位置；不算独立人类佐证
T0361	page replacement algorithms	页面置换算法	页面置换算法	保留	PostgreSQL 对应技术概念的说明文字；机器标识、命令、参数与字面值按原文保留。	未找到现行非 fuzzy 译文先例；见完整证据索引	全量检索没有现行非 fuzzy 可用译文先例；没有匹配译文。原概念释义可理解，缺乏足够 NLS 证据时保守保留，不作全局替换。	target-links.jsonl#T0361; 0 messages / 0 clusters	保留；NLS 证据不足	第一轮：全量检索、概念及语境评估	nls-v1	term-evidence.jsonl#T0361	0	同英文/context/plural/form/中文合并，保留全部版本/组件位置；不算独立人类佐证
T0362	Page Structure	页面结构	页面结构	保留	PostgreSQL 对应技术概念的说明文字；机器标识、命令、参数与字面值按原文保留。	未找到现行非 fuzzy 译文先例；见完整证据索引	全量检索没有现行非 fuzzy 可用译文先例；没有匹配译文。原概念释义可理解，缺乏足够 NLS 证据时保守保留，不作全局替换。	target-links.jsonl#T0362; 0 messages / 0 clusters	保留；NLS 证据不足	第一轮：全量检索、概念及语境评估	nls-v1	term-evidence.jsonl#T0362	0	同英文/context/plural/form/中文合并，保留全部版本/组件位置；不算独立人类佐证
T0363	pages	页	页	保留并限定语境	存储页用页/页面按同簇；huge pages 是大页/大页面，不能误成磁盘数据页。	%u frozen page.\n → %u个冻结页面.\n [TE-db39b3ec8a90a5dd75f6] | %s home page: <%s>\n → %s 主页: <%s>\n [TE-935af3a9b84020fee07e] | disabling huge pages → 禁用大页面 [TE-6322ca0a8c217eb3a288]	存在可追溯现行译文对；已检查概念/句法/标识符区别，具体限定见适用语境。两列源释义保留，实际消息优先准确同簇既有表达。	target-links.jsonl#T0363; 130 messages / 41 clusters	本批按语境采用；不是人工批准	第一轮：全量检索、概念及语境评估	nls-v1	term-evidence.jsonl#T0363	80	同英文/context/plural/form/中文合并，保留全部版本/组件位置；不算独立人类佐证
T0364	parallel index build	并行索引构建	并行索引构建	保留	PostgreSQL 对应技术概念的说明文字；机器标识、命令、参数与字面值按原文保留。	未找到现行非 fuzzy 译文先例；见完整证据索引	全量检索没有现行非 fuzzy 可用译文先例；没有匹配译文。原概念释义可理解，缺乏足够 NLS 证据时保守保留，不作全局替换。	target-links.jsonl#T0364; 0 messages / 0 clusters	保留；NLS 证据不足	第一轮：全量检索、概念及语境评估	nls-v1	term-evidence.jsonl#T0364	0	同英文/context/plural/form/中文合并，保留全部版本/组件位置；不算独立人类佐证
T0365	Parallel Index Scans	并行索引扫描	并行索引扫描	保留	PostgreSQL 对应技术概念的说明文字；机器标识、命令、参数与字面值按原文保留。	未找到现行非 fuzzy 译文先例；见完整证据索引	全量检索没有现行非 fuzzy 可用译文先例；没有匹配译文。原概念释义可理解，缺乏足够 NLS 证据时保守保留，不作全局替换。	target-links.jsonl#T0365; 0 messages / 0 clusters	保留；NLS 证据不足	第一轮：全量检索、概念及语境评估	nls-v1	term-evidence.jsonl#T0365	0	同英文/context/plural/form/中文合并，保留全部版本/组件位置；不算独立人类佐证
T0366	Parallel Mode	并行模式	并行模式	保留	PostgreSQL 对应技术概念的说明文字；机器标识、命令、参数与字面值按原文保留。	未找到现行非 fuzzy 译文先例；见完整证据索引	全量检索没有现行非 fuzzy 可用译文先例；没有匹配译文。原概念释义可理解，缺乏足够 NLS 证据时保守保留，不作全局替换。	target-links.jsonl#T0366; 0 messages / 0 clusters	保留；NLS 证据不足	第一轮：全量检索、概念及语境评估	nls-v1	term-evidence.jsonl#T0366	0	同英文/context/plural/form/中文合并，保留全部版本/组件位置；不算独立人类佐证
T0367	Parallel Plans	并行计划	并行计划	保留	PostgreSQL 对应技术概念的说明文字；机器标识、命令、参数与字面值按原文保留。	未找到现行非 fuzzy 译文先例；见完整证据索引	全量检索没有现行非 fuzzy 可用译文先例；没有匹配译文。原概念释义可理解，缺乏足够 NLS 证据时保守保留，不作全局替换。	target-links.jsonl#T0367; 0 messages / 0 clusters	保留；NLS 证据不足	第一轮：全量检索、概念及语境评估	nls-v1	term-evidence.jsonl#T0367	0	同英文/context/plural/form/中文合并，保留全部版本/组件位置；不算独立人类佐证
T0368	Parallel Sequential Scans	并行顺序扫描	并行顺序扫描	保留	PostgreSQL 对应技术概念的说明文字；机器标识、命令、参数与字面值按原文保留。	未找到现行非 fuzzy 译文先例；见完整证据索引	全量检索没有现行非 fuzzy 可用译文先例；没有匹配译文。原概念释义可理解，缺乏足够 NLS 证据时保守保留，不作全局替换。	target-links.jsonl#T0368; 0 messages / 0 clusters	保留；NLS 证据不足	第一轮：全量检索、概念及语境评估	nls-v1	term-evidence.jsonl#T0368	0	同英文/context/plural/form/中文合并，保留全部版本/组件位置；不算独立人类佐证
T0369	Parameter Binding	参数绑定	参数绑定	保留	PostgreSQL 对应技术概念的说明文字；机器标识、命令、参数与字面值按原文保留。	未找到现行非 fuzzy 译文先例；见完整证据索引	全量检索没有现行非 fuzzy 可用译文先例；没有匹配译文。原概念释义可理解，缺乏足够 NLS 证据时保守保留，不作全局替换。	target-links.jsonl#T0369; 0 messages / 0 clusters	保留；NLS 证据不足	第一轮：全量检索、概念及语境评估	nls-v1	term-evidence.jsonl#T0369	0	同英文/context/plural/form/中文合并，保留全部版本/组件位置；不算独立人类佐证
T0370	parameterized (index) path	参数化（索引）路径	参数化（索引）路径	保留	PostgreSQL 对应技术概念的说明文字；机器标识、命令、参数与字面值按原文保留。	未找到现行非 fuzzy 译文先例；见完整证据索引	全量检索没有现行非 fuzzy 可用译文先例；没有匹配译文。原概念释义可理解，缺乏足够 NLS 证据时保守保留，不作全局替换。	target-links.jsonl#T0370; 0 messages / 0 clusters	保留；NLS 证据不足	第一轮：全量检索、概念及语境评估	nls-v1	term-evidence.jsonl#T0370	0	同英文/context/plural/form/中文合并，保留全部版本/组件位置；不算独立人类佐证
T0371	Parameterized Joins	参数化连接	参数化连接	保留	PostgreSQL 对应技术概念的说明文字；机器标识、命令、参数与字面值按原文保留。	未找到现行非 fuzzy 译文先例；见完整证据索引	全量检索没有现行非 fuzzy 可用译文先例；没有匹配译文。原概念释义可理解，缺乏足够 NLS 证据时保守保留，不作全局替换。	target-links.jsonl#T0371; 0 messages / 0 clusters	保留；NLS 证据不足	第一轮：全量检索、概念及语境评估	nls-v1	term-evidence.jsonl#T0371	0	同英文/context/plural/form/中文合并，保留全部版本/组件位置；不算独立人类佐证
T0372	parameterized path	参数化路径	参数化路径	保留	PostgreSQL 对应技术概念的说明文字；机器标识、命令、参数与字面值按原文保留。	未找到现行非 fuzzy 译文先例；见完整证据索引	全量检索没有现行非 fuzzy 可用译文先例；没有匹配译文。原概念释义可理解，缺乏足够 NLS 证据时保守保留，不作全局替换。	target-links.jsonl#T0372; 0 messages / 0 clusters	保留；NLS 证据不足	第一轮：全量检索、概念及语境评估	nls-v1	term-evidence.jsonl#T0372	0	同英文/context/plural/form/中文合并，保留全部版本/组件位置；不算独立人类佐证
T0373	parse tree	语法解析树	语法解析树	保留并限定语境	语法解析树；GUC 原有效分析树可保留；与计划树、查询重写结果的阶段区分。	Logs each query's parse tree. → 对每个查询的分析树进行日志记录 [TE-0e7bbd1fab3a5a19a442] | Logs each query's rewritten parse tree. → 对每个查询的重写分析树进行日志记录 [TE-fa49737f9c69eba1d79d]	存在可追溯现行译文对；已检查概念/句法/标识符区别，具体限定见适用语境。两列源释义保留，实际消息优先准确同簇既有表达。	target-links.jsonl#T0373; 4 messages / 1 clusters	本批按语境采用；不是人工批准	第一轮：全量检索、概念及语境评估	nls-v1	term-evidence.jsonl#T0373	2	同英文/context/plural/form/中文合并，保留全部版本/组件位置；不算独立人类佐证
T0374	Parser	解析器	解析器	保留并限定语境	一般解析器；psql 全文搜索解析器原有效剖析器可保留，SQL parser 与 analyzer 的阶段不混淆。	"\nParser: ""%s"" → \n剖析器：""%s"" [TE-b3dcd0ca102e89a589e9] | \nParser: ""%s.%s"" → \n剖析器：""%s.%s"" [TE-1d884d50bb989c9f53ed] | text search parser %s → 文本搜寻解析器 %s [TE-88feb02324c7413d120a]"	存在可追溯现行译文对；已检查概念/句法/标识符区别，具体限定见适用语境。两列源释义保留，实际消息优先准确同簇既有表达。	target-links.jsonl#T0374; 41 messages / 14 clusters	本批按语境采用；不是人工批准	第一轮：全量检索、概念及语境评估	nls-v1	term-evidence.jsonl#T0374	32	同英文/context/plural/form/中文合并，保留全部版本/组件位置；不算独立人类佐证
T0375	partial aggregation	部分聚合	部分聚合	保留	PostgreSQL 对应技术概念的说明文字；机器标识、命令、参数与字面值按原文保留。	未找到现行非 fuzzy 译文先例；见完整证据索引	全量检索没有现行非 fuzzy 可用译文先例；没有匹配译文。原概念释义可理解，缺乏足够 NLS 证据时保守保留，不作全局替换。	target-links.jsonl#T0375; 0 messages / 0 clusters	保留；NLS 证据不足	第一轮：全量检索、概念及语境评估	nls-v1	term-evidence.jsonl#T0375	0	同英文/context/plural/form/中文合并，保留全部版本/组件位置；不算独立人类佐证
T0376	partial index	部分索引	部分索引	保留	PostgreSQL 对应技术概念的说明文字；机器标识、命令、参数与字面值按原文保留。	"""%s"" is a partial index → ""%s"" 是一个部分索引 [TE-92b3e21a24c7f08a03c7] | cannot cluster on partial index ""%s"" → 无法在部分索引 ""%s""上进行聚簇操作 [TE-e4f7b97d4c49226b103d] | cannot use partial index ""%s"" as replica identity → 不能将局部索引""%s""用作复制标识 [TE-2a9b2f504e4185cad7e2]"	现行译文检索中可见源中文，原概念释义可用，未发现必须全局替换的依据；检索中文子串不等于词对齐或消息语义批准。	target-links.jsonl#T0376; 3 messages / 2 clusters	保留；有检索先例	第一轮：全量检索、概念及语境评估	nls-v1	term-evidence.jsonl#T0376	3	同英文/context/plural/form/中文合并，保留全部版本/组件位置；不算独立人类佐证
T0377	Partial Mode	部分模式	部分模式	保留	PostgreSQL 对应技术概念的说明文字；机器标识、命令、参数与字面值按原文保留。	未找到现行非 fuzzy 译文先例；见完整证据索引	全量检索没有现行非 fuzzy 可用译文先例；没有匹配译文。原概念释义可理解，缺乏足够 NLS 证据时保守保留，不作全局替换。	target-links.jsonl#T0377; 0 messages / 0 clusters	保留；NLS 证据不足	第一轮：全量检索、概念及语境评估	nls-v1	term-evidence.jsonl#T0377	0	同英文/context/plural/form/中文合并，保留全部版本/组件位置；不算独立人类佐证
T0378	partition bounds	分区边界	分区边界	保留并限定语境	分区边界；旧译分区绑定混淆 bound 与 bind，不作为直接模板。	"cannot use subquery in partition bound → 无法在分区绑定中使用子查询 [TE-66224a9dc08ae7bfe6f0] | window functions are not allowed in partition bound → 分区绑定中不允许使用窗口函数 [TE-a779808b4aafdeaacd8e] | unrecognized hash partition bound specification ""%s"" → 不可识别的哈希分区绑定规范""%s"" [TE-9147c5db1d1814d0595f]"	存在可追溯现行译文对；已检查概念/句法/标识符区别，具体限定见适用语境。两列源释义保留，实际消息优先准确同簇既有表达。	target-links.jsonl#T0378; 8 messages / 3 clusters	本批按语境采用；不是人工批准	第一轮：全量检索、概念及语境评估	nls-v1	term-evidence.jsonl#T0378	9	同英文/context/plural/form/中文合并，保留全部版本/组件位置；不算独立人类佐证
T0379	partition key	分区键	分区键	保留	PostgreSQL 对应技术概念的说明文字；机器标识、命令、参数与字面值按原文保留。	Partition key: %s → 分区键值: %s [TE-e6bdba026545b7ae1d63] | cannot drop column named in partition key → 无法删除分区键中的命名列 [TE-b525f96e5bd78f24469f] | cannot use generated column in partition key → 无法在分区键中使用生成的列 [TE-5da8425e5e312d1336b9]	现行译文检索中可见源中文，原概念释义可用，未发现必须全局替换的依据；检索中文子串不等于词对齐或消息语义批准。	target-links.jsonl#T0379; 22 messages / 6 clusters	保留；有检索先例	第一轮：全量检索、概念及语境评估	nls-v1	term-evidence.jsonl#T0379	22	同英文/context/plural/form/中文合并，保留全部版本/组件位置；不算独立人类佐证
T0380	Partition pruning	分区剪枝	分区剪枝	保留并限定语境	分区剪枝；现有分区修剪可作为同簇显示变体；与 page pruning 不同对象。	Enable plan-time and run-time partition pruning. → 启用计划时间和运行时分区修剪. [TE-c9f2cc5bf9daebae8a8e]	存在可追溯现行译文对；已检查概念/句法/标识符区别，具体限定见适用语境。两列源释义保留，实际消息优先准确同簇既有表达。	target-links.jsonl#T0380; 1 messages / 1 clusters	本批按语境采用；不是人工批准	第一轮：全量检索、概念及语境评估	nls-v1	term-evidence.jsonl#T0380	1	同英文/context/plural/form/中文合并，保留全部版本/组件位置；不算独立人类佐证
T0381	partitioned table	分区表	分区表	保留	PostgreSQL 对应技术概念的说明文字；机器标识、命令、参数与字面值按原文保留。	"partitioned table → 分区表 [TE-b402a028c660ff335c06] | Partitioned table ""%s.%s"" → 分区表 ""%s.%s"" [TE-d5f72dcf889652347c0a] | List of partitioned tables → 分区表列表 [TE-c8841b87b2261c285a2c]"	现行译文检索中可见源中文，原概念释义可用，未发现必须全局替换的依据；检索中文子串不等于词对齐或消息语义批准。	target-links.jsonl#T0381; 44 messages / 7 clusters	保留；有检索先例	第一轮：全量检索、概念及语境评估	nls-v1	term-evidence.jsonl#T0381	34	同英文/context/plural/form/中文合并，保留全部版本/组件位置；不算独立人类佐证
T0382	partitioning	分区	分区	保留	PostgreSQL 对应技术概念的说明文字；机器标识、命令、参数与字面值按原文保留。	"unrecognized partitioning strategy ""%s"" → 无法识别的分区策略 ""%s"" [TE-0fe2937f9ed501579dab] | TO must specify exactly one value per partitioning column → TO必须为每个分区列指定一个值 [TE-27c0da4c0e11a77827e5] | Window partitioning columns must be of sortable datatypes. → 窗口分区列必须属于可排序的数据类型 [TE-3879f08cef89ce580a80]"	现行译文检索中可见源中文，原概念释义可用，未发现必须全局替换的依据；检索中文子串不等于词对齐或消息语义批准。	target-links.jsonl#T0382; 10 messages / 7 clusters	保留；有检索先例	第一轮：全量检索、概念及语境评估	nls-v1	term-evidence.jsonl#T0382	6	同英文/context/plural/form/中文合并，保留全部版本/组件位置；不算独立人类佐证
T0383	partitioning method	分区方法	分区方法	保留	PostgreSQL 对应技术概念的说明文字；机器标识、命令、参数与字面值按原文保留。	未找到现行非 fuzzy 译文先例；见完整证据索引	全量检索没有现行非 fuzzy 可用译文先例；没有匹配译文。原概念释义可理解，缺乏足够 NLS 证据时保守保留，不作全局替换。	target-links.jsonl#T0383; 0 messages / 0 clusters	保留；NLS 证据不足	第一轮：全量检索、概念及语境评估	nls-v1	term-evidence.jsonl#T0383	0	同英文/context/plural/form/中文合并，保留全部版本/组件位置；不算独立人类佐证
T0384	peer group	同等行组	同等行组	保留	PostgreSQL 对应技术概念的说明文字；机器标识、命令、参数与字面值按原文保留。	未找到现行非 fuzzy 译文先例；见完整证据索引	全量检索没有现行非 fuzzy 可用译文先例；没有匹配译文。原概念释义可理解，缺乏足够 NLS 证据时保守保留，不作全局替换。	target-links.jsonl#T0384; 0 messages / 0 clusters	保留；NLS 证据不足	第一轮：全量检索、概念及语境评估	nls-v1	term-evidence.jsonl#T0384	0	同英文/context/plural/form/中文合并，保留全部版本/组件位置；不算独立人类佐证
T0385	percentiles	百分位点	百分位点	保留并限定语境	百分位点；输入参数常为0到1的小数概率，不说它是0到100的百分比。	percentile value %g is not between 0 and 1 → 百分比值 %g 不在0和1之间 [TE-e020dd381163d5c1e2a3]	存在可追溯现行译文对；已检查概念/句法/标识符区别，具体限定见适用语境。两列源释义保留，实际消息优先准确同簇既有表达。	target-links.jsonl#T0385; 1 messages / 1 clusters	本批按语境采用；不是人工批准	第一轮：全量检索、概念及语境评估	nls-v1	term-evidence.jsonl#T0385	1	同英文/context/plural/form/中文合并，保留全部版本/组件位置；不算独立人类佐证
T0386	performance	性能	性能	保留	PostgreSQL 对应技术概念的说明文字；机器标识、命令、参数与字面值按原文保留。	Writes parser performance statistics to the server log. → 把分析器性能统计信息写入到服务器日志中. [TE-2c3ef26558cc015cb53f] | Writes planner performance statistics to the server log. → 把规划器性能统计信息写入到服务器日志中. [TE-435b87a557d6a4987571] | Writes executor performance statistics to the server log. → 把执行器 (executor) 性能统计信息写入到服务器日志中. [TE-f0ce60dcda3ab6e45ccd]	现行译文检索中可见源中文，原概念释义可用，未发现必须全局替换的依据；检索中文子串不等于词对齐或消息语义批准。	target-links.jsonl#T0386; 5 messages / 1 clusters	保留；有检索先例	第一轮：全量检索、概念及语境评估	nls-v1	term-evidence.jsonl#T0386	5	同英文/context/plural/form/中文合并，保留全部版本/组件位置；不算独立人类佐证
T0387	pd_checksum	页校验和	页校验和	保留并限定语境	页头 C 字段 pd_checksum 原样保留；说明页校验和。	未找到现行非 fuzzy 译文先例；见完整证据索引	全量检索没有现行非 fuzzy 可用译文先例；没有匹配译文。原概念释义可理解，缺乏足够 NLS 证据时保守保留，不作全局替换。	target-links.jsonl#T0387; 0 messages / 0 clusters	保留；NLS 证据不足	第一轮：全量检索、概念及语境评估	nls-v1	term-evidence.jsonl#T0387	0	同英文/context/plural/form/中文合并，保留全部版本/组件位置；不算独立人类佐证
T0388	pd_flags	页标志位	页标志位	保留并限定语境	页头 C 字段 pd_flags 原样保留；说明页标志位。	未找到现行非 fuzzy 译文先例；见完整证据索引	全量检索没有现行非 fuzzy 可用译文先例；没有匹配译文。原概念释义可理解，缺乏足够 NLS 证据时保守保留，不作全局替换。	target-links.jsonl#T0388; 0 messages / 0 clusters	保留；NLS 证据不足	第一轮：全量检索、概念及语境评估	nls-v1	term-evidence.jsonl#T0388	0	同英文/context/plural/form/中文合并，保留全部版本/组件位置；不算独立人类佐证
T0389	pg_lsn	日志序列号类型	日志序列号类型	保留并限定语境	SQL 类型名 pg_lsn 原样保留；说明日志序列号类型。	未找到现行非 fuzzy 译文先例；见完整证据索引	全量检索没有现行非 fuzzy 可用译文先例；仅有 fuzzy/废弃线索，不能据此定为稳定译法。原概念释义可理解，缺乏足够 NLS 证据时保守保留，不作全局替换。	target-links.jsonl#T0389; 3 messages / 1 clusters	保留；NLS 证据不足	第一轮：全量检索、概念及语境评估	nls-v1	term-evidence.jsonl#T0389	0	同英文/context/plural/form/中文合并，保留全部版本/组件位置；不算独立人类佐证
T0390	Phantom Reads	幻读	幻读	保留	PostgreSQL 对应技术概念的说明文字；机器标识、命令、参数与字面值按原文保留。	未找到现行非 fuzzy 译文先例；见完整证据索引	全量检索没有现行非 fuzzy 可用译文先例；没有匹配译文。原概念释义可理解，缺乏足够 NLS 证据时保守保留，不作全局替换。	target-links.jsonl#T0390; 0 messages / 0 clusters	保留；NLS 证据不足	第一轮：全量检索、概念及语境评估	nls-v1	term-evidence.jsonl#T0390	0	同英文/context/plural/form/中文合并，保留全部版本/组件位置；不算独立人类佐证
T0391	phantoms	幻读	幻读	保留	PostgreSQL 对应技术概念的说明文字；机器标识、命令、参数与字面值按原文保留。	未找到现行非 fuzzy 译文先例；见完整证据索引	全量检索没有现行非 fuzzy 可用译文先例；没有匹配译文。原概念释义可理解，缺乏足够 NLS 证据时保守保留，不作全局替换。	target-links.jsonl#T0391; 0 messages / 0 clusters	保留；NLS 证据不足	第一轮：全量检索、概念及语境评估	nls-v1	term-evidence.jsonl#T0391	0	同英文/context/plural/form/中文合并，保留全部版本/组件位置；不算独立人类佐证
T0392	Physical Structure	物理结构	物理结构	保留	PostgreSQL 对应技术概念的说明文字；机器标识、命令、参数与字面值按原文保留。	未找到现行非 fuzzy 译文先例；见完整证据索引	全量检索没有现行非 fuzzy 可用译文先例；没有匹配译文。原概念释义可理解，缺乏足够 NLS 证据时保守保留，不作全局替换。	target-links.jsonl#T0392; 0 messages / 0 clusters	保留；NLS 证据不足	第一轮：全量检索、概念及语境评估	nls-v1	term-evidence.jsonl#T0392	0	同英文/context/plural/form/中文合并，保留全部版本/组件位置；不算独立人类佐证
T0393	pin count	钉住计数	钉住计数	保留	PostgreSQL 对应技术概念的说明文字；机器标识、命令、参数与字面值按原文保留。	未找到现行非 fuzzy 译文先例；见完整证据索引	全量检索没有现行非 fuzzy 可用译文先例；没有匹配译文。原概念释义可理解，缺乏足够 NLS 证据时保守保留，不作全局替换。	target-links.jsonl#T0393; 0 messages / 0 clusters	保留；NLS 证据不足	第一轮：全量检索、概念及语境评估	nls-v1	term-evidence.jsonl#T0393	0	同英文/context/plural/form/中文合并，保留全部版本/组件位置；不算独立人类佐证
T0394	pinned	钉住	钉住	保留并限定语境	缓冲区 pin 是钉住；portal pinned 可译固定，不能把缓冲池引用计数的解释套入所有对象。	"cannot drop pinned portal ""%s"" → 无法删除固定的portal ""%s"" [TE-cf883014ab3c66f220c8]"	存在可追溯现行译文对；已检查概念/句法/标识符区别，具体限定见适用语境。两列源释义保留，实际消息优先准确同簇既有表达。	target-links.jsonl#T0394; 1 messages / 1 clusters	本批按语境采用；不是人工批准	第一轮：全量检索、概念及语境评估	nls-v1	term-evidence.jsonl#T0394	1	同英文/context/plural/form/中文合并，保留全部版本/组件位置；不算独立人类佐证
T0395	PITR	时间点恢复	时间点恢复	保留	PostgreSQL 对应技术概念的说明文字；机器标识、命令、参数与字面值按原文保留。	未找到现行非 fuzzy 译文先例；见完整证据索引	全量检索没有现行非 fuzzy 可用译文先例；没有匹配译文。原概念释义可理解，缺乏足够 NLS 证据时保守保留，不作全局替换。	target-links.jsonl#T0395; 0 messages / 0 clusters	保留；NLS 证据不足	第一轮：全量检索、概念及语境评估	nls-v1	term-evidence.jsonl#T0395	0	同英文/context/plural/form/中文合并，保留全部版本/组件位置；不算独立人类佐证
T0396	plan node	计划节点	计划节点	保留	PostgreSQL 对应技术概念的说明文字；机器标识、命令、参数与字面值按原文保留。	未找到现行非 fuzzy 译文先例；见完整证据索引	全量检索没有现行非 fuzzy 可用译文先例；没有匹配译文。原概念释义可理解，缺乏足够 NLS 证据时保守保留，不作全局替换。	target-links.jsonl#T0396; 0 messages / 0 clusters	保留；NLS 证据不足	第一轮：全量检索、概念及语境评估	nls-v1	term-evidence.jsonl#T0396	0	同英文/context/plural/form/中文合并，保留全部版本/组件位置；不算独立人类佐证
T0397	plan tree	计划树	计划树	保留	PostgreSQL 对应技术概念的说明文字；机器标识、命令、参数与字面值按原文保留。	Indents parse and plan tree displays. → 显示缩进的解析和计划树 [TE-1b2b43888742ce378c75]	现行译文检索中可见源中文，原概念释义可用，未发现必须全局替换的依据；检索中文子串不等于词对齐或消息语义批准。	target-links.jsonl#T0397; 3 messages / 1 clusters	保留；有检索先例	第一轮：全量检索、概念及语境评估	nls-v1	term-evidence.jsonl#T0397	1	同英文/context/plural/form/中文合并，保留全部版本/组件位置；不算独立人类佐证
T0398	Planner	规划器	规划器	保留并限定语境	规划器/查询计划器按消息簇；计划员为疑似旧误译，不能作为专业候选。	Query Tuning / Other Planner Options → 查询调整 / 其它规划器选项 [TE-4d15c93919107c61726b] | Query Tuning / Planner Cost Constants → 查询调整 / Planner Cost Constants [TE-8f8de0a9973e1ab85d96] | Query Tuning / Planner Method Configuration → 查询调整 / 规划器方法配置 [TE-565415713fa1a755c512]	存在可追溯现行译文对；已检查概念/句法/标识符区别，具体限定见适用语境。两列源释义保留，实际消息优先准确同簇既有表达。	target-links.jsonl#T0398; 43 messages / 2 clusters	本批按语境采用；不是人工批准	第一轮：全量检索、概念及语境评估	nls-v1	term-evidence.jsonl#T0398	35	同英文/context/plural/form/中文合并，保留全部版本/组件位置；不算独立人类佐证
T0399	Pluggable Storage Engines	可插拔存储引擎	可插拔存储引擎	保留	PostgreSQL 对应技术概念的说明文字；机器标识、命令、参数与字面值按原文保留。	未找到现行非 fuzzy 译文先例；见完整证据索引	全量检索没有现行非 fuzzy 可用译文先例；没有匹配译文。原概念释义可理解，缺乏足够 NLS 证据时保守保留，不作全局替换。	target-links.jsonl#T0399; 0 messages / 0 clusters	保留；NLS 证据不足	第一轮：全量检索、概念及语境评估	nls-v1	term-evidence.jsonl#T0399	0	同英文/context/plural/form/中文合并，保留全部版本/组件位置；不算独立人类佐证
T0400	Point-In-Time Recovery	时间点恢复	时间点恢复	保留	PostgreSQL 对应技术概念的说明文字；机器标识、命令、参数与字面值按原文保留。	"starting point-in-time recovery to %s → 开始执行到%s的基于时间点恢复 [TE-97c561115e706c631c7f] | starting point-in-time recovery to ""%s"" → 开始执行到基于时间点恢复的时间点""%s"" [TE-d40a345d9e3c7bd638dc] | starting point-in-time recovery to XID %u → 开始执行到XID %u的基于时间点恢复 [TE-980d25a6cd9157775e58]"	现行译文检索中可见源中文，原概念释义可用，未发现必须全局替换的依据；检索中文子串不等于词对齐或消息语义批准。	target-links.jsonl#T0400; 5 messages / 1 clusters	保留；有检索先例	第一轮：全量检索、概念及语境评估	nls-v1	term-evidence.jsonl#T0400	5	同英文/context/plural/form/中文合并，保留全部版本/组件位置；不算独立人类佐证
T0401	postgres server process	postgres 服务器进程	postgres 服务器进程	保留	PostgreSQL 对应技术概念的说明文字；机器标识、命令、参数与字面值按原文保留。	未找到现行非 fuzzy 译文先例；见完整证据索引	全量检索没有现行非 fuzzy 可用译文先例；没有匹配译文。原概念释义可理解，缺乏足够 NLS 证据时保守保留，不作全局替换。	target-links.jsonl#T0401; 0 messages / 0 clusters	保留；NLS 证据不足	第一轮：全量检索、概念及语境评估	nls-v1	term-evidence.jsonl#T0401	0	同英文/context/plural/form/中文合并，保留全部版本/组件位置；不算独立人类佐证
T0402	PostgreSQL Server	PostgreSQL 服务器	PostgreSQL 服务器	保留	PostgreSQL 对应技术概念的说明文字；机器标识、命令、参数与字面值按原文保留。	%s is the PostgreSQL server.\n\n → %s 是 PostgreSQL 服务器.\n\n [TE-16a8f72abe8bf01e7ad3] | PID %d is not a PostgreSQL server process → PID %d 不是 PostgreSQL 服务器进程 [TE-28d3f3e5b80125193cfb] | %s takes a base backup of a running PostgreSQL server.\n\n → %s 在运行的PostgreSQL服务器上执行基础备份.\n\n [TE-450366b52999271afc10]	现行译文检索中可见源中文，原概念释义可用，未发现必须全局替换的依据；检索中文子串不等于词对齐或消息语义批准。	target-links.jsonl#T0402; 12 messages / 5 clusters	保留；有检索先例	第一轮：全量检索、概念及语境评估	nls-v1	term-evidence.jsonl#T0402	12	同英文/context/plural/form/中文合并，保留全部版本/组件位置；不算独立人类佐证
T0403	postings list	倒排列表	倒排列表	保留	PostgreSQL 对应技术概念的说明文字；机器标识、命令、参数与字面值按原文保留。	未找到现行非 fuzzy 译文先例；见完整证据索引	全量检索没有现行非 fuzzy 可用译文先例；没有匹配译文。原概念释义可理解，缺乏足够 NLS 证据时保守保留，不作全局替换。	target-links.jsonl#T0403; 0 messages / 0 clusters	保留；NLS 证据不足	第一轮：全量检索、概念及语境评估	nls-v1	term-evidence.jsonl#T0403	0	同英文/context/plural/form/中文合并，保留全部版本/组件位置；不算独立人类佐证
T0404	precedence graph	前驱图	前驱图	保留	PostgreSQL 对应技术概念的说明文字；机器标识、命令、参数与字面值按原文保留。	未找到现行非 fuzzy 译文先例；见完整证据索引	全量检索没有现行非 fuzzy 可用译文先例；没有匹配译文。原概念释义可理解，缺乏足够 NLS 证据时保守保留，不作全局替换。	target-links.jsonl#T0404; 0 messages / 0 clusters	保留；NLS 证据不足	第一轮：全量检索、概念及语境评估	nls-v1	term-evidence.jsonl#T0404	0	同英文/context/plural/form/中文合并，保留全部版本/组件位置；不算独立人类佐证
T0405	predicate lock	谓词锁	谓词锁	保留并限定语境	谓词锁；现行共享断言锁的描述含参数名错误，不能直接复用整句或把断言锁定为新标准。	Sets the maximum number of predicate locks per transaction. → 设置每一个事物的断言锁的最大个数. [TE-7600af32d807b0a36216] | The shared predicate lock table is sized on the assumption that at most max_pred_locks_per_transaction * max_connections distinct objects will need to be locked at any one time. → 共享断言锁表的大小是基于最多max_locks_per_transaction * max_connections个不同对象需要在任何时刻被锁定的假设来指定的. [TE-9b602f7a527eb4a4293f]	存在可追溯现行译文对；已检查概念/句法/标识符区别，具体限定见适用语境。两列源释义保留，实际消息优先准确同簇既有表达。	target-links.jsonl#T0405; 2 messages / 1 clusters	本批按语境采用；不是人工批准	第一轮：全量检索、概念及语境评估	nls-v1	term-evidence.jsonl#T0405	2	同英文/context/plural/form/中文合并，保留全部版本/组件位置；不算独立人类佐证
T0406	preferred types	首选类型	首选类型	保留	PostgreSQL 对应技术概念的说明文字；机器标识、命令、参数与字面值按原文保留。	未找到现行非 fuzzy 译文先例；见完整证据索引	全量检索没有现行非 fuzzy 可用译文先例；没有匹配译文。原概念释义可理解，缺乏足够 NLS 证据时保守保留，不作全局替换。	target-links.jsonl#T0406; 0 messages / 0 clusters	保留；NLS 证据不足	第一轮：全量检索、概念及语境评估	nls-v1	term-evidence.jsonl#T0406	0	同英文/context/plural/form/中文合并，保留全部版本/组件位置；不算独立人类佐证
T0407	prepared statements	预备语句	预备语句	保留并限定语境	预备语句/已准备的语句按语境；协议 prepared statement 与两阶段提交 prepared transaction 不混淆。	execute a prepared statement → 执行一个已准备好的语句块 [TE-73b6395fa59edcc0c0bf] | deallocate a prepared statement → 释放一个已预备好的叙述区块 [TE-07fcf8a65801e91160cf] | prepared statement is not a SELECT → 准备好的语句不是一个 SELECT [TE-d587cf993c5b5ad0d820]	存在可追溯现行译文对；已检查概念/句法/标识符区别，具体限定见适用语境。两列源释义保留，实际消息优先准确同簇既有表达。	target-links.jsonl#T0407; 13 messages / 5 clusters	本批按语境采用；不是人工批准	第一轮：全量检索、概念及语境评估	nls-v1	term-evidence.jsonl#T0407	10	同英文/context/plural/form/中文合并，保留全部版本/组件位置；不算独立人类佐证
T0408	prepared transactions	预备事务	预备事务	保留并限定语境	预备事务；已准备好的事务可作为说明措辞；准备的交易记录不是可靠模板。	Checking for prepared transactions → 正在检查准备的交易记录 [TE-0bfcfb7f95d885a523eb] | prepared transactions are disabled → 禁用已准备好的事务 [TE-c3adf3ab645abb8f4281] | maximum number of prepared transactions reached → 已经达到已准备好事务的最大数量 [TE-81583c34fe500f984f47]	存在可追溯现行译文对；已检查概念/句法/标识符区别，具体限定见适用语境。两列源释义保留，实际消息优先准确同簇既有表达。	target-links.jsonl#T0408; 27 messages / 7 clusters	本批按语境采用；不是人工批准	第一轮：全量检索、概念及语境评估	nls-v1	term-evidence.jsonl#T0408	18	同英文/context/plural/form/中文合并，保留全部版本/组件位置；不算独立人类佐证
T0409	primary	主库	主库	保留并限定语境	primary key 是主键；primary server 是主服务器/主库；普通 primary 为主要，必须先识别被修饰对象。	"primary key,  → 主键(PK), [TE-f2eaa14f3a3f79fcdaef] | column ""%s"" is in a primary key → 字段 ""%s"" 是一个主键 [TE-bbd97c460e93dff03127] | invalid primary checkpoint record → 无效的主 checkpoint 记录 [TE-562f8486b74f9b8241ca]"	存在可追溯现行译文对；已检查概念/句法/标识符区别，具体限定见适用语境。两列源释义保留，实际消息优先准确同簇既有表达。	target-links.jsonl#T0409; 57 messages / 14 clusters	本批按语境采用；不是人工批准	第一轮：全量检索、概念及语境评估	nls-v1	term-evidence.jsonl#T0409	33	同英文/context/plural/form/中文合并，保留全部版本/组件位置；不算独立人类佐证
T0410	primary server	主库	主库	保留并限定语境	数据库复制角色主库；同簇既有主服务器/主用服务器准确时保留；不把 server 省略导致对象误解。	invalid response from primary server → 来自主用服务器的回应无效 [TE-16a552892f0483f1f7a2] | replication terminated by primary server → 复制由主用服务器终止 [TE-be96357b470d6cda4211] | could not connect to the primary server: %s → 无法连接到主用服务器：%s [TE-57c433df2d698fc4de02]	存在可追溯现行译文对；已检查概念/句法/标识符区别，具体限定见适用语境。两列源释义保留，实际消息优先准确同簇既有表达。	target-links.jsonl#T0410; 20 messages / 9 clusters	本批按语境采用；不是人工批准	第一轮：全量检索、概念及语境评估	nls-v1	term-evidence.jsonl#T0410	7	同英文/context/plural/form/中文合并，保留全部版本/组件位置；不算独立人类佐证
T0411	primary servers	主库	主库	保留并限定语境	数据库复制角色主库；同簇既有主服务器可保留，复数由上下文表达。	invalid response from primary server → 来自主用服务器的回应无效 [TE-16a552892f0483f1f7a2] | replication terminated by primary server → 复制由主用服务器终止 [TE-be96357b470d6cda4211] | could not connect to the primary server: %s → 无法连接到主用服务器：%s [TE-57c433df2d698fc4de02]	存在可追溯现行译文对；已检查概念/句法/标识符区别，具体限定见适用语境。两列源释义保留，实际消息优先准确同簇既有表达。	target-links.jsonl#T0411; 20 messages / 9 clusters	本批按语境采用；不是人工批准	第一轮：全量检索、概念及语境评估	nls-v1	term-evidence.jsonl#T0411	7	同英文/context/plural/form/中文合并，保留全部版本/组件位置；不算独立人类佐证
T0412	Prior Checkpoint Location	上次检查点位置	上次检查点位置	保留	PostgreSQL 对应技术概念的说明文字；机器标识、命令、参数与字面值按原文保留。	未找到现行非 fuzzy 译文先例；见完整证据索引	全量检索没有现行非 fuzzy 可用译文先例；没有匹配译文。原概念释义可理解，缺乏足够 NLS 证据时保守保留，不作全局替换。	target-links.jsonl#T0412; 0 messages / 0 clusters	保留；NLS 证据不足	第一轮：全量检索、概念及语境评估	nls-v1	term-evidence.jsonl#T0412	0	同英文/context/plural/form/中文合并，保留全部版本/组件位置；不算独立人类佐证
T0413	privilege system	权限系统	权限系统	保留	PostgreSQL 对应技术概念的说明文字；机器标识、命令、参数与字面值按原文保留。	未找到现行非 fuzzy 译文先例；见完整证据索引	全量检索没有现行非 fuzzy 可用译文先例；没有匹配译文。原概念释义可理解，缺乏足够 NLS 证据时保守保留，不作全局替换。	target-links.jsonl#T0413; 0 messages / 0 clusters	保留；NLS 证据不足	第一轮：全量检索、概念及语境评估	nls-v1	term-evidence.jsonl#T0413	0	同英文/context/plural/form/中文合并，保留全部版本/组件位置；不算独立人类佐证
T0414	probe	探测	探测	保留	PostgreSQL 对应技术概念的说明文字；机器标识、命令、参数与字面值按原文保留。	未找到现行非 fuzzy 译文先例；见完整证据索引	全量检索没有现行非 fuzzy 可用译文先例；没有匹配译文。原概念释义可理解，缺乏足够 NLS 证据时保守保留，不作全局替换。	target-links.jsonl#T0414; 0 messages / 0 clusters	保留；NLS 证据不足	第一轮：全量检索、概念及语境评估	nls-v1	term-evidence.jsonl#T0414	0	同英文/context/plural/form/中文合并，保留全部版本/组件位置；不算独立人类佐证
T0415	procedural languages	过程语言	过程语言	保留	PostgreSQL 对应技术概念的说明文字；机器标识、命令、参数与字面值按原文保留。	reading procedural languages → 读取过程语言 [TE-67bb6cdc55345e1cf0e3] | remove a procedural language → 移除一个程序语言 [TE-75de7c35d08c5de9a0b1] | define a new procedural language → 建立新的程序语言 [TE-96d02c88265f0ab39c75]	现行译文检索中可见源中文，原概念释义可用，未发现必须全局替换的依据；检索中文子串不等于词对齐或消息语义批准。	target-links.jsonl#T0415; 7 messages / 5 clusters	保留；有检索先例	第一轮：全量检索、概念及语境评估	nls-v1	term-evidence.jsonl#T0415	7	同英文/context/plural/form/中文合并，保留全部版本/组件位置；不算独立人类佐证
T0416	pruning	剪枝	剪枝	保留并限定语境	分区剪枝与页内剪枝分别结合对象，不将删除整个分区与页内删除元组指针混为一谈。	Enable plan-time and run-time partition pruning. → 启用计划时间和运行时分区修剪. [TE-c9f2cc5bf9daebae8a8e]	存在可追溯现行译文对；已检查概念/句法/标识符区别，具体限定见适用语境。两列源释义保留，实际消息优先准确同簇既有表达。	target-links.jsonl#T0416; 1 messages / 1 clusters	本批按语境采用；不是人工批准	第一轮：全量检索、概念及语境评估	nls-v1	term-evidence.jsonl#T0416	1	同英文/context/plural/form/中文合并，保留全部版本/组件位置；不算独立人类佐证
T0417	publication	发布	发布	保留并限定语境	逻辑复制 publication 对象为发布，publish 动作为发布，subscription 为订阅；publisher 指逻辑复制服务器时沿用现行 NLS 发布服务器，不能机械套用发布者。此为 nls-v1/context-1 对服务器角色的补充，publication 两列译法不变。	Publication → 发布 [TE-ce11d6fa72ba1b2c95dd] | Publications: → 发布: [TE-3978e4f1974c71812d87] | Publication %s → 发布 %s [TE-270f667dc22ed2ae4a6b]	存在可追溯现行译文对；已检查概念/句法/标识符区别，具体限定见适用语境。两列源释义保留，实际消息优先准确同簇既有表达。 补充决定 C004：publisher 沿用同语境现行发布服务器，修正原作用域误写发布者；不改变 publication=发布。	target-links.jsonl#T0417; 124 messages / 12 clusters	本批按语境采用；不是人工批准	第一轮：全量检索、概念及语境评估；第二、三轮：逻辑复制服务器角色复核	nls-v1/context-1	term-evidence.jsonl#T0417	40	同英文/context/plural/form/中文合并，保留全部版本/组件位置；不算独立人类佐证
T0418	push-down	下推	下推	保留	PostgreSQL 对应技术概念的说明文字；机器标识、命令、参数与字面值按原文保留。	未找到现行非 fuzzy 译文先例；见完整证据索引	全量检索没有现行非 fuzzy 可用译文先例；没有匹配译文。原概念释义可理解，缺乏足够 NLS 证据时保守保留，不作全局替换。	target-links.jsonl#T0418; 0 messages / 0 clusters	保留；NLS 证据不足	第一轮：全量检索、概念及语境评估	nls-v1	term-evidence.jsonl#T0418	0	同英文/context/plural/form/中文合并，保留全部版本/组件位置；不算独立人类佐证
T0419	qualified name	限定名	限定名	保留并限定语境	限定名；旧译条件名称语义错误，不作为可直接复用依据。	improper qualified name (too many dotted names): %s → 不合适的条件名称 (名字中太多的点符号): %s [TE-85e26031c73543121bb0]	存在可追溯现行译文对；已检查概念/句法/标识符区别，具体限定见适用语境。两列源释义保留，实际消息优先准确同簇既有表达。	target-links.jsonl#T0419; 6 messages / 5 clusters	本批按语境采用；不是人工批准	第一轮：全量检索、概念及语境评估	nls-v1	term-evidence.jsonl#T0419	1	同英文/context/plural/form/中文合并，保留全部版本/组件位置；不算独立人类佐证
T0420	query tree	查询树	查询树	保留	PostgreSQL 对应技术概念的说明文字；机器标识、命令、参数与字面值按原文保留。	未找到现行非 fuzzy 译文先例；见完整证据索引	全量检索没有现行非 fuzzy 可用译文先例；没有匹配译文。原概念释义可理解，缺乏足够 NLS 证据时保守保留，不作全局替换。	target-links.jsonl#T0420; 0 messages / 0 clusters	保留；NLS 证据不足	第一轮：全量检索、概念及语境评估	nls-v1	term-evidence.jsonl#T0420	0	同英文/context/plural/form/中文合并，保留全部版本/组件位置；不算独立人类佐证
T0421	Quicksort	快速排序	快速排序	保留	PostgreSQL 对应技术概念的说明文字；机器标识、命令、参数与字面值按原文保留。	未找到现行非 fuzzy 译文先例；见完整证据索引	全量检索没有现行非 fuzzy 可用译文先例；没有匹配译文。原概念释义可理解，缺乏足够 NLS 证据时保守保留，不作全局替换。	target-links.jsonl#T0421; 0 messages / 0 clusters	保留；NLS 证据不足	第一轮：全量检索、概念及语境评估	nls-v1	term-evidence.jsonl#T0421	0	同英文/context/plural/form/中文合并，保留全部版本/组件位置；不算独立人类佐证
T0422	quorum	法定人数	法定人数	保留并限定语境	复制语境仲裁/法定数量按谓词；现有 quorum synchronous standby 使用仲裁同步备用；不能字面声称数据库有法定人数。	"standby ""%s"" is now a candidate for quorum synchronous standby → 待机 ""%s""现在是仲裁同步待机的候选 [TE-b578f30798ac3e679ab2]"	存在可追溯现行译文对；已检查概念/句法/标识符区别，具体限定见适用语境。两列源释义保留，实际消息优先准确同簇既有表达。	target-links.jsonl#T0422; 1 messages / 1 clusters	本批按语境采用；不是人工批准	第一轮：全量检索、概念及语境评估	nls-v1	term-evidence.jsonl#T0422	1	同英文/context/plural/form/中文合并，保留全部版本/组件位置；不算独立人类佐证
T0423	Range Summarization	范围摘要	范围摘要	保留	PostgreSQL 对应技术概念的说明文字；机器标识、命令、参数与字面值按原文保留。	"request for BRIN range summarization for index ""%s"" page %u was not recorded → 未记录对索引""%s""页%u的BRIN范围摘要的请求 [TE-1dcbe85381f533b4bea6]"	现行译文检索中可见源中文，原概念释义可用，未发现必须全局替换的依据；检索中文子串不等于词对齐或消息语义批准。	target-links.jsonl#T0423; 1 messages / 1 clusters	保留；有检索先例	第一轮：全量检索、概念及语境评估	nls-v1	term-evidence.jsonl#T0423	1	同英文/context/plural/form/中文合并，保留全部版本/组件位置；不算独立人类佐证
T0424	range type	范围类型	范围类型	保留	PostgreSQL 对应技术概念的说明文字；机器标识、命令、参数与字面值按原文保留。	could not find range type for data type %s → 无法为数据类型 %s 找到范围类型 [TE-b693d5fd541c112dfd0c] | range canonical function %s must return range type → 范围的标准函数%s必须返回范围类型 [TE-6dc7c1a532258dc2a9c9] | argument declared %s is not a range type but type %s → 声明为%s的参数的类型不是范围类型, 其类型为 %s [TE-bc5d94f0eacab80ff22f]	现行译文检索中可见源中文，原概念释义可用，未发现必须全局替换的依据；检索中文子串不等于词对齐或消息语义批准。	target-links.jsonl#T0424; 8 messages / 5 clusters	保留；有检索先例	第一轮：全量检索、概念及语境评估	nls-v1	term-evidence.jsonl#T0424	4	同英文/context/plural/form/中文合并，保留全部版本/组件位置；不算独立人类佐证
T0425	Read Committed	读已提交	读已提交	保留	PostgreSQL 对应技术概念的说明文字；机器标识、命令、参数与字面值按原文保留。	未找到现行非 fuzzy 译文先例；见完整证据索引	全量检索没有现行非 fuzzy 可用译文先例；没有匹配译文。原概念释义可理解，缺乏足够 NLS 证据时保守保留，不作全局替换。	target-links.jsonl#T0425; 1 messages / 1 clusters	保留；NLS 证据不足	第一轮：全量检索、概念及语境评估	nls-v1	term-evidence.jsonl#T0425	0	同英文/context/plural/form/中文合并，保留全部版本/组件位置；不算独立人类佐证
T0426	read replicas	只读副本	只读副本	保留	PostgreSQL 对应技术概念的说明文字；机器标识、命令、参数与字面值按原文保留。	未找到现行非 fuzzy 译文先例；见完整证据索引	全量检索没有现行非 fuzzy 可用译文先例；没有匹配译文。原概念释义可理解，缺乏足够 NLS 证据时保守保留，不作全局替换。	target-links.jsonl#T0426; 0 messages / 0 clusters	保留；NLS 证据不足	第一轮：全量检索、概念及语境评估	nls-v1	term-evidence.jsonl#T0426	0	同英文/context/plural/form/中文合并，保留全部版本/组件位置；不算独立人类佐证
T0427	read skew	读偏差	读偏差	保留	PostgreSQL 对应技术概念的说明文字；机器标识、命令、参数与字面值按原文保留。	未找到现行非 fuzzy 译文先例；见完整证据索引	全量检索没有现行非 fuzzy 可用译文先例；没有匹配译文。原概念释义可理解，缺乏足够 NLS 证据时保守保留，不作全局替换。	target-links.jsonl#T0427; 0 messages / 0 clusters	保留；NLS 证据不足	第一轮：全量检索、概念及语境评估	nls-v1	term-evidence.jsonl#T0427	0	同英文/context/plural/form/中文合并，保留全部版本/组件位置；不算独立人类佐证
T0428	read-after-write consistency	写后读一致性	写后读一致性	保留	PostgreSQL 对应技术概念的说明文字；机器标识、命令、参数与字面值按原文保留。	未找到现行非 fuzzy 译文先例；见完整证据索引	全量检索没有现行非 fuzzy 可用译文先例；没有匹配译文。原概念释义可理解，缺乏足够 NLS 证据时保守保留，不作全局替换。	target-links.jsonl#T0428; 0 messages / 0 clusters	保留；NLS 证据不足	第一轮：全量检索、概念及语境评估	nls-v1	term-evidence.jsonl#T0428	0	同英文/context/plural/form/中文合并，保留全部版本/组件位置；不算独立人类佐证
T0429	Read-Only Queries	只读查询	只读查询	保留	PostgreSQL 对应技术概念的说明文字；机器标识、命令、参数与字面值按原文保留。	未找到现行非 fuzzy 译文先例；见完整证据索引	全量检索没有现行非 fuzzy 可用译文先例；没有匹配译文。原概念释义可理解，缺乏足够 NLS 证据时保守保留，不作全局替换。	target-links.jsonl#T0429; 0 messages / 0 clusters	保留；NLS 证据不足	第一轮：全量检索、概念及语境评估	nls-v1	term-evidence.jsonl#T0429	0	同英文/context/plural/form/中文合并，保留全部版本/组件位置；不算独立人类佐证
T0430	rebalancing	再平衡	再平衡	保留	PostgreSQL 对应技术概念的说明文字；机器标识、命令、参数与字面值按原文保留。	未找到现行非 fuzzy 译文先例；见完整证据索引	全量检索没有现行非 fuzzy 可用译文先例；没有匹配译文。原概念释义可理解，缺乏足够 NLS 证据时保守保留，不作全局替换。	target-links.jsonl#T0430; 0 messages / 0 clusters	保留；NLS 证据不足	第一轮：全量检索、概念及语境评估	nls-v1	term-evidence.jsonl#T0430	0	同英文/context/plural/form/中文合并，保留全部版本/组件位置；不算独立人类佐证
T0431	recency guarantee	时效性保证	时效性保证	保留	PostgreSQL 对应技术概念的说明文字；机器标识、命令、参数与字面值按原文保留。	未找到现行非 fuzzy 译文先例；见完整证据索引	全量检索没有现行非 fuzzy 可用译文先例；没有匹配译文。原概念释义可理解，缺乏足够 NLS 证据时保守保留，不作全局替换。	target-links.jsonl#T0431; 0 messages / 0 clusters	保留；NLS 证据不足	第一轮：全量检索、概念及语境评估	nls-v1	term-evidence.jsonl#T0431	0	同英文/context/plural/form/中文合并，保留全部版本/组件位置；不算独立人类佐证
T0432	records	记录	记录	保留	PostgreSQL 对应技术概念的说明文字；机器标识、命令、参数与字面值按原文保留。	"invalid checkpoint record → 无效的 checkpoint 记录 [TE-fde408c9be8d6757fea2] | Record separator is ""%s"".\n → 记录分隔符号是 ""%s"".\n [TE-fe6f90c756239d435e0a] | checkpoint record is at %X/%X → checkpoint 记录位置在 %X/%X [TE-a3d7184f3494ec2b99b8]"	现行译文检索中可见源中文，原概念释义可用，未发现必须全局替换的依据；检索中文子串不等于词对齐或消息语义批准。	target-links.jsonl#T0432; 100 messages / 29 clusters	保留；有检索先例	第一轮：全量检索、概念及语境评估	nls-v1	term-evidence.jsonl#T0432	76	同英文/context/plural/form/中文合并，保留全部版本/组件位置；不算独立人类佐证
T0433	Recovery	恢复	恢复	保留	PostgreSQL 对应技术概念的说明文字；机器标识、命令、参数与字面值按原文保留。	in crash recovery → 在恢复中 [TE-6e02eac393a48a319895] | in archive recovery → 正在归档恢复 [TE-87709e216160454bf0b6] | recovery has paused → 恢复操作已暂停 [TE-79827f1fb262e7eb58bd]	现行译文检索中可见源中文，原概念释义可用，未发现必须全局替换的依据；检索中文子串不等于词对齐或消息语义批准。	target-links.jsonl#T0433; 131 messages / 24 clusters	保留；有检索先例	第一轮：全量检索、概念及语境评估	nls-v1	term-evidence.jsonl#T0433	92	同英文/context/plural/form/中文合并，保留全部版本/组件位置；不算独立人类佐证
T0434	recovery target	恢复目标	恢复目标	保留	PostgreSQL 对应技术概念的说明文字；机器标识、命令、参数与字面值按原文保留。	shutdown at recovery target → 在恢复目标处关闭 [TE-a37fa0fda0e892a66729] | Write-Ahead Log / Recovery Target → 预写式日志 / 恢复目标 [TE-92e70e816d543c34d77c] | multiple recovery targets specified → 指定了多个恢复目标 [TE-7c5af1567393ba54148c]	现行译文检索中可见源中文，原概念释义可用，未发现必须全局替换的依据；检索中文子串不等于词对齐或消息语义批准。	target-links.jsonl#T0434; 9 messages / 5 clusters	保留；有检索先例	第一轮：全量检索、概念及语境评估	nls-v1	term-evidence.jsonl#T0434	7	同英文/context/plural/form/中文合并，保留全部版本/组件位置；不算独立人类佐证
T0435	recursive term	递归项	递归项	保留并限定语境	递归查询的递归项；检索会命中 non-recursive term，必须保留 non- 的否定差异。	Cast the output of the non-recursive term to the correct type. → 将非递归术语的输出指派为正确的类型 [TE-a776860e0577c1a1d1f4] | Use the COLLATE clause to set the collation of the non-recursive term. → 使用COLLATE子句设置非递归项的排序规则. [TE-80df3c0d70bc228c34f5] | aggregate functions are not allowed in a recursive query's recursive term → 聚合函数不允许出现在递归查询的递归项中 [TE-6f8494feb8761aec01c4]	存在可追溯现行译文对；已检查概念/句法/标识符区别，具体限定见适用语境。两列源释义保留，实际消息优先准确同簇既有表达。	target-links.jsonl#T0435; 6 messages / 1 clusters	本批按语境采用；不是人工批准	第一轮：全量检索、概念及语境评估	nls-v1	term-evidence.jsonl#T0435	6	同英文/context/plural/form/中文合并，保留全部版本/组件位置；不算独立人类佐证
T0436	REDO log	重做日志	重做日志	保留	PostgreSQL 对应技术概念的说明文字；机器标识、命令、参数与字面值按原文保留。	未找到现行非 fuzzy 译文先例；见完整证据索引	全量检索没有现行非 fuzzy 可用译文先例；没有匹配译文。原概念释义可理解，缺乏足够 NLS 证据时保守保留，不作全局替换。	target-links.jsonl#T0436; 0 messages / 0 clusters	保留；NLS 证据不足	第一轮：全量检索、概念及语境评估	nls-v1	term-evidence.jsonl#T0436	0	同英文/context/plural/form/中文合并，保留全部版本/组件位置；不算独立人类佐证
T0437	REDO Point	重做点	重做点	保留	PostgreSQL 对应技术概念的说明文字；机器标识、命令、参数与字面值按原文保留。	未找到现行非 fuzzy 译文先例；见完整证据索引	全量检索没有现行非 fuzzy 可用译文先例；没有匹配译文。原概念释义可理解，缺乏足够 NLS 证据时保守保留，不作全局替换。	target-links.jsonl#T0437; 1 messages / 1 clusters	保留；NLS 证据不足	第一轮：全量检索、概念及语境评估	nls-v1	term-evidence.jsonl#T0437	0	同英文/context/plural/form/中文合并，保留全部版本/组件位置；不算独立人类佐证
T0438	refactoring	重构	重构	保留	PostgreSQL 对应技术概念的说明文字；机器标识、命令、参数与字面值按原文保留。	未找到现行非 fuzzy 译文先例；见完整证据索引	全量检索没有现行非 fuzzy 可用译文先例；没有匹配译文。原概念释义可理解，缺乏足够 NLS 证据时保守保留，不作全局替换。	target-links.jsonl#T0438; 0 messages / 0 clusters	保留；NLS 证据不足	第一轮：全量检索、概念及语境评估	nls-v1	term-evidence.jsonl#T0438	0	同英文/context/plural/form/中文合并，保留全部版本/组件位置；不算独立人类佐证
T0439	referential integrity	引用完整性	引用完整性	保留并限定语境	文档引用完整性保留；postgres 现行参照完整性准确且稳定，同簇优先沿用。	"referential integrity query on ""%s"" from constraint ""%s"" on ""%s"" gave unexpected result → 从在""%3$s""的约束""%2$s""中在""%1$s""上执行的参照完整性查询得出非期待结果. [TE-40e9e5a8825502b7d346] | Remove this referential integrity trigger and its mates, then do ALTER TABLE ADD CONSTRAINT. → 删除这个参照完整性触发器和与它相关的对象，然后执行ALTER TABLE ADD CONSTRAINT操作. [TE-e1d95400101495f83dfb]"	存在可追溯现行译文对；已检查概念/句法/标识符区别，具体限定见适用语境。两列源释义保留，实际消息优先准确同簇既有表达。	target-links.jsonl#T0439; 2 messages / 1 clusters	本批按语境采用；不是人工批准	第一轮：全量检索、概念及语境评估	nls-v1	term-evidence.jsonl#T0439	2	同英文/context/plural/form/中文合并，保留全部版本/组件位置；不算独立人类佐证
T0440	Regular Index Scans	常规索引扫描	常规索引扫描	保留	PostgreSQL 对应技术概念的说明文字；机器标识、命令、参数与字面值按原文保留。	未找到现行非 fuzzy 译文先例；见完整证据索引	全量检索没有现行非 fuzzy 可用译文先例；没有匹配译文。原概念释义可理解，缺乏足够 NLS 证据时保守保留，不作全局替换。	target-links.jsonl#T0440; 0 messages / 0 clusters	保留；NLS 证据不足	第一轮：全量检索、概念及语境评估	nls-v1	term-evidence.jsonl#T0440	0	同英文/context/plural/form/中文合并，保留全部版本/组件位置；不算独立人类佐证
T0441	regular set	正则集	正则集	保留	PostgreSQL 对应技术概念的说明文字；机器标识、命令、参数与字面值按原文保留。	未找到现行非 fuzzy 译文先例；见完整证据索引	全量检索没有现行非 fuzzy 可用译文先例；没有匹配译文。原概念释义可理解，缺乏足够 NLS 证据时保守保留，不作全局替换。	target-links.jsonl#T0441; 0 messages / 0 clusters	保留；NLS 证据不足	第一轮：全量检索、概念及语境评估	nls-v1	term-evidence.jsonl#T0441	0	同英文/context/plural/form/中文合并，保留全部版本/组件位置；不算独立人类佐证
T0442	relation	关系	关系	保留并限定语境	关系可包括表、索引、序列等；未确认具体关系种类前不得缩为表。	relation %s → 关系 %s [TE-948d232339dcb418cac0] | List of relations → 关联列表 [TE-52ab20014d2144c00778] | no relations to check → 没有要检查的关系 [TE-5a16f30bdd420a84703f]	存在可追溯现行译文对；已检查概念/句法/标识符区别，具体限定见适用语境。两列源释义保留，实际消息优先准确同簇既有表达。	target-links.jsonl#T0442; 322 messages / 41 clusters	本批按语境采用；不是人工批准	第一轮：全量检索、概念及语境评估	nls-v1	term-evidence.jsonl#T0442	198	同英文/context/plural/form/中文合并，保留全部版本/组件位置；不算独立人类佐证
T0443	Relation Extension Locks	关系扩展锁	关系扩展锁	保留	PostgreSQL 对应技术概念的说明文字；机器标识、命令、参数与字面值按原文保留。	未找到现行非 fuzzy 译文先例；见完整证据索引	全量检索没有现行非 fuzzy 可用译文先例；没有匹配译文。原概念释义可理解，缺乏足够 NLS 证据时保守保留，不作全局替换。	target-links.jsonl#T0443; 0 messages / 0 clusters	保留；NLS 证据不足	第一轮：全量检索、概念及语境评估	nls-v1	term-evidence.jsonl#T0443	0	同英文/context/plural/form/中文合并，保留全部版本/组件位置；不算独立人类佐证
T0444	Relation-Level Locks	关系级锁	关系级锁	保留	PostgreSQL 对应技术概念的说明文字；机器标识、命令、参数与字面值按原文保留。	If more than this total of pages and tuples in the same relation are locked by a connection, those locks are replaced by a relation-level lock. → 如果一个连接锁定了同一关系中超过此总数的页和元组，则这些锁将替换为关系级别锁. [TE-10c4f92be8668ecf80e9]	有英文检索命中，但中文采用语境化句法/其他表达或保留标识；未获得充分依据替换源术语，保守保留并供具体消息复核。	target-links.jsonl#T0444; 1 messages / 1 clusters	保留；译法需按消息判断	第一轮：全量检索、概念及语境评估	nls-v1	term-evidence.jsonl#T0444	1	同英文/context/plural/form/中文合并，保留全部版本/组件位置；不算独立人类佐证
T0445	Relations	关系	关系	保留并限定语境	关系复数；psql 既有关系/关联显示差异需按上下文保留，不能据列表名字断言仅有表。	relation %s → 关系 %s [TE-948d232339dcb418cac0] | List of relations → 关联列表 [TE-52ab20014d2144c00778] | no relations to check → 没有要检查的关系 [TE-5a16f30bdd420a84703f]	存在可追溯现行译文对；已检查概念/句法/标识符区别，具体限定见适用语境。两列源释义保留，实际消息优先准确同簇既有表达。	target-links.jsonl#T0445; 322 messages / 41 clusters	本批按语境采用；不是人工批准	第一轮：全量检索、概念及语境评估	nls-v1	term-evidence.jsonl#T0445	198	同英文/context/plural/form/中文合并，保留全部版本/组件位置；不算独立人类佐证
T0446	relfilenode	关系文件节点	关系文件节点	保留并限定语境	标识符 relfilenode 保留；不能把 PG19 relfilenumber 字段擅自改回旧字段名。	未找到现行非 fuzzy 译文先例；见完整证据索引	全量检索没有现行非 fuzzy 可用译文先例；没有匹配译文。原概念释义可理解，缺乏足够 NLS 证据时保守保留，不作全局替换。	target-links.jsonl#T0446; 0 messages / 0 clusters	保留；NLS 证据不足	第一轮：全量检索、概念及语境评估	nls-v1	term-evidence.jsonl#T0446	0	同英文/context/plural/form/中文合并，保留全部版本/组件位置；不算独立人类佐证
T0447	reliability	可靠性	可靠性	保留	PostgreSQL 对应技术概念的说明文字；机器标识、命令、参数与字面值按原文保留。	未找到现行非 fuzzy 译文先例；见完整证据索引	全量检索没有现行非 fuzzy 可用译文先例；没有匹配译文。原概念释义可理解，缺乏足够 NLS 证据时保守保留，不作全局替换。	target-links.jsonl#T0447; 0 messages / 0 clusters	保留；NLS 证据不足	第一轮：全量检索、概念及语境评估	nls-v1	term-evidence.jsonl#T0447	0	同英文/context/plural/form/中文合并，保留全部版本/组件位置；不算独立人类佐证
T0448	Repeatable Read	可重复读	可重复读	保留并限定语境	解释隔离级别可重复读；SQL/GUC 值 REPEATABLE READ/repeatable read 必须原样保留。	"You can use REPEATABLE READ instead. → 您必须使用REPEATABLE READ来代替 [TE-564df29a22954eca2702] | %s must be called in REPEATABLE READ isolation mode transaction → 必须在可重复读取隔离模式事务中调用%s [TE-7de39c0a20b9ff153927] | You can use ""SET default_transaction_isolation = 'repeatable read'"" to change the default. → 您可以使用 ""SET default_transaction_isolation = 'repeatable read'""来改变缺省值. [TE-bac53980b97ae60847c2]"	存在可追溯现行译文对；已检查概念/句法/标识符区别，具体限定见适用语境。两列源释义保留，实际消息优先准确同簇既有表达。	target-links.jsonl#T0448; 4 messages / 4 clusters	本批按语境采用；不是人工批准	第一轮：全量检索、概念及语境评估	nls-v1	term-evidence.jsonl#T0448	4	同英文/context/plural/form/中文合并，保留全部版本/组件位置；不算独立人类佐证
T0449	replay	重放	重放	保留	PostgreSQL 对应技术概念的说明文字；机器标识、命令、参数与字面值按原文保留。	Full-page images will be logged for all data blocks and cross-checked against the results of WAL replay. → 将记录所有数据块的整页图像，并对照WAL重放结果进行交叉检查. [TE-af43ff201dba87df2666]	现行译文检索中可见源中文，原概念释义可用，未发现必须全局替换的依据；检索中文子串不等于词对齐或消息语义批准。	target-links.jsonl#T0449; 1 messages / 1 clusters	保留；有检索先例	第一轮：全量检索、概念及语境评估	nls-v1	term-evidence.jsonl#T0449	1	同英文/context/plural/form/中文合并，保留全部版本/组件位置；不算独立人类佐证
T0450	replica	副本	副本	保留并限定语境	服务器副本为副本；replica identity 是复制标识，GUC replica 值原样保留。	replica → replica [TE-7a2501a39baf42461849] | Replica Identity → 复制标识 [TE-bb577609a9cbe8f66701] | , replica identity → ,复制标识 [TE-48a5c7b0219ec98026c9]	存在可追溯现行译文对；已检查概念/句法/标识符区别，具体限定见适用语境。两列源释义保留，实际消息优先准确同簇既有表达。	target-links.jsonl#T0450; 44 messages / 9 clusters	本批按语境采用；不是人工批准	第一轮：全量检索、概念及语境评估	nls-v1	term-evidence.jsonl#T0450	26	同英文/context/plural/form/中文合并，保留全部版本/组件位置；不算独立人类佐证
T0451	Replication	复制	复制	保留	PostgreSQL 对应技术概念的说明文字；机器标识、命令、参数与字面值按原文保留。	Replication → 复制 [TE-ed016cd4f408f249b597] | Replication / Subscribers → 复制 / 订阅者 [TE-49477a19a7aaf959d6dc] | Replication / Master Server → 复制/主服务器 [TE-ff46ff02da44a74dfce3]	现行译文检索中可见源中文，原概念释义可用，未发现必须全局替换的依据；检索中文子串不等于词对齐或消息语义批准。	target-links.jsonl#T0451; 285 messages / 26 clusters	保留；有检索先例	第一轮：全量检索、概念及语境评估	nls-v1	term-evidence.jsonl#T0451	141	同英文/context/plural/form/中文合并，保留全部版本/组件位置；不算独立人类佐证
T0452	Replication Associated Process	复制相关进程	复制相关进程	保留	PostgreSQL 对应技术概念的说明文字；机器标识、命令、参数与字面值按原文保留。	未找到现行非 fuzzy 译文先例；见完整证据索引	全量检索没有现行非 fuzzy 可用译文先例；没有匹配译文。原概念释义可理解，缺乏足够 NLS 证据时保守保留，不作全局替换。	target-links.jsonl#T0452; 0 messages / 0 clusters	保留；NLS 证据不足	第一轮：全量检索、概念及语境评估	nls-v1	term-evidence.jsonl#T0452	0	同英文/context/plural/form/中文合并，保留全部版本/组件位置；不算独立人类佐证
T0453	replication slot	复制槽	复制槽	保留	PostgreSQL 对应技术概念的说明文字；机器标识、命令、参数与字面值按原文保留。	"created replication slot ""%s"" → 已创建复制槽""%s"" [TE-3ebacb8fba7ed4c94b72] | creating replication slot ""%s"" → 创建复制槽 ""%s"" [TE-e3a284a83f1c457e8aeb] | dropping replication slot ""%s"" → 删除复制槽""%s"" [TE-ac2c4996d7bd73a317ad]"	现行译文检索中可见源中文，原概念释义可用，未发现必须全局替换的依据；检索中文子串不等于词对齐或消息语义批准。	target-links.jsonl#T0453; 164 messages / 17 clusters	保留；有检索先例	第一轮：全量检索、概念及语境评估	nls-v1	term-evidence.jsonl#T0453	58	同英文/context/plural/form/中文合并，保留全部版本/组件位置；不算独立人类佐证
T0454	rescan	重新扫描	重新扫描	保留	PostgreSQL 对应技术概念的说明文字；机器标识、命令、参数与字面值按原文保留。	未找到现行非 fuzzy 译文先例；见完整证据索引	全量检索没有现行非 fuzzy 可用译文先例；没有匹配译文。原概念释义可理解，缺乏足够 NLS 证据时保守保留，不作全局替换。	target-links.jsonl#T0454; 0 messages / 0 clusters	保留；NLS 证据不足	第一轮：全量检索、概念及语境评估	nls-v1	term-evidence.jsonl#T0454	0	同英文/context/plural/form/中文合并，保留全部版本/组件位置；不算独立人类佐证
T0455	resource manager	资源管理器	资源管理器	保留	PostgreSQL 对应技术概念的说明文字；机器标识、命令、参数与字面值按原文保留。	"resource manager ""%s"" does not exist → 资源管理器""%s""不存在 [TE-ac8c6ddee14556108bbf] | invalid resource manager ID %u at %X/%X → %2$X/%3$X处有无效的资源管理器 ID %1$u [TE-6c6fc9a62abc92821fe1] | invalid resource manager ID %u at %X/%X → 在%2$X/%3$X处的资源管理器ID%1$u不合法 [TE-d3dd73274ee042460d00]"	现行译文检索中可见源中文，原概念释义可用，未发现必须全局替换的依据；检索中文子串不等于词对齐或消息语义批准。	target-links.jsonl#T0455; 22 messages / 5 clusters	保留；有检索先例	第一轮：全量检索、概念及语境评估	nls-v1	term-evidence.jsonl#T0455	8	同英文/context/plural/form/中文合并，保留全部版本/组件位置；不算独立人类佐证
T0456	response time	响应时间	响应时间	保留	PostgreSQL 对应技术概念的说明文字；机器标识、命令、参数与字面值按原文保留。	未找到现行非 fuzzy 译文先例；见完整证据索引	全量检索没有现行非 fuzzy 可用译文先例；没有匹配译文。原概念释义可理解，缺乏足够 NLS 证据时保守保留，不作全局替换。	target-links.jsonl#T0456; 0 messages / 0 clusters	保留；NLS 证据不足	第一轮：全量检索、概念及语境评估	nls-v1	term-evidence.jsonl#T0456	0	同英文/context/plural/form/中文合并，保留全部版本/组件位置；不算独立人类佐证
T0457	RETURNING list	RETURNING 列表	RETURNING 列表	保留并限定语境	RETURNING 列表；RETURNING 关键字保留，entries 是输出项而非已有数据记录。	RETURNING list has too few entries → RETURNING 列表后面的项太少 [TE-d67f24136f289556e404] | RETURNING list has too many entries → RETURNING列表中的项太多. [TE-65d9d76bb6e1ccd53390] | cannot have RETURNING lists in multiple rules → 无法在多个规则中拥有RETURNING列表 [TE-a3925d7356ed3bd7e996]	存在可追溯现行译文对；已检查概念/句法/标识符区别，具体限定见适用语境。两列源释义保留，实际消息优先准确同簇既有表达。	target-links.jsonl#T0457; 11 messages / 2 clusters	本批按语境采用；不是人工批准	第一轮：全量检索、概念及语境评估	nls-v1	term-evidence.jsonl#T0457	10	同英文/context/plural/form/中文合并，保留全部版本/组件位置；不算独立人类佐证
T0458	Rewriter	重写器	重写器	保留	PostgreSQL 对应技术概念的说明文字；机器标识、命令、参数与字面值按原文保留。	未找到现行非 fuzzy 译文先例；见完整证据索引	全量检索没有现行非 fuzzy 可用译文先例；没有匹配译文。原概念释义可理解，缺乏足够 NLS 证据时保守保留，不作全局替换。	target-links.jsonl#T0458; 0 messages / 0 clusters	保留；NLS 证据不足	第一轮：全量检索、概念及语境评估	nls-v1	term-evidence.jsonl#T0458	0	同英文/context/plural/form/中文合并，保留全部版本/组件位置；不算独立人类佐证
T0459	ring buffer	环形缓冲区	环形缓冲区	保留	PostgreSQL 对应技术概念的说明文字；机器标识、命令、参数与字面值按原文保留。	未找到现行非 fuzzy 译文先例；见完整证据索引	全量检索没有现行非 fuzzy 可用译文先例；没有匹配译文。原概念释义可理解，缺乏足够 NLS 证据时保守保留，不作全局替换。	target-links.jsonl#T0459; 1 messages / 1 clusters	保留；NLS 证据不足	第一轮：全量检索、概念及语境评估	nls-v1	term-evidence.jsonl#T0459	0	同英文/context/plural/form/中文合并，保留全部版本/组件位置；不算独立人类佐证
T0460	row constructor	行构造器	行构造器	保留	PostgreSQL 对应技术概念的说明文字；机器标识、命令、参数与字面值按原文保留。	未找到现行非 fuzzy 译文先例；见完整证据索引	全量检索没有现行非 fuzzy 可用译文先例；没有匹配译文。原概念释义可理解，缺乏足够 NLS 证据时保守保留，不作全局替换。	target-links.jsonl#T0460; 0 messages / 0 clusters	保留；NLS 证据不足	第一轮：全量检索、概念及语境评估	nls-v1	term-evidence.jsonl#T0460	0	同英文/context/plural/form/中文合并，保留全部版本/组件位置；不算独立人类佐证
T0461	row security policies	行安全性策略	行安全性策略	保留并限定语境	行级安全策略概念；同簇既有行级安全性策略准确时优先，词表行安全性策略不用于强改旧句。	"could not convert table ""%s"" to a view because it has row security policies → 无法把表""%s""转换为视图，因为它有行级安全性策略 [TE-18bf09bfaf8e8ef66025]"	存在可追溯现行译文对；已检查概念/句法/标识符区别，具体限定见适用语境。两列源释义保留，实际消息优先准确同簇既有表达。	target-links.jsonl#T0461; 2 messages / 2 clusters	本批按语境采用；不是人工批准	第一轮：全量检索、概念及语境评估	nls-v1	term-evidence.jsonl#T0461	1	同英文/context/plural/form/中文合并，保留全部版本/组件位置；不算独立人类佐证
T0462	Row-Level Locking Modes	行级锁模式	行级锁模式	保留	PostgreSQL 对应技术概念的说明文字；机器标识、命令、参数与字面值按原文保留。	未找到现行非 fuzzy 译文先例；见完整证据索引	全量检索没有现行非 fuzzy 可用译文先例；没有匹配译文。原概念释义可理解，缺乏足够 NLS 证据时保守保留，不作全局替换。	target-links.jsonl#T0462; 0 messages / 0 clusters	保留；NLS 证据不足	第一轮：全量检索、概念及语境评估	nls-v1	term-evidence.jsonl#T0462	0	同英文/context/plural/form/中文合并，保留全部版本/组件位置；不算独立人类佐证
T0463	Row-Level Locks	行级锁	行级锁	保留	PostgreSQL 对应技术概念的说明文字；机器标识、命令、参数与字面值按原文保留。	未找到现行非 fuzzy 译文先例；见完整证据索引	全量检索没有现行非 fuzzy 可用译文先例；没有匹配译文。原概念释义可理解，缺乏足够 NLS 证据时保守保留，不作全局替换。	target-links.jsonl#T0463; 0 messages / 0 clusters	保留；NLS 证据不足	第一轮：全量检索、概念及语境评估	nls-v1	term-evidence.jsonl#T0463	0	同英文/context/plural/form/中文合并，保留全部版本/组件位置；不算独立人类佐证
T0464	row-level security	行级安全	行级安全	保留并限定语境	行级安全/行级安全性均可；沿用同簇行级安全性，不省略原文限定对象。	COPY FROM not supported with row-level security → 在行级安全性下不支持COPY FROM [TE-5391f426dbac4f1abdc6] | remove a row-level security policy from a table → 从一个表移除一条行级安全性策略 [TE-d89a3dcbd40f3cef7684] | define a new row-level security policy for a table → 为一个表定义一条新的行级安全性策略 [TE-f8aded793fd18c88bb94]	存在可追溯现行译文对；已检查概念/句法/标识符区别，具体限定见适用语境。两列源释义保留，实际消息优先准确同簇既有表达。	target-links.jsonl#T0464; 16 messages / 7 clusters	本批按语境采用；不是人工批准	第一轮：全量检索、概念及语境评估	nls-v1	term-evidence.jsonl#T0464	10	同英文/context/plural/form/中文合并，保留全部版本/组件位置；不算独立人类佐证
T0465	row-type	行类型	行类型	保留	PostgreSQL 对应技术概念的说明文字；机器标识、命令、参数与字面值按原文保留。	%s is a table's row type → %s 是一个表的记录类型 [TE-9c8e03caf491fdd92673] | could not convert row type → 无法转换记录类型 [TE-24409795ae0bf799a1ef] | first argument of %s must be a row type → %s 的第一个参数必需是一个行类型 [TE-1199b71970a5a790218e]	现行译文检索中可见源中文，原概念释义可用，未发现必须全局替换的依据；检索中文子串不等于词对齐或消息语义批准。	target-links.jsonl#T0465; 11 messages / 5 clusters	保留；有检索先例	第一轮：全量检索、概念及语境评估	nls-v1	term-evidence.jsonl#T0465	8	同英文/context/plural/form/中文合并，保留全部版本/组件位置；不算独立人类佐证
T0466	rw-conflict	读-写冲突	读-写冲突	保留	PostgreSQL 对应技术概念的说明文字；机器标识、命令、参数与字面值按原文保留。	未找到现行非 fuzzy 译文先例；见完整证据索引	全量检索没有现行非 fuzzy 可用译文先例；没有匹配译文。原概念释义可理解，缺乏足够 NLS 证据时保守保留，不作全局替换。	target-links.jsonl#T0466; 0 messages / 0 clusters	保留；NLS 证据不足	第一轮：全量检索、概念及语境评估	nls-v1	term-evidence.jsonl#T0466	0	同英文/context/plural/form/中文合并，保留全部版本/组件位置；不算独立人类佐证
T0467	S2PL	严格两阶段锁协议	严格两阶段锁协议	保留	PostgreSQL 对应技术概念的说明文字；机器标识、命令、参数与字面值按原文保留。	未找到现行非 fuzzy 译文先例；见完整证据索引	全量检索没有现行非 fuzzy 可用译文先例；没有匹配译文。原概念释义可理解，缺乏足够 NLS 证据时保守保留，不作全局替换。	target-links.jsonl#T0467; 0 messages / 0 clusters	保留；NLS 证据不足	第一轮：全量检索、概念及语境评估	nls-v1	term-evidence.jsonl#T0467	0	同英文/context/plural/form/中文合并，保留全部版本/组件位置；不算独立人类佐证
T0468	Sampling	采样	采样	保留	PostgreSQL 对应技术概念的说明文字；机器标识、命令、参数与字面值按原文保留。	未找到现行非 fuzzy 译文先例；见完整证据索引	全量检索没有现行非 fuzzy 可用译文先例；仅有 fuzzy/废弃线索，不能据此定为稳定译法。原概念释义可理解，缺乏足够 NLS 证据时保守保留，不作全局替换。	target-links.jsonl#T0468; 2 messages / 1 clusters	保留；NLS 证据不足	第一轮：全量检索、概念及语境评估	nls-v1	term-evidence.jsonl#T0468	0	同英文/context/plural/form/中文合并，保留全部版本/组件位置；不算独立人类佐证
T0469	savepoint	保存点	保存点	保留	PostgreSQL 对应技术概念的说明文字；机器标识、命令、参数与字面值按原文保留。	"roll back to a savepoint → 还原至一个储存点(Savepoint) [TE-73ea662fca9c9205801b] | savepoint ""%s"" does not exist → 保存点""%s""不存在 [TE-514b6a4cde8e7838fb30] | destroy a previously defined savepoint → 删除先前建立的储存点(Savepoint) [TE-1c95b1e68a659c1db241]"	现行译文检索中可见源中文，原概念释义可用，未发现必须全局替换的依据；检索中文子串不等于词对齐或消息语义批准。	target-links.jsonl#T0469; 9 messages / 3 clusters	保留；有检索先例	第一轮：全量检索、概念及语境评估	nls-v1	term-evidence.jsonl#T0469	10	同英文/context/plural/form/中文合并，保留全部版本/组件位置；不算独立人类佐证
T0470	scalability	可伸缩性	可伸缩性	保留	PostgreSQL 对应技术概念的说明文字；机器标识、命令、参数与字面值按原文保留。	未找到现行非 fuzzy 译文先例；见完整证据索引	全量检索没有现行非 fuzzy 可用译文先例；没有匹配译文。原概念释义可理解，缺乏足够 NLS 证据时保守保留，不作全局替换。	target-links.jsonl#T0470; 0 messages / 0 clusters	保留；NLS 证据不足	第一轮：全量检索、概念及语境评估	nls-v1	term-evidence.jsonl#T0470	0	同英文/context/plural/form/中文合并，保留全部版本/组件位置；不算独立人类佐证
T0471	schema	模式	模式	保留并限定语境	SQL 命名空间为模式；psql 架构模式是可接受显示变体；JSON schema/普通架构语境分别处理。	Schema → 架构模式 [TE-96a750b978d90f067bf6] | schema → 架构模式 [TE-b008e3ba945668edc612] | schema %s → 模式 %s [TE-3bd486e277a3ca0c1a86]	存在可追溯现行译文对；已检查概念/句法/标识符区别，具体限定见适用语境。两列源释义保留，实际消息优先准确同簇既有表达。	target-links.jsonl#T0471; 126 messages / 20 clusters	本批按语境采用；不是人工批准	第一轮：全量检索、概念及语境评估	nls-v1	term-evidence.jsonl#T0471	88	同英文/context/plural/form/中文合并，保留全部版本/组件位置；不算独立人类佐证
T0472	Schemas	模式	模式	保留并限定语境	模式复数；psql 原有效架构模式可保留，不表示数据库集簇。	Schema → 架构模式 [TE-96a750b978d90f067bf6] | schema → 架构模式 [TE-b008e3ba945668edc612] | schema %s → 模式 %s [TE-3bd486e277a3ca0c1a86]	存在可追溯现行译文对；已检查概念/句法/标识符区别，具体限定见适用语境。两列源释义保留，实际消息优先准确同簇既有表达。	target-links.jsonl#T0472; 126 messages / 20 clusters	本批按语境采用；不是人工批准	第一轮：全量检索、概念及语境评估	nls-v1	term-evidence.jsonl#T0472	88	同英文/context/plural/form/中文合并，保留全部版本/组件位置；不算独立人类佐证
T0473	search path	搜索路径	搜索路径	保留	PostgreSQL 对应技术概念的说明文字；机器标识、命令、参数与字面值按原文保留。	未找到现行非 fuzzy 译文先例；见完整证据索引	全量检索没有现行非 fuzzy 可用译文先例；仅有 fuzzy/废弃线索，不能据此定为稳定译法。原概念释义可理解，缺乏足够 NLS 证据时保守保留，不作全局替换。	target-links.jsonl#T0473; 1 messages / 1 clusters	保留；NLS 证据不足	第一轮：全量检索、概念及语境评估	nls-v1	term-evidence.jsonl#T0473	0	同英文/context/plural/form/中文合并，保留全部版本/组件位置；不算独立人类佐证
T0474	secondaries	备库	备库	保留并限定语境	复制角色为备库；单数检索只命中次级认证/扩展控制文件时，不构成复制角色的翻译证据。	"could not open secondary authentication file ""@%s"" as ""%s"": %m → 无法打开次认证文件 ""@%s"" 为 ""%s"": %m [TE-373d23609438543ee3b2] | parameter ""%s"" cannot be set in a secondary extension control file → 第二扩展控制文件中, 无法设置参数 ""%s"" [TE-95f75b3d7b3b569d3a97]"	存在可追溯现行译文对；已检查概念/句法/标识符区别，具体限定见适用语境。两列源释义保留，实际消息优先准确同簇既有表达。	target-links.jsonl#T0474; 2 messages / 2 clusters	本批按语境采用；不是人工批准	第一轮：全量检索、概念及语境评估	nls-v1	term-evidence.jsonl#T0474	2	同英文/context/plural/form/中文合并，保留全部版本/组件位置；不算独立人类佐证
T0475	secondary	备库	备库	保留并限定语境	仅数据库复制角色译备库；secondary authentication file/extension control file 是次级或附加文件，不能译备库。	"could not open secondary authentication file ""@%s"" as ""%s"": %m → 无法打开次认证文件 ""@%s"" 为 ""%s"": %m [TE-373d23609438543ee3b2] | parameter ""%s"" cannot be set in a secondary extension control file → 第二扩展控制文件中, 无法设置参数 ""%s"" [TE-95f75b3d7b3b569d3a97]"	存在可追溯现行译文对；已检查概念/句法/标识符区别，具体限定见适用语境。两列源释义保留，实际消息优先准确同簇既有表达。	target-links.jsonl#T0475; 2 messages / 2 clusters	本批按语境采用；不是人工批准	第一轮：全量检索、概念及语境评估	nls-v1	term-evidence.jsonl#T0475	2	同英文/context/plural/form/中文合并，保留全部版本/组件位置；不算独立人类佐证
T0476	secure schema usage pattern	模式的安全使用方式	模式的安全使用方式	保留	PostgreSQL 对应技术概念的说明文字；机器标识、命令、参数与字面值按原文保留。	未找到现行非 fuzzy 译文先例；见完整证据索引	全量检索没有现行非 fuzzy 可用译文先例；没有匹配译文。原概念释义可理解，缺乏足够 NLS 证据时保守保留，不作全局替换。	target-links.jsonl#T0476; 0 messages / 0 clusters	保留；NLS 证据不足	第一轮：全量检索、概念及语境评估	nls-v1	term-evidence.jsonl#T0476	0	同英文/context/plural/form/中文合并，保留全部版本/组件位置；不算独立人类佐证
T0477	select list	选择列表	选择列表	保留并限定语境	查询选择列表；SQL SELECT 关键字保留，不继承把 ORDER BY 主客体调换的旧例句。	%s position %d is not in select list → %s 位置%d不在select列表中. [TE-86f18d266285e720417f] | for SELECT DISTINCT, ORDER BY expressions must appear in select list → 在查询列表中必须出现SELECT DISTINCT, ORDER BY表达式 [TE-b30efa02158eefed5547]	存在可追溯现行译文对；已检查概念/句法/标识符区别，具体限定见适用语境。两列源释义保留，实际消息优先准确同簇既有表达。	target-links.jsonl#T0477; 2 messages / 1 clusters	本批按语境采用；不是人工批准	第一轮：全量检索、概念及语境评估	nls-v1	term-evidence.jsonl#T0477	2	同英文/context/plural/form/中文合并，保留全部版本/组件位置；不算独立人类佐证
T0478	SELECT output list	SELECT 输出列表	SELECT 输出列表	保留	PostgreSQL 对应技术概念的说明文字；机器标识、命令、参数与字面值按原文保留。	未找到现行非 fuzzy 译文先例；见完整证据索引	全量检索没有现行非 fuzzy 可用译文先例；没有匹配译文。原概念释义可理解，缺乏足够 NLS 证据时保守保留，不作全局替换。	target-links.jsonl#T0478; 0 messages / 0 clusters	保留；NLS 证据不足	第一轮：全量检索、概念及语境评估	nls-v1	term-evidence.jsonl#T0478	0	同英文/context/plural/form/中文合并，保留全部版本/组件位置；不算独立人类佐证
T0479	Selectivity	选择率	选择率	保留并限定语境	选择率；连接选择性等准确旧译可按同簇保留，二元 operator 不等于二进制 operator。	only binary operators can have join selectivity → 只有二进制操作符能有可选择性联合 [TE-ad42d21ea7f7163e7469] | only boolean operators can have join selectivity → 只有布尔类型操作能够具有连接选择性 [TE-bbea883770e94cb7e56e] | only boolean operators can have restriction selectivity → 只有布尔类型操作能够具有限制选择性 [TE-7f831ff5199cd051dcd0]	存在可追溯现行译文对；已检查概念/句法/标识符区别，具体限定见适用语境。两列源释义保留，实际消息优先准确同簇既有表达。	target-links.jsonl#T0479; 3 messages / 1 clusters	本批按语境采用；不是人工批准	第一轮：全量检索、概念及语境评估	nls-v1	term-evidence.jsonl#T0479	3	同英文/context/plural/form/中文合并，保留全部版本/组件位置；不算独立人类佐证
T0480	secondary server	备库	备库	保留	PostgreSQL 对应技术概念的说明文字；机器标识、命令、参数与字面值按原文保留。	未找到现行非 fuzzy 译文先例；见完整证据索引	全量检索没有现行非 fuzzy 可用译文先例；没有匹配译文。原概念释义可理解，缺乏足够 NLS 证据时保守保留，不作全局替换。	target-links.jsonl#T0480; 0 messages / 0 clusters	保留；NLS 证据不足	第一轮：全量检索、概念及语境评估	nls-v1	term-evidence.jsonl#T0480	0	同英文/context/plural/form/中文合并，保留全部版本/组件位置；不算独立人类佐证
T0481	secondary servers	备库	备库	保留	PostgreSQL 对应技术概念的说明文字；机器标识、命令、参数与字面值按原文保留。	未找到现行非 fuzzy 译文先例；见完整证据索引	全量检索没有现行非 fuzzy 可用译文先例；没有匹配译文。原概念释义可理解，缺乏足够 NLS 证据时保守保留，不作全局替换。	target-links.jsonl#T0481; 0 messages / 0 clusters	保留；NLS 证据不足	第一轮：全量检索、概念及语境评估	nls-v1	term-evidence.jsonl#T0481	0	同英文/context/plural/form/中文合并，保留全部版本/组件位置；不算独立人类佐证
T0482	self-referential	自引用	自引用	保留	PostgreSQL 对应技术概念的说明文字；机器标识、命令、参数与字面值按原文保留。	未找到现行非 fuzzy 译文先例；见完整证据索引	全量检索没有现行非 fuzzy 可用译文先例；没有匹配译文。原概念释义可理解，缺乏足够 NLS 证据时保守保留，不作全局替换。	target-links.jsonl#T0482; 0 messages / 0 clusters	保留；NLS 证据不足	第一轮：全量检索、概念及语境评估	nls-v1	term-evidence.jsonl#T0482	0	同英文/context/plural/form/中文合并，保留全部版本/组件位置；不算独立人类佐证
T0483	Semi-joins	半连接	半连接	保留	PostgreSQL 对应技术概念的说明文字；机器标识、命令、参数与字面值按原文保留。	未找到现行非 fuzzy 译文先例；见完整证据索引	全量检索没有现行非 fuzzy 可用译文先例；没有匹配译文。原概念释义可理解，缺乏足够 NLS 证据时保守保留，不作全局替换。	target-links.jsonl#T0483; 0 messages / 0 clusters	保留；NLS 证据不足	第一轮：全量检索、概念及语境评估	nls-v1	term-evidence.jsonl#T0483	0	同英文/context/plural/form/中文合并，保留全部版本/组件位置；不算独立人类佐证
T0484	sequence object	序列对象	序列对象	保留	PostgreSQL 对应技术概念的说明文字；机器标识、命令、参数与字面值按原文保留。	未找到现行非 fuzzy 译文先例；见完整证据索引	全量检索没有现行非 fuzzy 可用译文先例；没有匹配译文。原概念释义可理解，缺乏足够 NLS 证据时保守保留，不作全局替换。	target-links.jsonl#T0484; 0 messages / 0 clusters	保留；NLS 证据不足	第一轮：全量检索、概念及语境评估	nls-v1	term-evidence.jsonl#T0484	0	同英文/context/plural/form/中文合并，保留全部版本/组件位置；不算独立人类佐证
T0485	Sequential Scans	顺序扫描	顺序扫描	保留	PostgreSQL 对应技术概念的说明文字；机器标识、命令、参数与字面值按原文保留。	"Enable synchronized sequential scans. → 启用同步序列扫描 [TE-bb367fe5df503594a149] | clustering ""%s.%s"" using sequential scan and sort → 簇 ""%s.%s""正在进行顺序扫描和排序 [TE-3ea6d9b295c1c6844c04]"	现行译文检索中可见源中文，原概念释义可用，未发现必须全局替换的依据；检索中文子串不等于词对齐或消息语义批准。	target-links.jsonl#T0485; 2 messages / 2 clusters	保留；有检索先例	第一轮：全量检索、概念及语境评估	nls-v1	term-evidence.jsonl#T0485	2	同英文/context/plural/form/中文合并，保留全部版本/组件位置；不算独立人类佐证
T0486	serializability	可串行性	可串行性	保留	PostgreSQL 对应技术概念的说明文字；机器标识、命令、参数与字面值按原文保留。	未找到现行非 fuzzy 译文先例；见完整证据索引	全量检索没有现行非 fuzzy 可用译文先例；没有匹配译文。原概念释义可理解，缺乏足够 NLS 证据时保守保留，不作全局替换。	target-links.jsonl#T0486; 0 messages / 0 clusters	保留；NLS 证据不足	第一轮：全量检索、概念及语境评估	nls-v1	term-evidence.jsonl#T0486	0	同英文/context/plural/form/中文合并，保留全部版本/组件位置；不算独立人类佐证
T0487	Serializable	可串行化	可串行化	保留并限定语境	隔离级别解释可串行化；GUC 字符串 serializable 原样保留，不继承将取值译成中文的旧例句。	"cannot use serializable mode in a hot standby → 热备过程中无法使用可串行化模式 [TE-1b6cae3ce8ed632db759] | ""default_transaction_isolation"" is set to ""serializable"". → ""default_transaction_isolation""被设置为""可串行化"". [TE-b63e1f03228b5d32864f] |   --serializable-deferrable    wait until the dump can run without anomalies\n →   --serializable-deferrable    等到备份可以无异常运行\n [TE-e4a6387ff81a7b0b575f]"	存在可追溯现行译文对；已检查概念/句法/标识符区别，具体限定见适用语境。两列源释义保留，实际消息优先准确同簇既有表达。	target-links.jsonl#T0487; 9 messages / 5 clusters	本批按语境采用；不是人工批准	第一轮：全量检索、概念及语境评估	nls-v1	term-evidence.jsonl#T0487	7	同英文/context/plural/form/中文合并，保留全部版本/组件位置；不算独立人类佐证
T0488	Serializable Snapshot Isolation	可串行化快照隔离	可串行化快照隔离	保留	PostgreSQL 对应技术概念的说明文字；机器标识、命令、参数与字面值按原文保留。	未找到现行非 fuzzy 译文先例；见完整证据索引	全量检索没有现行非 fuzzy 可用译文先例；没有匹配译文。原概念释义可理解，缺乏足够 NLS 证据时保守保留，不作全局替换。	target-links.jsonl#T0488; 0 messages / 0 clusters	保留；NLS 证据不足	第一轮：全量检索、概念及语境评估	nls-v1	term-evidence.jsonl#T0488	0	同英文/context/plural/form/中文合并，保留全部版本/组件位置；不算独立人类佐证
T0489	serialization	序列化	序列化	保留并限定语境	数据编码为序列化；事务并发正确性 serialization failure 为串行化失败，两义不能互换。	return type of serialization function %s is not %s → 序列化函数 %s 的返回类型不是 %s [TE-66996db5ed4db7d88069] | must specify both or neither of serialization and deserialization functions → 必须同时指定序列化和反序列化函数或两者都不指定 [TE-04b78538754c9c240564] | serialization functions may be specified only when the aggregate transition data type is %s → 只有当聚集转移数据类型是%s时，才能指定序列化函数 [TE-44ae53e83a4cd9f93020]	存在可追溯现行译文对；已检查概念/句法/标识符区别，具体限定见适用语境。两列源释义保留，实际消息优先准确同簇既有表达。	target-links.jsonl#T0489; 7 messages / 3 clusters	本批按语境采用；不是人工批准	第一轮：全量检索、概念及语境评估	nls-v1	term-evidence.jsonl#T0489	5	同英文/context/plural/form/中文合并，保留全部版本/组件位置；不算独立人类佐证
T0490	serialization anomalies	串行化异常	串行化异常	保留	PostgreSQL 对应技术概念的说明文字；机器标识、命令、参数与字面值按原文保留。	未找到现行非 fuzzy 译文先例；见完整证据索引	全量检索没有现行非 fuzzy 可用译文先例；没有匹配译文。原概念释义可理解，缺乏足够 NLS 证据时保守保留，不作全局替换。	target-links.jsonl#T0490; 0 messages / 0 clusters	保留；NLS 证据不足	第一轮：全量检索、概念及语境评估	nls-v1	term-evidence.jsonl#T0490	0	同英文/context/plural/form/中文合并，保留全部版本/组件位置；不算独立人类佐证
T0491	serialization function	序列化函数	序列化函数	保留并限定语境	聚合状态序列化函数；与并发事务的串行化隔离区分。	return type of serialization function %s is not %s → 序列化函数 %s 的返回类型不是 %s [TE-66996db5ed4db7d88069] | serialization functions may be specified only when the aggregate transition data type is %s → 只有当聚集转移数据类型是%s时，才能指定序列化函数 [TE-44ae53e83a4cd9f93020]	存在可追溯现行译文对；已检查概念/句法/标识符区别，具体限定见适用语境。两列源释义保留，实际消息优先准确同簇既有表达。	target-links.jsonl#T0491; 2 messages / 2 clusters	本批按语境采用；不是人工批准	第一轮：全量检索、概念及语境评估	nls-v1	term-evidence.jsonl#T0491	2	同英文/context/plural/form/中文合并，保留全部版本/组件位置；不算独立人类佐证
T0492	serialization graph	串行化图	串行化图	保留	PostgreSQL 对应技术概念的说明文字；机器标识、命令、参数与字面值按原文保留。	未找到现行非 fuzzy 译文先例；见完整证据索引	全量检索没有现行非 fuzzy 可用译文先例；没有匹配译文。原概念释义可理解，缺乏足够 NLS 证据时保守保留，不作全局替换。	target-links.jsonl#T0492; 0 messages / 0 clusters	保留；NLS 证据不足	第一轮：全量检索、概念及语境评估	nls-v1	term-evidence.jsonl#T0492	0	同英文/context/plural/form/中文合并，保留全部版本/组件位置；不算独立人类佐证
T0493	Server Programming Interface	服务器编程接口	服务器编程接口	保留	PostgreSQL 对应技术概念的说明文字；机器标识、命令、参数与字面值按原文保留。	未找到现行非 fuzzy 译文先例；见完整证据索引	全量检索没有现行非 fuzzy 可用译文先例；没有匹配译文。原概念释义可理解，缺乏足够 NLS 证据时保守保留，不作全局替换。	target-links.jsonl#T0493; 0 messages / 0 clusters	保留；NLS 证据不足	第一轮：全量检索、概念及语境评估	nls-v1	term-evidence.jsonl#T0493	0	同英文/context/plural/form/中文合并，保留全部版本/组件位置；不算独立人类佐证
T0494	Service discovery	服务发现	服务发现	保留	PostgreSQL 对应技术概念的说明文字；机器标识、命令、参数与字面值按原文保留。	未找到现行非 fuzzy 译文先例；见完整证据索引	全量检索没有现行非 fuzzy 可用译文先例；没有匹配译文。原概念释义可理解，缺乏足够 NLS 证据时保守保留，不作全局替换。	target-links.jsonl#T0494; 0 messages / 0 clusters	保留；NLS 证据不足	第一轮：全量检索、概念及语境评估	nls-v1	term-evidence.jsonl#T0494	0	同英文/context/plural/form/中文合并，保留全部版本/组件位置；不算独立人类佐证
T0495	service time	服务时间	服务时间	保留	PostgreSQL 对应技术概念的说明文字；机器标识、命令、参数与字面值按原文保留。	未找到现行非 fuzzy 译文先例；见完整证据索引	全量检索没有现行非 fuzzy 可用译文先例；没有匹配译文。原概念释义可理解，缺乏足够 NLS 证据时保守保留，不作全局替换。	target-links.jsonl#T0495; 0 messages / 0 clusters	保留；NLS 证据不足	第一轮：全量检索、概念及语境评估	nls-v1	term-evidence.jsonl#T0495	0	同英文/context/plural/form/中文合并，保留全部版本/组件位置；不算独立人类佐证
T0496	Sharding	分片	分片	保留	PostgreSQL 对应技术概念的说明文字；机器标识、命令、参数与字面值按原文保留。	未找到现行非 fuzzy 译文先例；见完整证据索引	全量检索没有现行非 fuzzy 可用译文先例；没有匹配译文。原概念释义可理解，缺乏足够 NLS 证据时保守保留，不作全局替换。	target-links.jsonl#T0496; 0 messages / 0 clusters	保留；NLS 证据不足	第一轮：全量检索、概念及语境评估	nls-v1	term-evidence.jsonl#T0496	0	同英文/context/plural/form/中文合并，保留全部版本/组件位置；不算独立人类佐证
T0497	Shared Modes	共享模式	共享模式	保留	PostgreSQL 对应技术概念的说明文字；机器标识、命令、参数与字面值按原文保留。	未找到现行非 fuzzy 译文先例；见完整证据索引	全量检索没有现行非 fuzzy 可用译文先例；没有匹配译文。原概念释义可理解，缺乏足够 NLS 证据时保守保留，不作全局替换。	target-links.jsonl#T0497; 0 messages / 0 clusters	保留；NLS 证据不足	第一轮：全量检索、概念及语境评估	nls-v1	term-evidence.jsonl#T0497	0	同英文/context/plural/form/中文合并，保留全部版本/组件位置；不算独立人类佐证
T0498	shared-disk architecture	共享磁盘架构	共享磁盘架构	保留	PostgreSQL 对应技术概念的说明文字；机器标识、命令、参数与字面值按原文保留。	未找到现行非 fuzzy 译文先例；见完整证据索引	全量检索没有现行非 fuzzy 可用译文先例；没有匹配译文。原概念释义可理解，缺乏足够 NLS 证据时保守保留，不作全局替换。	target-links.jsonl#T0498; 0 messages / 0 clusters	保留；NLS 证据不足	第一轮：全量检索、概念及语境评估	nls-v1	term-evidence.jsonl#T0498	0	同英文/context/plural/form/中文合并，保留全部版本/组件位置；不算独立人类佐证
T0499	shared-memory architecture	共享内存架构	共享内存架构	保留	PostgreSQL 对应技术概念的说明文字；机器标识、命令、参数与字面值按原文保留。	未找到现行非 fuzzy 译文先例；见完整证据索引	全量检索没有现行非 fuzzy 可用译文先例；没有匹配译文。原概念释义可理解，缺乏足够 NLS 证据时保守保留，不作全局替换。	target-links.jsonl#T0499; 0 messages / 0 clusters	保留；NLS 证据不足	第一轮：全量检索、概念及语境评估	nls-v1	term-evidence.jsonl#T0499	0	同英文/context/plural/form/中文合并，保留全部版本/组件位置；不算独立人类佐证
T0500	shell type	shell 类型	shell 类型	保留并限定语境	占位类型概念，原有效 shell 类型在该消息簇保留；不是 shell 脚本的数据类型。	Creating a shell type definition. → 创建一个 shell 类型定义. [TE-2de5558b8009dd2a9dbb] | aggregate cannot accept shell type %s → 聚集函数不能接收 shell 类型 %s [TE-feffe1dd22837c654e56] | cannot accept a value of a shell type → 无法接受一个shell类型的值 [TE-4e4d5fa97dd97efedccf]	存在可追溯现行译文对；已检查概念/句法/标识符区别，具体限定见适用语境。两列源释义保留，实际消息优先准确同簇既有表达。	target-links.jsonl#T0500; 10 messages / 3 clusters	本批按语境采用；不是人工批准	第一轮：全量检索、概念及语境评估	nls-v1	term-evidence.jsonl#T0500	7	同英文/context/plural/form/中文合并，保留全部版本/组件位置；不算独立人类佐证
T0501	SI	快照隔离	快照隔离	保留	PostgreSQL 对应技术概念的说明文字；机器标识、命令、参数与字面值按原文保留。	未找到现行非 fuzzy 译文先例；见完整证据索引	全量检索没有现行非 fuzzy 可用译文先例；没有匹配译文。原概念释义可理解，缺乏足够 NLS 证据时保守保留，不作全局替换。	target-links.jsonl#T0501; 0 messages / 0 clusters	保留；NLS 证据不足	第一轮：全量检索、概念及语境评估	nls-v1	term-evidence.jsonl#T0501	0	同英文/context/plural/form/中文合并，保留全部版本/组件位置；不算独立人类佐证
T0502	siblings	兄弟	兄弟	保留	PostgreSQL 对应技术概念的说明文字；机器标识、命令、参数与字面值按原文保留。	未找到现行非 fuzzy 译文先例；见完整证据索引	全量检索没有现行非 fuzzy 可用译文先例；没有匹配译文。原概念释义可理解，缺乏足够 NLS 证据时保守保留，不作全局替换。	target-links.jsonl#T0502; 0 messages / 0 clusters	保留；NLS 证据不足	第一轮：全量检索、概念及语境评估	nls-v1	term-evidence.jsonl#T0502	0	同英文/context/plural/form/中文合并，保留全部版本/组件位置；不算独立人类佐证
T0503	Simple Query Protocol	简单查询协议	简单查询协议	保留	PostgreSQL 对应技术概念的说明文字；机器标识、命令、参数与字面值按原文保留。	未找到现行非 fuzzy 译文先例；见完整证据索引	全量检索没有现行非 fuzzy 可用译文先例；没有匹配译文。原概念释义可理解，缺乏足够 NLS 证据时保守保留，不作全局替换。	target-links.jsonl#T0503; 0 messages / 0 clusters	保留；NLS 证据不足	第一轮：全量检索、概念及语境评估	nls-v1	term-evidence.jsonl#T0503	0	同英文/context/plural/form/中文合并，保留全部版本/组件位置；不算独立人类佐证
T0504	skew	倾斜	倾斜	保留	PostgreSQL 对应技术概念的说明文字；机器标识、命令、参数与字面值按原文保留。	未找到现行非 fuzzy 译文先例；见完整证据索引	全量检索没有现行非 fuzzy 可用译文先例；没有匹配译文。原概念释义可理解，缺乏足够 NLS 证据时保守保留，不作全局替换。	target-links.jsonl#T0504; 0 messages / 0 clusters	保留；NLS 证据不足	第一轮：全量检索、概念及语境评估	nls-v1	term-evidence.jsonl#T0504	0	同英文/context/plural/form/中文合并，保留全部版本/组件位置；不算独立人类佐证
T0505	SLA	服务级别协议	服务级别协议	保留	PostgreSQL 对应技术概念的说明文字；机器标识、命令、参数与字面值按原文保留。	未找到现行非 fuzzy 译文先例；见完整证据索引	全量检索没有现行非 fuzzy 可用译文先例；没有匹配译文。原概念释义可理解，缺乏足够 NLS 证据时保守保留，不作全局替换。	target-links.jsonl#T0505; 0 messages / 0 clusters	保留；NLS 证据不足	第一轮：全量检索、概念及语境评估	nls-v1	term-evidence.jsonl#T0505	0	同英文/context/plural/form/中文合并，保留全部版本/组件位置；不算独立人类佐证
T0506	slave	从库	从库	保留	PostgreSQL 对应技术概念的说明文字；机器标识、命令、参数与字面值按原文保留。	未找到现行非 fuzzy 译文先例；见完整证据索引	全量检索没有现行非 fuzzy 可用译文先例；没有匹配译文。原概念释义可理解，缺乏足够 NLS 证据时保守保留，不作全局替换。	target-links.jsonl#T0506; 0 messages / 0 clusters	保留；NLS 证据不足	第一轮：全量检索、概念及语境评估	nls-v1	term-evidence.jsonl#T0506	0	同英文/context/plural/form/中文合并，保留全部版本/组件位置；不算独立人类佐证
T0507	slaves	从库	从库	保留	PostgreSQL 对应技术概念的说明文字；机器标识、命令、参数与字面值按原文保留。	未找到现行非 fuzzy 译文先例；见完整证据索引	全量检索没有现行非 fuzzy 可用译文先例；没有匹配译文。原概念释义可理解，缺乏足够 NLS 证据时保守保留，不作全局替换。	target-links.jsonl#T0507; 0 messages / 0 clusters	保留；NLS 证据不足	第一轮：全量检索、概念及语境评估	nls-v1	term-evidence.jsonl#T0507	0	同英文/context/plural/form/中文合并，保留全部版本/组件位置；不算独立人类佐证
T0508	Smart Shutdown	智能关闭	智能关闭	保留	PostgreSQL 对应技术概念的说明文字；机器标识、命令、参数与字面值按原文保留。	received smart shutdown request → 接到到智能 (smart) 停止请求 [TE-89a5340209d0b2a5c15b]	有英文检索命中，但中文采用语境化句法/其他表达或保留标识；未获得充分依据替换源术语，保守保留并供具体消息复核。	target-links.jsonl#T0508; 1 messages / 1 clusters	保留；译法需按消息判断	第一轮：全量检索、概念及语境评估	nls-v1	term-evidence.jsonl#T0508	1	同英文/context/plural/form/中文合并，保留全部版本/组件位置；不算独立人类佐证
T0509	snapshot isolation	快照隔离	快照隔离	保留	PostgreSQL 对应技术概念的说明文字；机器标识、命令、参数与字面值按原文保留。	未找到现行非 fuzzy 译文先例；见完整证据索引	全量检索没有现行非 fuzzy 可用译文先例；没有匹配译文。原概念释义可理解，缺乏足够 NLS 证据时保守保留，不作全局替换。	target-links.jsonl#T0509; 0 messages / 0 clusters	保留；NLS 证据不足	第一轮：全量检索、概念及语境评估	nls-v1	term-evidence.jsonl#T0509	0	同英文/context/plural/form/中文合并，保留全部版本/组件位置；不算独立人类佐证
T0510	Snapshot Structure	快照结构	快照结构	保留	PostgreSQL 对应技术概念的说明文字；机器标识、命令、参数与字面值按原文保留。	未找到现行非 fuzzy 译文先例；见完整证据索引	全量检索没有现行非 fuzzy 可用译文先例；没有匹配译文。原概念释义可理解，缺乏足够 NLS 证据时保守保留，不作全局替换。	target-links.jsonl#T0510; 0 messages / 0 clusters	保留；NLS 证据不足	第一轮：全量检索、概念及语境评估	nls-v1	term-evidence.jsonl#T0510	0	同英文/context/plural/form/中文合并，保留全部版本/组件位置；不算独立人类佐证
T0511	Snapshots	快照	快照	保留	PostgreSQL 对应技术概念的说明文字；机器标识、命令、参数与字面值按原文保留。	"snapshot too old → 快照太旧 [TE-f23cc4fcae53bf8e4bd3] | initial slot snapshot too large → 初始槽快照太大 [TE-d7c9b8b9c9a72f166492] | invalid snapshot identifier: ""%s"" → 无效快照标识符: ""%s"" [TE-07da8cef2341bfef1a4c]"	现行译文检索中可见源中文，原概念释义可用，未发现必须全局替换的依据；检索中文子串不等于词对齐或消息语义批准。	target-links.jsonl#T0511; 23 messages / 9 clusters	保留；有检索先例	第一轮：全量检索、概念及语境评估	nls-v1	term-evidence.jsonl#T0511	23	同英文/context/plural/form/中文合并，保留全部版本/组件位置；不算独立人类佐证
T0512	sort operator	排序操作符	排序操作符	保留	PostgreSQL 对应技术概念的说明文字；机器标识、命令、参数与字面值按原文保留。	operator cannot be its own negator or sort operator → 操作符不能否定自己或者排序分类操作符 [TE-34bb6984bf028a095f0a] | sort operator can only be specified for single-argument aggregates → 只能为单一参数的聚合函数而定义排序操作符. [TE-42c91198479321fc8ff3]	现行译文检索中可见源中文，原概念释义可用，未发现必须全局替换的依据；检索中文子串不等于词对齐或消息语义批准。	target-links.jsonl#T0512; 1 messages / 1 clusters	保留；有检索先例	第一轮：全量检索、概念及语境评估	nls-v1	term-evidence.jsonl#T0512	2	同英文/context/plural/form/中文合并，保留全部版本/组件位置；不算独立人类佐证
T0513	sort path	排序路径	排序路径	保留	PostgreSQL 对应技术概念的说明文字；机器标识、命令、参数与字面值按原文保留。	未找到现行非 fuzzy 译文先例；见完整证据索引	全量检索没有现行非 fuzzy 可用译文先例；没有匹配译文。原概念释义可理解，缺乏足够 NLS 证据时保守保留，不作全局替换。	target-links.jsonl#T0513; 0 messages / 0 clusters	保留；NLS 证据不足	第一轮：全量检索、概念及语境评估	nls-v1	term-evidence.jsonl#T0513	0	同英文/context/plural/form/中文合并，保留全部版本/组件位置；不算独立人类佐证
T0514	source of truth	权威数据源	权威数据源	保留	PostgreSQL 对应技术概念的说明文字；机器标识、命令、参数与字面值按原文保留。	未找到现行非 fuzzy 译文先例；见完整证据索引	全量检索没有现行非 fuzzy 可用译文先例；没有匹配译文。原概念释义可理解，缺乏足够 NLS 证据时保守保留，不作全局替换。	target-links.jsonl#T0514; 0 messages / 0 clusters	保留；NLS 证据不足	第一轮：全量检索、概念及语境评估	nls-v1	term-evidence.jsonl#T0514	0	同英文/context/plural/form/中文合并，保留全部版本/组件位置；不算独立人类佐证
T0515	Special Space	特殊空间	特殊空间	保留	PostgreSQL 对应技术概念的说明文字；机器标识、命令、参数与字面值按原文保留。	未找到现行非 fuzzy 译文先例；见完整证据索引	全量检索没有现行非 fuzzy 可用译文先例；没有匹配译文。原概念释义可理解，缺乏足够 NLS 证据时保守保留，不作全局替换。	target-links.jsonl#T0515; 0 messages / 0 clusters	保留；NLS 证据不足	第一轮：全量检索、概念及语境评估	nls-v1	term-evidence.jsonl#T0515	0	同英文/context/plural/form/中文合并，保留全部版本/组件位置；不算独立人类佐证
T0516	speculative insertion	推测插入	推测插入	保留	PostgreSQL 对应技术概念的说明文字；机器标识、命令、参数与字面值按原文保留。	未找到现行非 fuzzy 译文先例；见完整证据索引	全量检索没有现行非 fuzzy 可用译文先例；没有匹配译文。原概念释义可理解，缺乏足够 NLS 证据时保守保留，不作全局替换。	target-links.jsonl#T0516; 0 messages / 0 clusters	保留；NLS 证据不足	第一轮：全量检索、概念及语境评估	nls-v1	term-evidence.jsonl#T0516	0	同英文/context/plural/form/中文合并，保留全部版本/组件位置；不算独立人类佐证
T0517	spin lock	自旋锁	自旋锁	保留	PostgreSQL 对应技术概念的说明文字；机器标识、命令、参数与字面值按原文保留。	未找到现行非 fuzzy 译文先例；见完整证据索引	全量检索没有现行非 fuzzy 可用译文先例；没有匹配译文。原概念释义可理解，缺乏足够 NLS 证据时保守保留，不作全局替换。	target-links.jsonl#T0517; 0 messages / 0 clusters	保留；NLS 证据不足	第一轮：全量检索、概念及语境评估	nls-v1	term-evidence.jsonl#T0517	0	同英文/context/plural/form/中文合并，保留全部版本/组件位置；不算独立人类佐证
T0518	split brain	脑裂	脑裂	保留	PostgreSQL 对应技术概念的说明文字；机器标识、命令、参数与字面值按原文保留。	未找到现行非 fuzzy 译文先例；见完整证据索引	全量检索没有现行非 fuzzy 可用译文先例；没有匹配译文。原概念释义可理解，缺乏足够 NLS 证据时保守保留，不作全局替换。	target-links.jsonl#T0518; 0 messages / 0 clusters	保留；NLS 证据不足	第一轮：全量检索、概念及语境评估	nls-v1	term-evidence.jsonl#T0518	0	同英文/context/plural/form/中文合并，保留全部版本/组件位置；不算独立人类佐证
T0519	SQL/MED	SQL 外部数据管理	SQL 外部数据管理	保留	PostgreSQL 对应技术概念的说明文字；机器标识、命令、参数与字面值按原文保留。	未找到现行非 fuzzy 译文先例；见完整证据索引	全量检索没有现行非 fuzzy 可用译文先例；没有匹配译文。原概念释义可理解，缺乏足够 NLS 证据时保守保留，不作全局替换。	target-links.jsonl#T0519; 0 messages / 0 clusters	保留；NLS 证据不足	第一轮：全量检索、概念及语境评估	nls-v1	term-evidence.jsonl#T0519	0	同英文/context/plural/form/中文合并，保留全部版本/组件位置；不算独立人类佐证
T0520	SR	流复制	流复制	保留	PostgreSQL 对应技术概念的说明文字；机器标识、命令、参数与字面值按原文保留。	未找到现行非 fuzzy 译文先例；见完整证据索引	全量检索没有现行非 fuzzy 可用译文先例；没有匹配译文。原概念释义可理解，缺乏足够 NLS 证据时保守保留，不作全局替换。	target-links.jsonl#T0520; 0 messages / 0 clusters	保留；NLS 证据不足	第一轮：全量检索、概念及语境评估	nls-v1	term-evidence.jsonl#T0520	0	同英文/context/plural/form/中文合并，保留全部版本/组件位置；不算独立人类佐证
T0521	SSI	可串行化快照隔离	可串行化快照隔离	保留	PostgreSQL 对应技术概念的说明文字；机器标识、命令、参数与字面值按原文保留。	未找到现行非 fuzzy 译文先例；见完整证据索引	全量检索没有现行非 fuzzy 可用译文先例；没有匹配译文。原概念释义可理解，缺乏足够 NLS 证据时保守保留，不作全局替换。	target-links.jsonl#T0521; 0 messages / 0 clusters	保留；NLS 证据不足	第一轮：全量检索、概念及语境评估	nls-v1	term-evidence.jsonl#T0521	0	同英文/context/plural/form/中文合并，保留全部版本/组件位置；不算独立人类佐证
T0522	standby	备库	备库	保留并限定语境	数据库角色为备库；现行备用服务器/备用模式等准确语境优先；一般 standby 不能总是替换成备库。	entering standby mode → 正在进入备用模式 [TE-0d46bb95ad872b16792b] | initializing for hot standby → 正在为热备进行初始化 [TE-3f3c890bdcb071ddbbe7] | Replication / Standby Servers → 复制 / 备用服务器 [TE-3cfb93fe4dea3e9af0fb]	存在可追溯现行译文对；已检查概念/句法/标识符区别，具体限定见适用语境。两列源释义保留，实际消息优先准确同簇既有表达。	target-links.jsonl#T0522; 56 messages / 14 clusters	本批按语境采用；不是人工批准	第一轮：全量检索、概念及语境评估	nls-v1	term-evidence.jsonl#T0522	29	同英文/context/plural/form/中文合并，保留全部版本/组件位置；不算独立人类佐证
T0523	standby mode	备库模式	备库模式	保留并限定语境	服务器备用模式/备库模式；hot standby mode 热备模式另按原文修饰语。	entering standby mode → 正在进入备用模式 [TE-0d46bb95ad872b16792b] | server is in hot standby mode\n → 服务器处于热备份模式\n [TE-9f9a1a6d1e1cab1663b9] | server is not in hot standby mode\n → 服务器不处于热备份模式\n [TE-a8aa113bcbf44efc447a]	存在可追溯现行译文对；已检查概念/句法/标识符区别，具体限定见适用语境。两列源释义保留，实际消息优先准确同簇既有表达。	target-links.jsonl#T0523; 8 messages / 5 clusters	本批按语境采用；不是人工批准	第一轮：全量检索、概念及语境评估	nls-v1	term-evidence.jsonl#T0523	6	同英文/context/plural/form/中文合并，保留全部版本/组件位置；不算独立人类佐证
T0524	standby query consistency	备库查询一致性	备库查询一致性	保留	PostgreSQL 对应技术概念的说明文字；机器标识、命令、参数与字面值按原文保留。	未找到现行非 fuzzy 译文先例；见完整证据索引	全量检索没有现行非 fuzzy 可用译文先例；没有匹配译文。原概念释义可理解，缺乏足够 NLS 证据时保守保留，不作全局替换。	target-links.jsonl#T0524; 0 messages / 0 clusters	保留；NLS 证据不足	第一轮：全量检索、概念及语境评估	nls-v1	term-evidence.jsonl#T0524	0	同英文/context/plural/form/中文合并，保留全部版本/组件位置；不算独立人类佐证
T0525	standby server	备库	备库	保留并限定语境	备用服务器是 NLS 稳定说法；备库是词表解释，按同簇选用。	Replication / Standby Servers → 复制 / 备用服务器 [TE-3cfb93fe4dea3e9af0fb] | Sets the number of WAL files held for standby servers. → 设置用于备用服务器而持有WAL文件的数量. [TE-8f92de75f9d421453af1] | Sets the maximum delay before canceling queries when a hot standby server is processing archived WAL data. → 当热备服务器在处理已归档的WAL数据时，在取消查询请求前设置最大的延迟. [TE-d1cef42c3aa6e7eeef1a]	存在可追溯现行译文对；已检查概念/句法/标识符区别，具体限定见适用语境。两列源释义保留，实际消息优先准确同簇既有表达。	target-links.jsonl#T0525; 14 messages / 8 clusters	本批按语境采用；不是人工批准	第一轮：全量检索、概念及语境评估	nls-v1	term-evidence.jsonl#T0525	5	同英文/context/plural/form/中文合并，保留全部版本/组件位置；不算独立人类佐证
T0526	standby servers	备库	备库	保留并限定语境	备用服务器是 NLS 稳定说法；保留复数所影响的参数计数含义。	Replication / Standby Servers → 复制 / 备用服务器 [TE-3cfb93fe4dea3e9af0fb] | Sets the number of WAL files held for standby servers. → 设置用于备用服务器而持有WAL文件的数量. [TE-8f92de75f9d421453af1] | Sets the maximum delay before canceling queries when a hot standby server is processing archived WAL data. → 当热备服务器在处理已归档的WAL数据时，在取消查询请求前设置最大的延迟. [TE-d1cef42c3aa6e7eeef1a]	存在可追溯现行译文对；已检查概念/句法/标识符区别，具体限定见适用语境。两列源释义保留，实际消息优先准确同簇既有表达。	target-links.jsonl#T0526; 14 messages / 8 clusters	本批按语境采用；不是人工批准	第一轮：全量检索、概念及语境评估	nls-v1	term-evidence.jsonl#T0526	5	同英文/context/plural/form/中文合并，保留全部版本/组件位置；不算独立人类佐证
T0527	standbys	备库	备库	保留并限定语境	备用服务器/备库；计数形式不能遗漏零限制、最大最小值。	entering standby mode → 正在进入备用模式 [TE-0d46bb95ad872b16792b] | initializing for hot standby → 正在为热备进行初始化 [TE-3f3c890bdcb071ddbbe7] | Replication / Standby Servers → 复制 / 备用服务器 [TE-3cfb93fe4dea3e9af0fb]	存在可追溯现行译文对；已检查概念/句法/标识符区别，具体限定见适用语境。两列源释义保留，实际消息优先准确同簇既有表达。	target-links.jsonl#T0527; 58 messages / 14 clusters	本批按语境采用；不是人工批准	第一轮：全量检索、概念及语境评估	nls-v1	term-evidence.jsonl#T0527	31	同英文/context/plural/form/中文合并，保留全部版本/组件位置；不算独立人类佐证
T0528	START TIME	开始时间	开始时间	保留并限定语境	备份标签文件键原样保留；说明文字可以开始时间。	未找到现行非 fuzzy 译文先例；见完整证据索引	全量检索没有现行非 fuzzy 可用译文先例；没有匹配译文。原概念释义可理解，缺乏足够 NLS 证据时保守保留，不作全局替换。	target-links.jsonl#T0528; 0 messages / 0 clusters	保留；NLS 证据不足	第一轮：全量检索、概念及语境评估	nls-v1	term-evidence.jsonl#T0528	0	同英文/context/plural/form/中文合并，保留全部版本/组件位置；不算独立人类佐证
T0529	START TIMELINE	开始时间线	开始时间线	保留并限定语境	备份标签文件键原样保留；说明文字可开始时间线，不能改写机器文件。	未找到现行非 fuzzy 译文先例；见完整证据索引	全量检索没有现行非 fuzzy 可用译文先例；仅有 fuzzy/废弃线索，不能据此定为稳定译法。原概念释义可理解，缺乏足够 NLS 证据时保守保留，不作全局替换。	target-links.jsonl#T0529; 2 messages / 1 clusters	保留；NLS 证据不足	第一轮：全量检索、概念及语境评估	nls-v1	term-evidence.jsonl#T0529	0	同英文/context/plural/form/中文合并，保留全部版本/组件位置；不算独立人类佐证
T0530	START WAL LOCATION	WAL 起始位置	WAL 起始位置	保留并限定语境	备份标签文件键原样保留；普通诊断说明为 WAL 起始位置，空格格式依消息合同。	"no start WAL location given → 未给出WAL起始位置 [TE-1574aca8bcda5c3c8357] | could not parse start WAL location ""%s"" → 无法解析WAL起始位置""%s"" [TE-f87fc3ed591fcfa2adb7] | start WAL location %X/%X is not inside file ""%s"" → WAL开始位置%X/%X不在文件""%s""中 [TE-00d43cb721b2099b0a6f]"	存在可追溯现行译文对；已检查概念/句法/标识符区别，具体限定见适用语境。两列源释义保留，实际消息优先准确同簇既有表达。	target-links.jsonl#T0530; 2 messages / 1 clusters	本批按语境采用；不是人工批准	第一轮：全量检索、概念及语境评估	nls-v1	term-evidence.jsonl#T0530	3	同英文/context/plural/form/中文合并，保留全部版本/组件位置；不算独立人类佐证
T0531	start-up	启动	启动	保留	PostgreSQL 对应技术概念的说明文字；机器标识、命令、参数与字面值按原文保留。	未找到现行非 fuzzy 译文先例；见完整证据索引	全量检索没有现行非 fuzzy 可用译文先例；没有匹配译文。原概念释义可理解，缺乏足够 NLS 证据时保守保留，不作全局替换。	target-links.jsonl#T0531; 1 messages / 1 clusters	保留；NLS 证据不足	第一轮：全量检索、概念及语境评估	nls-v1	term-evidence.jsonl#T0531	0	同英文/context/plural/form/中文合并，保留全部版本/组件位置；不算独立人类佐证
T0532	startup process	启动进程	启动进程	保留	PostgreSQL 对应技术概念的说明文字；机器标识、命令、参数与字面值按原文保留。	startup process → 启动进程 [TE-fd1be1e5d444b6d360b7] | could not fork startup process: %m → 无法派生启动进程: %m [TE-5a5b799fe8403f615500] | aborting startup due to startup process failure → 由于启动进程失败, 终止启动 [TE-277264f7915eaba9ad52]	现行译文检索中可见源中文，原概念释义可用，未发现必须全局替换的依据；检索中文子串不等于词对齐或消息语义批准。	target-links.jsonl#T0532; 3 messages / 1 clusters	保留；有检索先例	第一轮：全量检索、概念及语境评估	nls-v1	term-evidence.jsonl#T0532	3	同英文/context/plural/form/中文合并，保留全部版本/组件位置；不算独立人类佐证
T0533	state transition functions	状态转移函数	状态转移函数	保留并限定语境	聚合状态转移函数；SQL TRANSFUNC、函数名和参数名不翻译。	未找到现行非 fuzzy 译文先例；见完整证据索引	全量检索没有现行非 fuzzy 可用译文先例；没有匹配译文。原概念释义可理解，缺乏足够 NLS 证据时保守保留，不作全局替换。	target-links.jsonl#T0533; 0 messages / 0 clusters	保留；NLS 证据不足	第一轮：全量检索、概念及语境评估	nls-v1	term-evidence.jsonl#T0533	0	同英文/context/plural/form/中文合并，保留全部版本/组件位置；不算独立人类佐证
T0534	state values	状态值	状态值	保留	PostgreSQL 对应技术概念的说明文字；机器标识、命令、参数与字面值按原文保留。	未找到现行非 fuzzy 译文先例；见完整证据索引	全量检索没有现行非 fuzzy 可用译文先例；没有匹配译文。原概念释义可理解，缺乏足够 NLS 证据时保守保留，不作全局替换。	target-links.jsonl#T0534; 0 messages / 0 clusters	保留；NLS 证据不足	第一轮：全量检索、概念及语境评估	nls-v1	term-evidence.jsonl#T0534	0	同英文/context/plural/form/中文合并，保留全部版本/组件位置；不算独立人类佐证
T0535	Statistics	统计信息	统计信息	保留	PostgreSQL 对应技术概念的说明文字；机器标识、命令、参数与字面值按原文保留。	Statistics → 统计信息 [TE-e218a37a7f4c1924623d] | Statistics objects: → 统计信息对象: [TE-61b799512bd1af69f30d] | statistics object %s → 统计信息对象%s [TE-48cec12b22700612cdf2]	现行译文检索中可见源中文，原概念释义可用，未发现必须全局替换的依据；检索中文子串不等于词对齐或消息语义批准。	target-links.jsonl#T0535; 116 messages / 20 clusters	保留；有检索先例	第一轮：全量检索、概念及语境评估	nls-v1	term-evidence.jsonl#T0535	80	同英文/context/plural/form/中文合并，保留全部版本/组件位置；不算独立人类佐证
T0536	stop-the-world	全局暂停	全局暂停	保留	PostgreSQL 对应技术概念的说明文字；机器标识、命令、参数与字面值按原文保留。	未找到现行非 fuzzy 译文先例；见完整证据索引	全量检索没有现行非 fuzzy 可用译文先例；没有匹配译文。原概念释义可理解，缺乏足够 NLS 证据时保守保留，不作全局替换。	target-links.jsonl#T0536; 0 messages / 0 clusters	保留；NLS 证据不足	第一轮：全量检索、概念及语境评估	nls-v1	term-evidence.jsonl#T0536	0	同英文/context/plural/form/中文合并，保留全部版本/组件位置；不算独立人类佐证
T0537	storage parameters	存储参数	存储参数	保留	PostgreSQL 对应技术概念的说明文字；机器标识、命令、参数与字面值按原文保留。	"column ""%s"" has a storage parameter conflict → 列 ""%s"" 带有一个冲突的存储参数 [TE-514ac74e19a1868aa3ab] | inherited column ""%s"" has a storage parameter conflict → 继承列 ""%s"" 有一个存储参数冲突 [TE-fc6b9ba11cd8837d0ff7]"	现行译文检索中可见源中文，原概念释义可用，未发现必须全局替换的依据；检索中文子串不等于词对齐或消息语义批准。	target-links.jsonl#T0537; 4 messages / 2 clusters	保留；有检索先例	第一轮：全量检索、概念及语境评估	nls-v1	term-evidence.jsonl#T0537	2	同英文/context/plural/form/中文合并，保留全部版本/组件位置；不算独立人类佐证
T0538	streaming	流式传输	流式传输	保留并限定语境	复制/流传输动作按对象表达；流式传输不是所有 streaming 的完整技术解释。	Streaming → 流 [TE-8e49e08ae140f7975d03] | streaming initiated → 流已初始化 [TE-7532f9a83e06830094f9] | streaming header too small: %d → 流头大小: %d 值太小 [TE-190f996e2385d776e53b]	存在可追溯现行译文对；已检查概念/句法/标识符区别，具体限定见适用语境。两列源释义保留，实际消息优先准确同簇既有表达。	target-links.jsonl#T0538; 37 messages / 12 clusters	本批按语境采用；不是人工批准	第一轮：全量检索、概念及语境评估	nls-v1	term-evidence.jsonl#T0538	28	同英文/context/plural/form/中文合并，保留全部版本/组件位置；不算独立人类佐证
T0539	Streaming Replication	流复制	流复制	保留	PostgreSQL 对应技术概念的说明文字；机器标识、命令、参数与字面值按原文保留。	未找到现行非 fuzzy 译文先例；见完整证据索引	全量检索没有现行非 fuzzy 可用译文先例；仅有 fuzzy/废弃线索，不能据此定为稳定译法。原概念释义可理解，缺乏足够 NLS 证据时保守保留，不作全局替换。	target-links.jsonl#T0539; 2 messages / 2 clusters	保留；NLS 证据不足	第一轮：全量检索、概念及语境评估	nls-v1	term-evidence.jsonl#T0539	0	同英文/context/plural/form/中文合并，保留全部版本/组件位置；不算独立人类佐证
T0540	Strict Two-Phase Locking	严格两阶段锁协议	严格两阶段锁协议	保留	PostgreSQL 对应技术概念的说明文字；机器标识、命令、参数与字面值按原文保留。	未找到现行非 fuzzy 译文先例；见完整证据索引	全量检索没有现行非 fuzzy 可用译文先例；没有匹配译文。原概念释义可理解，缺乏足够 NLS 证据时保守保留，不作全局替换。	target-links.jsonl#T0540; 0 messages / 0 clusters	保留；NLS 证据不足	第一轮：全量检索、概念及语境评估	nls-v1	term-evidence.jsonl#T0540	0	同英文/context/plural/form/中文合并，保留全部版本/组件位置；不算独立人类佐证
T0541	strong consistency	强一致性	强一致性	保留	PostgreSQL 对应技术概念的说明文字；机器标识、命令、参数与字面值按原文保留。	未找到现行非 fuzzy 译文先例；见完整证据索引	全量检索没有现行非 fuzzy 可用译文先例；没有匹配译文。原概念释义可理解，缺乏足够 NLS 证据时保守保留，不作全局替换。	target-links.jsonl#T0541; 0 messages / 0 clusters	保留；NLS 证据不足	第一轮：全量检索、概念及语境评估	nls-v1	term-evidence.jsonl#T0541	0	同英文/context/plural/form/中文合并，保留全部版本/组件位置；不算独立人类佐证
T0542	struct	结构体	结构体	保留并限定语境	说明为结构体；C 关键字 struct 及代码必须保留。	"indicator for struct has to be a struct → 结构的记号必须是struct [TE-f592aa89c3870da81cab] | indicator struct ""%s"" has too few members → 结构""%s""的记号的成员太少 [TE-6ec7d16b48b57c6aa2c6] | indicator struct ""%s"" has too many members → 结构""%s""的记号成员太多 [TE-50d99ffab6e04075f809]"	存在可追溯现行译文对；已检查概念/句法/标识符区别，具体限定见适用语境。两列源释义保留，实际消息优先准确同簇既有表达。	target-links.jsonl#T0542; 6 messages / 2 clusters	本批按语境采用；不是人工批准	第一轮：全量检索、概念及语境评估	nls-v1	term-evidence.jsonl#T0542	3	同英文/context/plural/form/中文合并，保留全部版本/组件位置；不算独立人类佐证
T0543	sub-partitioning	子分区	子分区	保留	PostgreSQL 对应技术概念的说明文字；机器标识、命令、参数与字面值按原文保留。	未找到现行非 fuzzy 译文先例；见完整证据索引	全量检索没有现行非 fuzzy 可用译文先例；没有匹配译文。原概念释义可理解，缺乏足够 NLS 证据时保守保留，不作全局替换。	target-links.jsonl#T0543; 0 messages / 0 clusters	保留；NLS 证据不足	第一轮：全量检索、概念及语境评估	nls-v1	term-evidence.jsonl#T0543	0	同英文/context/plural/form/中文合并，保留全部版本/组件位置；不算独立人类佐证
T0544	subscription	订阅	订阅	保留并限定语境	逻辑复制订阅对象；与数组 subscript 下标严格区分。	subscription %s → 订阅 %s [TE-735dc2d87a1da0846e8f] | List of subscriptions → 订阅列表 [TE-0190e58c5efed2effb56] | reading subscriptions → 读取订阅 [TE-c5e8616e21e88c3198ef]	存在可追溯现行译文对；已检查概念/句法/标识符区别，具体限定见适用语境。两列源释义保留，实际消息优先准确同簇既有表达。	target-links.jsonl#T0544; 115 messages / 15 clusters	本批按语境采用；不是人工批准	第一轮：全量检索、概念及语境评估	nls-v1	term-evidence.jsonl#T0544	47	同英文/context/plural/form/中文合并，保留全部版本/组件位置；不算独立人类佐证
T0545	Subtransactions	子事务	子事务	保留	PostgreSQL 对应技术概念的说明文字；机器标识、命令、参数与字面值按原文保留。	%s cannot run inside a subtransaction → %s 无法在一个子事物中运行 [TE-f9b3557725873ae689b6] | subtransaction left non-empty SPI stack → 子事物剩下非空的 SPI 栈 [TE-601ab949ecaa64b6067f] | there is no subtransaction to exit from → 没有子事务可以退出 [TE-0a9f7dc62cde6ffc55b8]	现行译文检索中可见源中文，原概念释义可用，未发现必须全局替换的依据；检索中文子串不等于词对齐或消息语义批准。	target-links.jsonl#T0545; 21 messages / 10 clusters	保留；有检索先例	第一轮：全量检索、概念及语境评估	nls-v1	term-evidence.jsonl#T0545	20	同英文/context/plural/form/中文合并，保留全部版本/组件位置；不算独立人类佐证
T0546	suffix truncation	后缀截断	后缀截断	保留	PostgreSQL 对应技术概念的说明文字；机器标识、命令、参数与字面值按原文保留。	未找到现行非 fuzzy 译文先例；见完整证据索引	全量检索没有现行非 fuzzy 可用译文先例；没有匹配译文。原概念释义可理解，缺乏足够 NLS 证据时保守保留，不作全局替换。	target-links.jsonl#T0546; 0 messages / 0 clusters	保留；NLS 证据不足	第一轮：全量检索、概念及语境评估	nls-v1	term-evidence.jsonl#T0546	0	同英文/context/plural/form/中文合并，保留全部版本/组件位置；不算独立人类佐证
T0547	switch-over	计划内切换	计划内切换	保留	PostgreSQL 对应技术概念的说明文字；机器标识、命令、参数与字面值按原文保留。	未找到现行非 fuzzy 译文先例；见完整证据索引	全量检索没有现行非 fuzzy 可用译文先例；没有匹配译文。原概念释义可理解，缺乏足够 NLS 证据时保守保留，不作全局替换。	target-links.jsonl#T0547; 0 messages / 0 clusters	保留；NLS 证据不足	第一轮：全量检索、概念及语境评估	nls-v1	term-evidence.jsonl#T0547	0	同英文/context/plural/form/中文合并，保留全部版本/组件位置；不算独立人类佐证
T0548	switchover	计划内切换	计划内切换	保留	PostgreSQL 对应技术概念的说明文字；机器标识、命令、参数与字面值按原文保留。	未找到现行非 fuzzy 译文先例；见完整证据索引	全量检索没有现行非 fuzzy 可用译文先例；没有匹配译文。原概念释义可理解，缺乏足够 NLS 证据时保守保留，不作全局替换。	target-links.jsonl#T0548; 0 messages / 0 clusters	保留；NLS 证据不足	第一轮：全量检索、概念及语境评估	nls-v1	term-evidence.jsonl#T0548	0	同英文/context/plural/form/中文合并，保留全部版本/组件位置；不算独立人类佐证
T0549	sync_priority	同步优先级	同步优先级	保留并限定语境	视图/字段标识符 sync_priority 保留；中文说明同步优先级。	未找到现行非 fuzzy 译文先例；见完整证据索引	全量检索没有现行非 fuzzy 可用译文先例；没有匹配译文。原概念释义可理解，缺乏足够 NLS 证据时保守保留，不作全局替换。	target-links.jsonl#T0549; 0 messages / 0 clusters	保留；NLS 证据不足	第一轮：全量检索、概念及语境评估	nls-v1	term-evidence.jsonl#T0549	0	同英文/context/plural/form/中文合并，保留全部版本/组件位置；不算独立人类佐证
T0550	sync_state	同步状态	同步状态	保留并限定语境	视图/字段标识符 sync_state 保留；中文说明同步状态。	未找到现行非 fuzzy 译文先例；见完整证据索引	全量检索没有现行非 fuzzy 可用译文先例；没有匹配译文。原概念释义可理解，缺乏足够 NLS 证据时保守保留，不作全局替换。	target-links.jsonl#T0550; 0 messages / 0 clusters	保留；NLS 证据不足	第一轮：全量检索、概念及语境评估	nls-v1	term-evidence.jsonl#T0550	0	同英文/context/plural/form/中文合并，保留全部版本/组件位置；不算独立人类佐证
T0551	System Catalog	系统目录	系统目录	保留并限定语境	系统目录/系统表按实际关系对象；系统目录不是文件系统中的目录路径。	"(The system catalogs might be corrupted.) → (系统表可能损坏了.) [TE-366bd3b9d4eaf4a829a0] | permission denied: ""%s"" is a system catalog → 权限不够: ""%s"" 是一个系统表 [TE-ef1860180a24ba3e721c] | cannot reindex a system catalog concurrently → 无法同时重新索引系统目录 [TE-c3de95bef893a2c5a0b4]"	存在可追溯现行译文对；已检查概念/句法/标识符区别，具体限定见适用语境。两列源释义保留，实际消息优先准确同簇既有表达。	target-links.jsonl#T0551; 15 messages / 7 clusters	本批按语境采用；不是人工批准	第一轮：全量检索、概念及语境评估	nls-v1	term-evidence.jsonl#T0551	19	同英文/context/plural/form/中文合并，保留全部版本/组件位置；不算独立人类佐证
T0552	Table Access Methods	表访问方法	表访问方法	保留	PostgreSQL 对应技术概念的说明文字；机器标识、命令、参数与字面值按原文保留。	"table access method ""%s"" does not exist → 表访问方式 ""%s"" 不存在 [TE-28244b361984cc7f6bba] | Table access method ""%s"" does not exist. → 表访问方式 ""%s"" 不存在. [TE-5c66a56ae1d322108178] | Sets the default table access method for new tables. → 设置新表的默认表访问方法. [TE-2d625b3eab50e985d98b]"	现行译文检索中可见源中文，原概念释义可用，未发现必须全局替换的依据；检索中文子串不等于词对齐或消息语义批准。	target-links.jsonl#T0552; 7 messages / 6 clusters	保留；有检索先例	第一轮：全量检索、概念及语境评估	nls-v1	term-evidence.jsonl#T0552	5	同英文/context/plural/form/中文合并，保留全部版本/组件位置；不算独立人类佐证
T0553	table alias	表别名	表别名	保留并限定语境	表别名；化名是旧显示变体，不将其当作用户姓名含义。	"Perhaps you meant to reference the table alias ""%s"". → 可能您是要引用表的化名 ""%s"". [TE-800b5a301157622be95e]"	存在可追溯现行译文对；已检查概念/句法/标识符区别，具体限定见适用语境。两列源释义保留，实际消息优先准确同簇既有表达。	target-links.jsonl#T0553; 1 messages / 1 clusters	本批按语境采用；不是人工批准	第一轮：全量检索、概念及语境评估	nls-v1	term-evidence.jsonl#T0553	1	同英文/context/plural/form/中文合并，保留全部版本/组件位置；不算独立人类佐证
T0554	table expression	表表达式	表表达式	保留	PostgreSQL 对应技术概念的说明文字；机器标识、命令、参数与字面值按原文保留。	未找到现行非 fuzzy 译文先例；见完整证据索引	全量检索没有现行非 fuzzy 可用译文先例；没有匹配译文。原概念释义可理解，缺乏足够 NLS 证据时保守保留，不作全局替换。	target-links.jsonl#T0554; 0 messages / 0 clusters	保留；NLS 证据不足	第一轮：全量检索、概念及语境评估	nls-v1	term-evidence.jsonl#T0554	0	同英文/context/plural/form/中文合并，保留全部版本/组件位置；不算独立人类佐证
T0555	Tablespace	表空间	表空间	保留	PostgreSQL 对应技术概念的说明文字；机器标识、命令、参数与字面值按原文保留。	"Tablespace → 表空间 [TE-7394af531b115dc882a8] | tablespace %s → 表空间 %s [TE-1c2e1bd146d359995a59] | Tablespace: ""%s"" → 表空间：""%s"" [TE-be10446a36268a2e3733]"	现行译文检索中可见源中文，原概念释义可用，未发现必须全局替换的依据；检索中文子串不等于词对齐或消息语义批准。	target-links.jsonl#T0555; 94 messages / 19 clusters	保留；有检索先例	第一轮：全量检索、概念及语境评估	nls-v1	term-evidence.jsonl#T0555	82	同英文/context/plural/form/中文合并，保留全部版本/组件位置；不算独立人类佐证
T0556	target list	目标列表	目标列表	保留	PostgreSQL 对应技术概念的说明文字；机器标识、命令、参数与字面值按原文保留。	target lists can have at most %d entries → 目标列表最多可以有 %d 个字段 [TE-4bc08866c7480a2a2fe1] | SELECT rule's target list has too few entries → SELECT 规则的目标列表记录数太少 [TE-aa250977e87bbce036ad] | SELECT rule's target list has too many entries → SELECT 规则的目标列表的记录太多 [TE-277000c60abe645447fa]	现行译文检索中可见源中文，原概念释义可用，未发现必须全局替换的依据；检索中文子串不等于词对齐或消息语义批准。	target-links.jsonl#T0556; 4 messages / 2 clusters	保留；有检索先例	第一轮：全量检索、概念及语境评估	nls-v1	term-evidence.jsonl#T0556	4	同英文/context/plural/form/中文合并，保留全部版本/组件位置；不算独立人类佐证
T0557	temporary tuple storage	临时元组存储	临时元组存储	保留	PostgreSQL 对应技术概念的说明文字；机器标识、命令、参数与字面值按原文保留。	未找到现行非 fuzzy 译文先例；见完整证据索引	全量检索没有现行非 fuzzy 可用译文先例；没有匹配译文。原概念释义可理解，缺乏足够 NLS 证据时保守保留，不作全局替换。	target-links.jsonl#T0557; 0 messages / 0 clusters	保留；NLS 证据不足	第一轮：全量检索、概念及语境评估	nls-v1	term-evidence.jsonl#T0557	0	同英文/context/plural/form/中文合并，保留全部版本/组件位置；不算独立人类佐证
T0558	throughput	吞吐量	吞吐量	保留	PostgreSQL 对应技术概念的说明文字；机器标识、命令、参数与字面值按原文保留。	未找到现行非 fuzzy 译文先例；见完整证据索引	全量检索没有现行非 fuzzy 可用译文先例；没有匹配译文。原概念释义可理解，缺乏足够 NLS 证据时保守保留，不作全局替换。	target-links.jsonl#T0558; 0 messages / 0 clusters	保留；NLS 证据不足	第一轮：全量检索、概念及语境评估	nls-v1	term-evidence.jsonl#T0558	0	同英文/context/plural/form/中文合并，保留全部版本/组件位置；不算独立人类佐证
T0559	TID	元组标识符	元组标识符	保留并限定语境	TID/tid 标识和扫描名称保留；解释元组标识符。	"Enables the planner's use of TID scan plans. → 启用查询计划器的TID扫描计划. [TE-de052d20a4c7d9c0057d] | tid (%u, %u) is not valid for relation for relation ""%s"" → tid (%u, %u)对于关系""%s""的关系无效 [TE-54ba9cb9309fa1064b31]"	存在可追溯现行译文对；已检查概念/句法/标识符区别，具体限定见适用语境。两列源释义保留，实际消息优先准确同簇既有表达。	target-links.jsonl#T0559; 4 messages / 3 clusters	本批按语境采用；不是人工批准	第一轮：全量检索、概念及语境评估	nls-v1	term-evidence.jsonl#T0559	2	同英文/context/plural/form/中文合并，保留全部版本/组件位置；不算独立人类佐证
T0560	Timeline History Files	时间线历史文件	时间线历史文件	保留并限定语境	时间线历史文件；旧译时间表会混淆 timeline 和 timetable，不作为新候选模板。	"could not write timeline history file ""%s"": %s → 无法写时间表历史文件 ""%s"": %s [TE-8ddacf90dd8bbf79cad8] | could not create timeline history file ""%s"": %s → 无法创建时间表历史文件 ""%s"": %s [TE-4cba879393b7e296a0ff] | fetching timeline history file for timeline %u from primary server → 从主服务器的时间点%u获取时间点历史文件 [TE-8ac9701bde1ff9bde910]"	存在可追溯现行译文对；已检查概念/句法/标识符区别，具体限定见适用语境。两列源释义保留，实际消息优先准确同簇既有表达。	target-links.jsonl#T0560; 4 messages / 3 clusters	本批按语境采用；不是人工批准	第一轮：全量检索、概念及语境评估	nls-v1	term-evidence.jsonl#T0560	4	同英文/context/plural/form/中文合并，保留全部版本/组件位置；不算独立人类佐证
T0561	TimeLineID	时间线 ID	时间线 ID	保留并限定语境	pg_controldata 标签和变量 TimeLineID 原样保留；说明时间线 ID。	Latest checkpoint's TimeLineID:       %u\n → 最新检查点的 TimeLineID:              %u\n [TE-56608eb17870e44d767e]	存在可追溯现行译文对；已检查概念/句法/标识符区别，具体限定见适用语境。两列源释义保留，实际消息优先准确同簇既有表达。	target-links.jsonl#T0561; 2 messages / 2 clusters	本批按语境采用；不是人工批准	第一轮：全量检索、概念及语境评估	nls-v1	term-evidence.jsonl#T0561	1	同英文/context/plural/form/中文合并，保留全部版本/组件位置；不算独立人类佐证
T0562	Token	词元	词元	保留并限定语境	词法/JSON 解析为词元，认证凭证为令牌；psql 全文搜索显示原有标志符可按同簇保留；不能仅凭同一英文统一。	Token → 标志符 [TE-2efa07a0b79ba17c4dd9] | Token name → 标志名称 [TE-a1198a77a59d1be44cec] | Get next token → 取得下一个标志符 [TE-dbec783e4f2ece9464f6]	存在可追溯现行译文对；已检查概念/句法/标识符区别，具体限定见适用语境。两列源释义保留，实际消息优先准确同簇既有表达。	target-links.jsonl#T0562; 54 messages / 20 clusters	本批按语境采用；不是人工批准	第一轮：全量检索、概念及语境评估	nls-v1	term-evidence.jsonl#T0562	27	同英文/context/plural/form/中文合并，保留全部版本/组件位置；不算独立人类佐证
T0563	TOAST	超长属性存储技术（TOAST）	超长属性存储技术（TOAST）	保留并限定语境	消息中 TOAST/toast 表、索引与标识符保留原文；不在诊断句中机械展开超长属性存储技术。	"TOAST table → TOAST 表 [TE-8319b6fda192eee99aec] | toast table %s → toast 表 %s [TE-839c44d362ac480df003] | TOAST table ""%s.%s"" → TOAST 数据表 ""%s.%s"" [TE-1cdccf4e067408f0d4ae]"	存在可追溯现行译文对；已检查概念/句法/标识符区别，具体限定见适用语境。两列源释义保留，实际消息优先准确同簇既有表达。	target-links.jsonl#T0563; 23 messages / 11 clusters	本批按语境采用；不是人工批准	第一轮：全量检索、概念及语境评估	nls-v1	term-evidence.jsonl#T0563	16	同英文/context/plural/form/中文合并，保留全部版本/组件位置；不算独立人类佐证
T0564	Top-N Heapsort	Top-N 堆排序	Top-N 堆排序	保留	PostgreSQL 对应技术概念的说明文字；机器标识、命令、参数与字面值按原文保留。	未找到现行非 fuzzy 译文先例；见完整证据索引	全量检索没有现行非 fuzzy 可用译文先例；没有匹配译文。原概念释义可理解，缺乏足够 NLS 证据时保守保留，不作全局替换。	target-links.jsonl#T0564; 0 messages / 0 clusters	保留；NLS 证据不足	第一轮：全量检索、概念及语境评估	nls-v1	term-evidence.jsonl#T0564	0	同英文/context/plural/form/中文合并，保留全部版本/组件位置；不算独立人类佐证
T0565	total order	全序	全序	保留	PostgreSQL 对应技术概念的说明文字；机器标识、命令、参数与字面值按原文保留。	未找到现行非 fuzzy 译文先例；见完整证据索引	全量检索没有现行非 fuzzy 可用译文先例；没有匹配译文。原概念释义可理解，缺乏足够 NLS 证据时保守保留，不作全局替换。	target-links.jsonl#T0565; 0 messages / 0 clusters	保留；NLS 证据不足	第一轮：全量检索、概念及语境评估	nls-v1	term-evidence.jsonl#T0565	0	同英文/context/plural/form/中文合并，保留全部版本/组件位置；不算独立人类佐证
T0566	total order broadcast	全序广播	全序广播	保留	PostgreSQL 对应技术概念的说明文字；机器标识、命令、参数与字面值按原文保留。	未找到现行非 fuzzy 译文先例；见完整证据索引	全量检索没有现行非 fuzzy 可用译文先例；没有匹配译文。原概念释义可理解，缺乏足够 NLS 证据时保守保留，不作全局替换。	target-links.jsonl#T0566; 0 messages / 0 clusters	保留；NLS 证据不足	第一轮：全量检索、概念及语境评估	nls-v1	term-evidence.jsonl#T0566	0	同英文/context/plural/form/中文合并，保留全部版本/组件位置；不算独立人类佐证
T0567	transaction	事务	事务	保留并限定语境	事务，不能继承事物/交易记录等明显错误；transaction block 为事务块。	transaction %u → 事务 %u [TE-56cef56bd654084e7cf9] | start a transaction block → 开始一个事务区块 [TE-e94ec65c0f281ff5a5ec] | virtual transaction %d/%u → 虚拟事务 %d/%u [TE-9014a8e6c107b37a58c1]	存在可追溯现行译文对；已检查概念/句法/标识符区别，具体限定见适用语境。两列源释义保留，实际消息优先准确同簇既有表达。	target-links.jsonl#T0567; 229 messages / 34 clusters	本批按语境采用；不是人工批准	第一轮：全量检索、概念及语境评估	nls-v1	term-evidence.jsonl#T0567	164	同英文/context/plural/form/中文合并，保留全部版本/组件位置；不算独立人类佐证
T0568	Transaction Horizon	事务视界	事务视界	保留	PostgreSQL 对应技术概念的说明文字；机器标识、命令、参数与字面值按原文保留。	未找到现行非 fuzzy 译文先例；见完整证据索引	全量检索没有现行非 fuzzy 可用译文先例；没有匹配译文。原概念释义可理解，缺乏足够 NLS 证据时保守保留，不作全局替换。	target-links.jsonl#T0568; 0 messages / 0 clusters	保留；NLS 证据不足	第一轮：全量检索、概念及语境评估	nls-v1	term-evidence.jsonl#T0568	0	同英文/context/plural/form/中文合并，保留全部版本/组件位置；不算独立人类佐证
T0569	transaction id	事务 ID	事务 ID	保留并限定语境	事务 ID；与命令 ID、MultiXact ID、xid/txid 机器名称区分。	"invalid next transaction ID → 无效的下一个事务 ID [TE-f755d2e2627d10baaa51] | transaction ID %s is in the future → 事务ID %s 在将来 [TE-0efa9df63d4287dfc592] | could not parse ""%s"" as a transaction ID → 无法将""%s""解析为事务ID [TE-43c69158d26021d28175]"	存在可追溯现行译文对；已检查概念/句法/标识符区别，具体限定见适用语境。两列源释义保留，实际消息优先准确同簇既有表达。	target-links.jsonl#T0569; 23 messages / 10 clusters	本批按语境采用；不是人工批准	第一轮：全量检索、概念及语境评估	nls-v1	term-evidence.jsonl#T0569	18	同英文/context/plural/form/中文合并，保留全部版本/组件位置；不算独立人类佐证
T0570	Transaction ID Wraparound	事务 ID 回卷	事务 ID 回卷	保留并限定语境	事务 ID 回卷；旧译重叠无法说明环绕机制，不能作新候选模板。	Age at which to autovacuum a table to prevent transaction ID wraparound. → 这是应该自动清理一张表以避免事务ID重叠的时间段. [TE-a1c3913017774b33099b]	存在可追溯现行译文对；已检查概念/句法/标识符区别，具体限定见适用语境。两列源释义保留，实际消息优先准确同簇既有表达。	target-links.jsonl#T0570; 1 messages / 1 clusters	本批按语境采用；不是人工批准	第一轮：全量检索、概念及语境评估	nls-v1	term-evidence.jsonl#T0570	1	同英文/context/plural/form/中文合并，保留全部版本/组件位置；不算独立人类佐证
T0571	transaction isolation	事务隔离	事务隔离	保留并限定语境	事务隔离；SET TRANSACTION ISOLATION LEVEL 命令不翻译。	Sets the transaction isolation level of each new transaction. → 设置每一个新事物的隔离 (isolation) 级别. [TE-de7c88b11ae24cd12740] | SET TRANSACTION ISOLATION LEVEL must be called before any query → SET TRANSACTION ISOLATION LEVEL 必须在任何查询之前调用 [TE-7bb56b547ca7e416815a] | SET TRANSACTION ISOLATION LEVEL must not be called in a subtransaction → SET TRANSACTION ISOLATION LEVEL 不能在子事物中调用 [TE-c92ddcaf2cffde8cdbca]	存在可追溯现行译文对；已检查概念/句法/标识符区别，具体限定见适用语境。两列源释义保留，实际消息优先准确同簇既有表达。	target-links.jsonl#T0571; 3 messages / 2 clusters	本批按语境采用；不是人工批准	第一轮：全量检索、概念及语境评估	nls-v1	term-evidence.jsonl#T0571	3	同英文/context/plural/form/中文合并，保留全部版本/组件位置；不算独立人类佐证
T0572	transaction log	事务日志	事务日志	保留	PostgreSQL 对应技术概念的说明文字；机器标识、命令、参数与字面值按原文保留。	未找到现行非 fuzzy 译文先例；见完整证据索引	全量检索没有现行非 fuzzy 可用译文先例；没有匹配译文。原概念释义可理解，缺乏足够 NLS 证据时保守保留，不作全局替换。	target-links.jsonl#T0572; 0 messages / 0 clusters	保留；NLS 证据不足	第一轮：全量检索、概念及语境评估	nls-v1	term-evidence.jsonl#T0572	0	同英文/context/plural/form/中文合并，保留全部版本/组件位置；不算独立人类佐证
T0573	transaction snapshot	事务快照	事务快照	保留并限定语境	事务快照；SET TRANSACTION SNAPSHOT 命令原样保留。	SET LOCAL TRANSACTION SNAPSHOT is not implemented → SET LOCAL TRANSACTION SNAPSHOT没有实现 [TE-6495b31a8e87266b2f96] | SET TRANSACTION SNAPSHOT must be called before any query → SET TRANSACTION SNAPSHOT 必须在任何查询之前调用 [TE-2a623ec4aac8bd65f4a9]	存在可追溯现行译文对；已检查概念/句法/标识符区别，具体限定见适用语境。两列源释义保留，实际消息优先准确同簇既有表达。	target-links.jsonl#T0573; 2 messages / 2 clusters	本批按语境采用；不是人工批准	第一轮：全量检索、概念及语境评估	nls-v1	term-evidence.jsonl#T0573	2	同英文/context/plural/form/中文合并，保留全部版本/组件位置；不算独立人类佐证
T0574	Transformation	转换	转换	保留	PostgreSQL 对应技术概念的说明文字；机器标识、命令、参数与字面值按原文保留。	未找到现行非 fuzzy 译文先例；见完整证据索引	全量检索没有现行非 fuzzy 可用译文先例；没有匹配译文。原概念释义可理解，缺乏足够 NLS 证据时保守保留，不作全局替换。	target-links.jsonl#T0574; 0 messages / 0 clusters	保留；NLS 证据不足	第一轮：全量检索、概念及语境评估	nls-v1	term-evidence.jsonl#T0574	0	同英文/context/plural/form/中文合并，保留全部版本/组件位置；不算独立人类佐证
T0575	transition relations	过渡关系	过渡关系	保留	PostgreSQL 对应技术概念的说明文字；机器标识、命令、参数与字面值按原文保留。	未找到现行非 fuzzy 译文先例；见完整证据索引	全量检索没有现行非 fuzzy 可用译文先例；没有匹配译文。原概念释义可理解，缺乏足够 NLS 证据时保守保留，不作全局替换。	target-links.jsonl#T0575; 0 messages / 0 clusters	保留；NLS 证据不足	第一轮：全量检索、概念及语境评估	nls-v1	term-evidence.jsonl#T0575	0	同英文/context/plural/form/中文合并，保留全部版本/组件位置；不算独立人类佐证
T0576	transition tables	过渡表	过渡表	保留并限定语境	触发器过渡表；既有同簇转换表可保留，但不是类型转换表；OLD TABLE/NEW TABLE 必须原样保留。	Triggers on views cannot have transition tables. → 视图上的触发器不能有转换表. [TE-12e9c0c74283a8040fd3] | Use OLD TABLE or NEW TABLE for naming transition tables. → 使用 OLD TABLE 或 NEW TABLE 命名转换表. [TE-02ae40d55ee73140d0bb] | Triggers on foreign tables cannot have transition tables. → 外部表上的触发器不能有转换表. [TE-97b8838ff375218fdda7]	存在可追溯现行译文对；已检查概念/句法/标识符区别，具体限定见适用语境。两列源释义保留，实际消息优先准确同簇既有表达。	target-links.jsonl#T0576; 13 messages / 2 clusters	本批按语境采用；不是人工批准	第一轮：全量检索、概念及语境评估	nls-v1	term-evidence.jsonl#T0576	11	同英文/context/plural/form/中文合并，保留全部版本/组件位置；不算独立人类佐证
T0577	trusted	受信任的	受信任的	保留并限定语境	受信任/可信按句法；trusted language 是安全许可属性，不是作者身份背书。	"Trusted → 信任 [TE-646cc55bf74eaf081893] | language ""%s"" is not trusted → 语言 ""%s"" 不可信 [TE-1b051bb10ccedba2111b] | If true, trusted and untrusted Perl code will be compiled in strict mode. → 如果为真的话，那么信任和非信任的Perl代码将以限制模式编译. [TE-f30fadeaf3538b9435aa]"	存在可追溯现行译文对；已检查概念/句法/标识符区别，具体限定见适用语境。两列源释义保留，实际消息优先准确同簇既有表达。	target-links.jsonl#T0577; 7 messages / 6 clusters	本批按语境采用；不是人工批准	第一轮：全量检索、概念及语境评估	nls-v1	term-evidence.jsonl#T0577	3	同英文/context/plural/form/中文合并，保留全部版本/组件位置；不算独立人类佐证
T0578	trigger	触发器	触发器	保留	PostgreSQL 对应技术概念的说明文字；机器标识、命令、参数与字面值按原文保留。	trigger → 触发器 [TE-74ff4d670314ed356416] | Triggers: → 触发器： [TE-6b14aff7fe13e91f4b50] | event trigger %s → 事件触发器%s [TE-d89d7a3f2c89deba086b]	现行译文检索中可见源中文，原概念释义可用，未发现必须全局替换的依据；检索中文子串不等于词对齐或消息语义批准。	target-links.jsonl#T0578; 139 messages / 21 clusters	保留；有检索先例	第一轮：全量检索、概念及语境评估	nls-v1	term-evidence.jsonl#T0578	124	同英文/context/plural/form/中文合并，保留全部版本/组件位置；不算独立人类佐证
T0579	Trigrams	三字符组	三字符组	保留	PostgreSQL 对应技术概念的说明文字；机器标识、命令、参数与字面值按原文保留。	未找到现行非 fuzzy 译文先例；见完整证据索引	全量检索没有现行非 fuzzy 可用译文先例；没有匹配译文。原概念释义可理解，缺乏足够 NLS 证据时保守保留，不作全局替换。	target-links.jsonl#T0579; 0 messages / 0 clusters	保留；NLS 证据不足	第一轮：全量检索、概念及语境评估	nls-v1	term-evidence.jsonl#T0579	0	同英文/context/plural/form/中文合并，保留全部版本/组件位置；不算独立人类佐证
T0580	tuple	元组	元组	保留并限定语境	内部元组；区分 row 逻辑行及 attribute 属性，不能全部改为记录。	Tuples only is on.\n → 开启只显示元组.\n [TE-49dfd0892997d32114d8] | Tuples only is off.\n → 关闭只显示元组.\n [TE-038076085eeeaa3a5ec9] | attempted to delete invisible tuple → 试图删除不可见元组 [TE-a03345c88d75016d16af]	存在可追溯现行译文对；已检查概念/句法/标识符区别，具体限定见适用语境。两列源释义保留，实际消息优先准确同簇既有表达。	target-links.jsonl#T0580; 70 messages / 20 clusters	本批按语境采用；不是人工批准	第一轮：全量检索、概念及语境评估	nls-v1	term-evidence.jsonl#T0580	53	同英文/context/plural/form/中文合并，保留全部版本/组件位置；不算独立人类佐证
T0581	tuple identifier	元组标识符	元组标识符	保留	PostgreSQL 对应技术概念的说明文字；机器标识、命令、参数与字面值按原文保留。	未找到现行非 fuzzy 译文先例；见完整证据索引	全量检索没有现行非 fuzzy 可用译文先例；没有匹配译文。原概念释义可理解，缺乏足够 NLS 证据时保守保留，不作全局替换。	target-links.jsonl#T0581; 0 messages / 0 clusters	保留；NLS 证据不足	第一轮：全量检索、概念及语境评估	nls-v1	term-evidence.jsonl#T0581	0	同英文/context/plural/form/中文合并，保留全部版本/组件位置；不算独立人类佐证
T0582	Tuples	元组	元组	保留并限定语境	元组复数；psql tuples-only 输出标签沿用元组，说明时可按输出行语境解释。	Tuples only is on.\n → 开启只显示元组.\n [TE-49dfd0892997d32114d8] | Tuples only is off.\n → 关闭只显示元组.\n [TE-038076085eeeaa3a5ec9] | attempted to delete invisible tuple → 试图删除不可见元组 [TE-a03345c88d75016d16af]	存在可追溯现行译文对；已检查概念/句法/标识符区别，具体限定见适用语境。两列源释义保留，实际消息优先准确同簇既有表达。	target-links.jsonl#T0582; 70 messages / 20 clusters	本批按语境采用；不是人工批准	第一轮：全量检索、概念及语境评估	nls-v1	term-evidence.jsonl#T0582	53	同英文/context/plural/form/中文合并，保留全部版本/组件位置；不算独立人类佐证
T0583	two-phase commit	两阶段提交	两阶段提交	保留	PostgreSQL 对应技术概念的说明文字；机器标识、命令、参数与字面值按原文保留。	prepare the current transaction for two-phase commit → 准备将当前事务进行二段式提交 [TE-e7c6af7f009e87b39605] | cancel a transaction that was earlier prepared for two-phase commit → 取消一个可以为两阶段提交容易配置的事务 [TE-24cd25f0964840e3702f] | commit a transaction that was earlier prepared for two-phase commit → 提交一项事务这是两阶段提交的先前准备 [TE-653700923cfe87bce87f]	现行译文检索中可见源中文，原概念释义可用，未发现必须全局替换的依据；检索中文子串不等于词对齐或消息语义批准。	target-links.jsonl#T0583; 7 messages / 4 clusters	保留；有检索先例	第一轮：全量检索、概念及语境评估	nls-v1	term-evidence.jsonl#T0583	3	同英文/context/plural/form/中文合并，保留全部版本/组件位置；不算独立人类佐证
T0584	two-phase in-memory hash join	两阶段内存哈希连接	两阶段内存哈希连接	保留	PostgreSQL 对应技术概念的说明文字；机器标识、命令、参数与字面值按原文保留。	未找到现行非 fuzzy 译文先例；见完整证据索引	全量检索没有现行非 fuzzy 可用译文先例；没有匹配译文。原概念释义可理解，缺乏足够 NLS 证据时保守保留，不作全局替换。	target-links.jsonl#T0584; 0 messages / 0 clusters	保留；NLS 证据不足	第一轮：全量检索、概念及语境评估	nls-v1	term-evidence.jsonl#T0584	0	同英文/context/plural/form/中文合并，保留全部版本/组件位置；不算独立人类佐证
T0585	txid	事务 ID	事务 ID	保留	PostgreSQL 对应技术概念的说明文字；机器标识、命令、参数与字面值按原文保留。	未找到现行非 fuzzy 译文先例；见完整证据索引	全量检索没有现行非 fuzzy 可用译文先例；没有匹配译文。原概念释义可理解，缺乏足够 NLS 证据时保守保留，不作全局替换。	target-links.jsonl#T0585; 0 messages / 0 clusters	保留；NLS 证据不足	第一轮：全量检索、概念及语境评估	nls-v1	term-evidence.jsonl#T0585	0	同英文/context/plural/form/中文合并，保留全部版本/组件位置；不算独立人类佐证
T0586	txid wraparound	事务 ID 回卷	事务 ID 回卷	保留	PostgreSQL 对应技术概念的说明文字；机器标识、命令、参数与字面值按原文保留。	未找到现行非 fuzzy 译文先例；见完整证据索引	全量检索没有现行非 fuzzy 可用译文先例；没有匹配译文。原概念释义可理解，缺乏足够 NLS 证据时保守保留，不作全局替换。	target-links.jsonl#T0586; 0 messages / 0 clusters	保留；NLS 证据不足	第一轮：全量检索、概念及语境评估	nls-v1	term-evidence.jsonl#T0586	0	同英文/context/plural/form/中文合并，保留全部版本/组件位置；不算独立人类佐证
T0587	type categories	类型分类	类型分类	保留并限定语境	类型分类，不继承旧译类型目录；实际 type category 字母值保留。	"invalid type category ""%s"": must be simple ASCII → 无效的类型目录 ""%s"": 必须是简单ASCII [TE-4d73fbed77bb2bd0cbb9]"	存在可追溯现行译文对；已检查概念/句法/标识符区别，具体限定见适用语境。两列源释义保留，实际消息优先准确同簇既有表达。	target-links.jsonl#T0587; 1 messages / 1 clusters	本批按语境采用；不是人工批准	第一轮：全量检索、概念及语境评估	nls-v1	term-evidence.jsonl#T0587	1	同英文/context/plural/form/中文合并，保留全部版本/组件位置；不算独立人类佐证
T0588	typed table	类型化表	类型化表	保留并限定语境	类型化表；原有类型表在具体 SQL OF 语境可保留，不误为任意有列类型的表。	"Typed table of type: %s → 类型的已确定类型表(typed table):%s [TE-33719deca4bf26dffb5d] | ""%s"" is not a typed table → ""%s"" 不是一个类型表 [TE-9b2b3b745f628b774b79] | typed tables cannot inherit → 类型表不能继承 [TE-9f17ea8753ab9b4add24]"	存在可追溯现行译文对；已检查概念/句法/标识符区别，具体限定见适用语境。两列源释义保留，实际消息优先准确同簇既有表达。	target-links.jsonl#T0588; 14 messages / 3 clusters	本批按语境采用；不是人工批准	第一轮：全量检索、概念及语境评估	nls-v1	term-evidence.jsonl#T0588	13	同英文/context/plural/form/中文合并，保留全部版本/组件位置；不算独立人类佐证
T0589	unbundling	分拆	分拆	保留	PostgreSQL 对应技术概念的说明文字；机器标识、命令、参数与字面值按原文保留。	未找到现行非 fuzzy 译文先例；见完整证据索引	全量检索没有现行非 fuzzy 可用译文先例；没有匹配译文。原概念释义可理解，缺乏足够 NLS 证据时保守保留，不作全局替换。	target-links.jsonl#T0589; 0 messages / 0 clusters	保留；NLS 证据不足	第一轮：全量检索、概念及语境评估	nls-v1	term-evidence.jsonl#T0589	0	同英文/context/plural/form/中文合并，保留全部版本/组件位置；不算独立人类佐证
T0590	UNDO log	撤销日志	撤销日志	保留	PostgreSQL 对应技术概念的说明文字；机器标识、命令、参数与字面值按原文保留。	未找到现行非 fuzzy 译文先例；见完整证据索引	全量检索没有现行非 fuzzy 可用译文先例；没有匹配译文。原概念释义可理解，缺乏足够 NLS 证据时保守保留，不作全局替换。	target-links.jsonl#T0590; 0 messages / 0 clusters	保留；NLS 证据不足	第一轮：全量检索、概念及语境评估	nls-v1	term-evidence.jsonl#T0590	0	同英文/context/plural/form/中文合并，保留全部版本/组件位置；不算独立人类佐证
T0591	unlogged	不记录 WAL	不记录 WAL	保留并限定语境	不记录 WAL 的表/关系；同簇不记录日志准确时保留，SQL UNLOGGED 关键字不译。	"unlogged → 未记录 [TE-d35502372f688dc25acb] | Unlogged index ""%s.%s"" → 不记录日志的索引 ""%s.%s"" [TE-7636a29a03deb333b29b] | Unlogged table ""%s.%s"" → 不记录日志的表 ""%s.%s"" [TE-3d7832e361051b5e6372]"	存在可追溯现行译文对；已检查概念/句法/标识符区别，具体限定见适用语境。两列源释义保留，实际消息优先准确同簇既有表达。	target-links.jsonl#T0591; 20 messages / 8 clusters	本批按语境采用；不是人工批准	第一轮：全量检索、概念及语境评估	nls-v1	term-evidence.jsonl#T0591	18	同英文/context/plural/form/中文合并，保留全部版本/组件位置；不算独立人类佐证
T0592	unpinned	未钉住	未钉住	保留	PostgreSQL 对应技术概念的说明文字；机器标识、命令、参数与字面值按原文保留。	未找到现行非 fuzzy 译文先例；见完整证据索引	全量检索没有现行非 fuzzy 可用译文先例；没有匹配译文。原概念释义可理解，缺乏足够 NLS 证据时保守保留，不作全局替换。	target-links.jsonl#T0592; 0 messages / 0 clusters	保留；NLS 证据不足	第一轮：全量检索、概念及语境评估	nls-v1	term-evidence.jsonl#T0592	0	同英文/context/plural/form/中文合并，保留全部版本/组件位置；不算独立人类佐证
T0593	unqualified names	非限定名	非限定名	保留	PostgreSQL 对应技术概念的说明文字；机器标识、命令、参数与字面值按原文保留。	未找到现行非 fuzzy 译文先例；见完整证据索引	全量检索没有现行非 fuzzy 可用译文先例；没有匹配译文。原概念释义可理解，缺乏足够 NLS 证据时保守保留，不作全局替换。	target-links.jsonl#T0593; 0 messages / 0 clusters	保留；NLS 证据不足	第一轮：全量检索、概念及语境评估	nls-v1	term-evidence.jsonl#T0593	0	同英文/context/plural/form/中文合并，保留全部版本/组件位置；不算独立人类佐证
T0594	update rules	更新规则	更新规则	保留并限定语境	概念更新规则；ON UPDATE、UPDATE 命令原样保留。	INSERT with ON CONFLICT clause cannot be used with table that has INSERT or UPDATE rules → 无法对具有INSERT或者UPDATE规则的表使用带有ON CONFLICT子句的INSERT [TE-a365f9e8e016e3340c17] | NEW variables in ON UPDATE rules cannot reference columns that are part of a multiple assignment in the subject UPDATE command → ON UPDATE规则中的NEW变量不能引用主UPDATE命令中作为一个多重赋值的组成部分的列 [TE-ea5b38b514cf50b32dff]	存在可追溯现行译文对；已检查概念/句法/标识符区别，具体限定见适用语境。两列源释义保留，实际消息优先准确同簇既有表达。	target-links.jsonl#T0594; 2 messages / 1 clusters	本批按语境采用；不是人工批准	第一轮：全量检索、概念及语境评估	nls-v1	term-evidence.jsonl#T0594	2	同英文/context/plural/form/中文合并，保留全部版本/组件位置；不算独立人类佐证
T0595	usage patterns	使用模式	使用模式	保留	PostgreSQL 对应技术概念的说明文字；机器标识、命令、参数与字面值按原文保留。	未找到现行非 fuzzy 译文先例；见完整证据索引	全量检索没有现行非 fuzzy 可用译文先例；没有匹配译文。原概念释义可理解，缺乏足够 NLS 证据时保守保留，不作全局替换。	target-links.jsonl#T0595; 0 messages / 0 clusters	保留；NLS 证据不足	第一轮：全量检索、概念及语境评估	nls-v1	term-evidence.jsonl#T0595	0	同英文/context/plural/form/中文合并，保留全部版本/组件位置；不算独立人类佐证
T0596	user mapping	用户映射	用户映射	保留	PostgreSQL 对应技术概念的说明文字；机器标识、命令、参数与字面值按原文保留。	"List of user mappings → 列出用户映射 [TE-de446fc5cdd45514e5e0] | user mapping not found for ""%s"" → 没有找到对于""%s""的用户映射 [TE-8923f6cb661f56886180] | user mapping for %s on server %s → %s在服务器%s上的用户映射 [TE-501b4a71f3f3ec192c22]"	现行译文检索中可见源中文，原概念释义可用，未发现必须全局替换的依据；检索中文子串不等于词对齐或消息语义批准。	target-links.jsonl#T0596; 12 messages / 6 clusters	保留；有检索先例	第一轮：全量检索、概念及语境评估	nls-v1	term-evidence.jsonl#T0596	12	同英文/context/plural/form/中文合并，保留全部版本/组件位置；不算独立人类佐证
T0597	VACUUM	清理	清理	保留并限定语境	SQL 命令 VACUUM 和选项保持原文；普通过程清理，区别 ANALYZE 分析及 heap/index/truncate 阶段。	"unrecognized VACUUM option ""%s"" → 无法识别的清理选项""%s"" [TE-0f19ee5f8972190a1ca0] | Vacuum cost delay in milliseconds. → Vacuum开销延迟是以毫秒为单位 [TE-1de498302d1a80015d85] | automatic vacuum of table ""%s.%s.%s"" → 对表""%s.%s.%s""进行自动清理 [TE-b8a6fcdda00b0adb73a4]"	存在可追溯现行译文对；已检查概念/句法/标识符区别，具体限定见适用语境。两列源释义保留，实际消息优先准确同簇既有表达。	target-links.jsonl#T0597; 74 messages / 8 clusters	本批按语境采用；不是人工批准	第一轮：全量检索、概念及语境评估	nls-v1	term-evidence.jsonl#T0597	52	同英文/context/plural/form/中文合并，保留全部版本/组件位置；不算独立人类佐证
T0598	vacuum processing	清理过程	清理过程	保留	PostgreSQL 对应技术概念的说明文字；机器标识、命令、参数与字面值按原文保留。	未找到现行非 fuzzy 译文先例；见完整证据索引	全量检索没有现行非 fuzzy 可用译文先例；没有匹配译文。原概念释义可理解，缺乏足够 NLS 证据时保守保留，不作全局替换。	target-links.jsonl#T0598; 0 messages / 0 clusters	保留；NLS 证据不足	第一轮：全量检索、概念及语境评估	nls-v1	term-evidence.jsonl#T0598	0	同英文/context/plural/form/中文合并，保留全部版本/组件位置；不算独立人类佐证
T0599	valid bit	有效位	有效位	保留	PostgreSQL 对应技术概念的说明文字；机器标识、命令、参数与字面值按原文保留。	未找到现行非 fuzzy 译文先例；见完整证据索引	全量检索没有现行非 fuzzy 可用译文先例；没有匹配译文。原概念释义可理解，缺乏足够 NLS 证据时保守保留，不作全局替换。	target-links.jsonl#T0599; 0 messages / 0 clusters	保留；NLS 证据不足	第一轮：全量检索、概念及语境评估	nls-v1	term-evidence.jsonl#T0599	0	同英文/context/plural/form/中文合并，保留全部版本/组件位置；不算独立人类佐证
T0600	Value Insertion	插入值	插入值	保留	PostgreSQL 对应技术概念的说明文字；机器标识、命令、参数与字面值按原文保留。	未找到现行非 fuzzy 译文先例；见完整证据索引	全量检索没有现行非 fuzzy 可用译文先例；没有匹配译文。原概念释义可理解，缺乏足够 NLS 证据时保守保留，不作全局替换。	target-links.jsonl#T0600; 0 messages / 0 clusters	保留；NLS 证据不足	第一轮：全量检索、概念及语境评估	nls-v1	term-evidence.jsonl#T0600	0	同英文/context/plural/form/中文合并，保留全部版本/组件位置；不算独立人类佐证
T0601	VALUES clause	VALUES 子句	VALUES 子句	保留	PostgreSQL 对应技术概念的说明文字；机器标识、命令、参数与字面值按原文保留。	未找到现行非 fuzzy 译文先例；见完整证据索引	全量检索没有现行非 fuzzy 可用译文先例；没有匹配译文。原概念释义可理解，缺乏足够 NLS 证据时保守保留，不作全局替换。	target-links.jsonl#T0601; 0 messages / 0 clusters	保留；NLS 证据不足	第一轮：全量检索、概念及语境评估	nls-v1	term-evidence.jsonl#T0601	0	同英文/context/plural/form/中文合并，保留全部版本/组件位置；不算独立人类佐证
T0602	Version vectors	版本向量	版本向量	保留	PostgreSQL 对应技术概念的说明文字；机器标识、命令、参数与字面值按原文保留。	未找到现行非 fuzzy 译文先例；见完整证据索引	全量检索没有现行非 fuzzy 可用译文先例；没有匹配译文。原概念释义可理解，缺乏足够 NLS 证据时保守保留，不作全局替换。	target-links.jsonl#T0602; 0 messages / 0 clusters	保留；NLS 证据不足	第一轮：全量检索、概念及语境评估	nls-v1	term-evidence.jsonl#T0602	0	同英文/context/plural/form/中文合并，保留全部版本/组件位置；不算独立人类佐证
T0603	victim page	牺牲页面	牺牲页面	保留	PostgreSQL 对应技术概念的说明文字；机器标识、命令、参数与字面值按原文保留。	未找到现行非 fuzzy 译文先例；见完整证据索引	全量检索没有现行非 fuzzy 可用译文先例；没有匹配译文。原概念释义可理解，缺乏足够 NLS 证据时保守保留，不作全局替换。	target-links.jsonl#T0603; 0 messages / 0 clusters	保留；NLS 证据不足	第一轮：全量检索、概念及语境评估	nls-v1	term-evidence.jsonl#T0603	0	同英文/context/plural/form/中文合并，保留全部版本/组件位置；不算独立人类佐证
T0604	view	视图	视图	保留	PostgreSQL 对应技术概念的说明文字；机器标识、命令、参数与字面值按原文保留。	"view → 视图 [TE-c7ea649979d6a5f2f4df] | view %s → 视图 %s [TE-191779c58ebb114742f9] | View ""%s.%s"" → 视图 ""%s.%s"" [TE-6441cb0bc0e7c9b47ec2]"	现行译文检索中可见源中文，原概念释义可用，未发现必须全局替换的依据；检索中文子串不等于词对齐或消息语义批准。	target-links.jsonl#T0604; 143 messages / 14 clusters	保留；有检索先例	第一轮：全量检索、概念及语境评估	nls-v1	term-evidence.jsonl#T0604	134	同英文/context/plural/form/中文合并，保留全部版本/组件位置；不算独立人类佐证
T0605	Virtual Transactions	虚拟事务	虚拟事务	保留	PostgreSQL 对应技术概念的说明文字；机器标识、命令、参数与字面值按原文保留。	virtual transaction %d/%u → 虚拟事务 %d/%u [TE-9014a8e6c107b37a58c1]	现行译文检索中可见源中文，原概念释义可用，未发现必须全局替换的依据；检索中文子串不等于词对齐或消息语义批准。	target-links.jsonl#T0605; 1 messages / 1 clusters	保留；有检索先例	第一轮：全量检索、概念及语境评估	nls-v1	term-evidence.jsonl#T0605	1	同英文/context/plural/form/中文合并，保留全部版本/组件位置；不算独立人类佐证
T0606	Visibility Check	可见性检查	可见性检查	保留	PostgreSQL 对应技术概念的说明文字；机器标识、命令、参数与字面值按原文保留。	未找到现行非 fuzzy 译文先例；见完整证据索引	全量检索没有现行非 fuzzy 可用译文先例；没有匹配译文。原概念释义可理解，缺乏足够 NLS 证据时保守保留，不作全局替换。	target-links.jsonl#T0606; 0 messages / 0 clusters	保留；NLS 证据不足	第一轮：全量检索、概念及语境评估	nls-v1	term-evidence.jsonl#T0606	0	同英文/context/plural/form/中文合并，保留全部版本/组件位置；不算独立人类佐证
T0607	visibility check rules	可见性检查规则	可见性检查规则	保留	PostgreSQL 对应技术概念的说明文字；机器标识、命令、参数与字面值按原文保留。	未找到现行非 fuzzy 译文先例；见完整证据索引	全量检索没有现行非 fuzzy 可用译文先例；没有匹配译文。原概念释义可理解，缺乏足够 NLS 证据时保守保留，不作全局替换。	target-links.jsonl#T0607; 0 messages / 0 clusters	保留；NLS 证据不足	第一轮：全量检索、概念及语境评估	nls-v1	term-evidence.jsonl#T0607	0	同英文/context/plural/form/中文合并，保留全部版本/组件位置；不算独立人类佐证
T0608	visibility map	可见性映射	可见性映射	保留	PostgreSQL 对应技术概念的说明文字；机器标识、命令、参数与字面值按原文保留。	未找到现行非 fuzzy 译文先例；见完整证据索引	全量检索没有现行非 fuzzy 可用译文先例；没有匹配译文。原概念释义可理解，缺乏足够 NLS 证据时保守保留，不作全局替换。	target-links.jsonl#T0608; 2 messages / 1 clusters	保留；NLS 证据不足	第一轮：全量检索、概念及语境评估	nls-v1	term-evidence.jsonl#T0608	0	同英文/context/plural/form/中文合并，保留全部版本/组件位置；不算独立人类佐证
T0609	VM	可见性映射	可见性映射	保留并限定语境	vm 关系分支和缩写 VM 原样保留；说明可见性映射，不能当作虚拟机。	"Valid fork names are ""main"", ""fsm"", ""vm"", and ""init"". → 有效的分支名称是 ""main"", ""fsm"", ""vm""和""init"". [TE-3fb5661aa34f9a1afe80]"	存在可追溯现行译文对；已检查概念/句法/标识符区别，具体限定见适用语境。两列源释义保留，实际消息优先准确同簇既有表达。	target-links.jsonl#T0609; 2 messages / 2 clusters	本批按语境采用；不是人工批准	第一轮：全量检索、概念及语境评估	nls-v1	term-evidence.jsonl#T0609	1	同英文/context/plural/form/中文合并，保留全部版本/组件位置；不算独立人类佐证
T0610	Wait Queue	等待队列	等待队列	保留	PostgreSQL 对应技术概念的说明文字；机器标识、命令、参数与字面值按原文保留。	未找到现行非 fuzzy 译文先例；见完整证据索引	全量检索没有现行非 fuzzy 可用译文先例；没有匹配译文。原概念释义可理解，缺乏足够 NLS 证据时保守保留，不作全局替换。	target-links.jsonl#T0610; 0 messages / 0 clusters	保留；NLS 证据不足	第一轮：全量检索、概念及语境评估	nls-v1	term-evidence.jsonl#T0610	0	同英文/context/plural/form/中文合并，保留全部版本/组件位置；不算独立人类佐证
T0611	WAL Buffer	WAL 缓冲区	WAL 缓冲区	保留	PostgreSQL 对应技术概念的说明文字；机器标识、命令、参数与字面值按原文保留。	未找到现行非 fuzzy 译文先例；见完整证据索引	全量检索没有现行非 fuzzy 可用译文先例；没有匹配译文。原概念释义可理解，缺乏足够 NLS 证据时保守保留，不作全局替换。	target-links.jsonl#T0611; 0 messages / 0 clusters	保留；NLS 证据不足	第一轮：全量检索、概念及语境评估	nls-v1	term-evidence.jsonl#T0611	0	同英文/context/plural/form/中文合并，保留全部版本/组件位置；不算独立人类佐证
T0612	wal data	WAL 数据	WAL 数据	保留	PostgreSQL 对应技术概念的说明文字；机器标识、命令、参数与字面值按原文保留。	got WAL data offset %08x, expected %08x → 得到WAL数据偏移 %08x, 期望值为 %08x [TE-e4be4c5afdfe2b732b1e] | Sets the maximum delay before canceling queries when a hot standby server is processing archived WAL data. → 当热备服务器在处理已归档的WAL数据时，在取消查询请求前设置最大的延迟. [TE-d1cef42c3aa6e7eeef1a] | Sets the maximum delay before canceling queries when a hot standby server is processing streamed WAL data. → 当热备服务器在处理通过流复制的WAL数据时，在取消查询请求前设置最大的延迟. [TE-0ce545f25b36fb878e13]	有英文检索命中，但中文采用语境化句法/其他表达或保留标识；未获得充分依据替换源术语，保守保留并供具体消息复核。	target-links.jsonl#T0612; 5 messages / 3 clusters	保留；译法需按消息判断	第一轮：全量检索、概念及语境评估	nls-v1	term-evidence.jsonl#T0612	3	同英文/context/plural/form/中文合并，保留全部版本/组件位置；不算独立人类佐证
T0613	WAL Levels	WAL 级别	WAL 级别	保留	PostgreSQL 对应技术概念的说明文字；机器标识、命令、参数与字面值按原文保留。	WAL level not sufficient for making an online backup → WAL的级别不能满足在线备份的要求 [TE-5ae33b4d97284653ddd3] | WAL level not sufficient for creating a restore point → WAL的级别不能满足创建恢复点的要求 [TE-983fe46a01186b18be77]	有英文检索命中，但中文采用语境化句法/其他表达或保留标识；未获得充分依据替换源术语，保守保留并供具体消息复核。	target-links.jsonl#T0613; 3 messages / 2 clusters	保留；译法需按消息判断	第一轮：全量检索、概念及语境评估	nls-v1	term-evidence.jsonl#T0613	2	同英文/context/plural/form/中文合并，保留全部版本/组件位置；不算独立人类佐证
T0614	WAL Modes	WAL 模式	WAL 模式	保留	PostgreSQL 对应技术概念的说明文字；机器标识、命令、参数与字面值按原文保留。	未找到现行非 fuzzy 译文先例；见完整证据索引	全量检索没有现行非 fuzzy 可用译文先例；没有匹配译文。原概念释义可理解，缺乏足够 NLS 证据时保守保留，不作全局替换。	target-links.jsonl#T0614; 0 messages / 0 clusters	保留；NLS 证据不足	第一轮：全量检索、概念及语境评估	nls-v1	term-evidence.jsonl#T0614	0	同英文/context/plural/form/中文合并，保留全部版本/组件位置；不算独立人类佐证
T0615	WAL Segment	WAL 段	WAL 段	保留	PostgreSQL 对应技术概念的说明文字；机器标识、命令、参数与字面值按原文保留。	  WAL segment size\n →   WAL段大小\n [TE-a279fdc3b7db74ae3268] |   first WAL segment after reset\n →   重置后的第一个WAL段\n [TE-585afa6517ede354bfd4] | WARNING: invalid WAL segment size\n → 警告: 无效的WAL段大小\n [TE-786b88dac0f2dc7b817f]	现行译文检索中可见源中文，原概念释义可用，未发现必须全局替换的依据；检索中文子串不等于词对齐或消息语义批准。	target-links.jsonl#T0615; 49 messages / 13 clusters	保留；有检索先例	第一轮：全量检索、概念及语境评估	nls-v1	term-evidence.jsonl#T0615	25	同英文/context/plural/form/中文合并，保留全部版本/组件位置；不算独立人类佐证
T0616	WAL segment file	WAL 段文件	WAL 段文件	保留	PostgreSQL 对应技术概念的说明文字；机器标识、命令、参数与字面值按原文保留。	未找到现行非 fuzzy 译文先例；见完整证据索引	全量检索没有现行非 fuzzy 可用译文先例；仅有 fuzzy/废弃线索，不能据此定为稳定译法。原概念释义可理解，缺乏足够 NLS 证据时保守保留，不作全局替换。	target-links.jsonl#T0616; 2 messages / 2 clusters	保留；NLS 证据不足	第一轮：全量检索、概念及语境评估	nls-v1	term-evidence.jsonl#T0616	0	同英文/context/plural/form/中文合并，保留全部版本/组件位置；不算独立人类佐证
T0617	WAL Setup	WAL 设置	WAL 设置	保留	PostgreSQL 对应技术概念的说明文字；机器标识、命令、参数与字面值按原文保留。	未找到现行非 fuzzy 译文先例；见完整证据索引	全量检索没有现行非 fuzzy 可用译文先例；没有匹配译文。原概念释义可理解，缺乏足够 NLS 证据时保守保留，不作全局替换。	target-links.jsonl#T0617; 0 messages / 0 clusters	保留；NLS 证据不足	第一轮：全量检索、概念及语境评估	nls-v1	term-evidence.jsonl#T0617	0	同英文/context/plural/form/中文合并，保留全部版本/组件位置；不算独立人类佐证
T0618	WAL Structure	WAL 结构	WAL 结构	保留	PostgreSQL 对应技术概念的说明文字；机器标识、命令、参数与字面值按原文保留。	未找到现行非 fuzzy 译文先例；见完整证据索引	全量检索没有现行非 fuzzy 可用译文先例；没有匹配译文。原概念释义可理解，缺乏足够 NLS 证据时保守保留，不作全局替换。	target-links.jsonl#T0618; 0 messages / 0 clusters	保留；NLS 证据不足	第一轮：全量检索、概念及语境评估	nls-v1	term-evidence.jsonl#T0618	0	同英文/context/plural/form/中文合并，保留全部版本/组件位置；不算独立人类佐证
T0619	walreceiver	WAL 接收进程	WAL 接收进程	保留并限定语境	进程名/标识符 walreceiver 保留；解释 WAL 接收进程，不混入 walsender 发送进程。	terminating walreceiver due to timeout → 由于超时, 中止walreceiver进程 [TE-2ac7d56d3a515d49e25d] | terminating walreceiver process due to administrator command → 由于管理员命令中断walreceiver进程 [TE-a099a5742bcb7eebe1f9]	存在可追溯现行译文对；已检查概念/句法/标识符区别，具体限定见适用语境。两列源释义保留，实际消息优先准确同簇既有表达。	target-links.jsonl#T0619; 5 messages / 3 clusters	本批按语境采用；不是人工批准	第一轮：全量检索、概念及语境评估	nls-v1	term-evidence.jsonl#T0619	2	同英文/context/plural/form/中文合并，保留全部版本/组件位置；不算独立人类佐证
T0620	walsender	WAL 发送进程	WAL 发送进程	保留并限定语境	进程名/标识符 walsender 保留；解释 WAL 发送进程；旧译 walsender→walreceiver 是明确错误，单列建议修复。	terminating walsender process after promotion → 在提升后, 中断walreceiver进程 [TE-49189ece1815bd6a376d] | must be superuser or replication role to start walsender → 只有超级用户或者拥有复制角色的用户才能启动 walsender [TE-3570ecbdc81fa84b8e98] | terminating walsender process due to replication timeout → 由于复制超时, 中断walreceiver进程 [TE-4d9e8668c4f5eac238f6]	存在可追溯现行译文对；已检查概念/句法/标识符区别，具体限定见适用语境。两列源释义保留，实际消息优先准确同簇既有表达。	target-links.jsonl#T0620; 5 messages / 2 clusters	本批按语境采用；不是人工批准	第一轮：全量检索、概念及语境评估	nls-v1	term-evidence.jsonl#T0620	3	同英文/context/plural/form/中文合并，保留全部版本/组件位置；不算独立人类佐证
T0621	warm standby	温备	温备	保留	PostgreSQL 对应技术概念的说明文字；机器标识、命令、参数与字面值按原文保留。	未找到现行非 fuzzy 译文先例；见完整证据索引	全量检索没有现行非 fuzzy 可用译文先例；没有匹配译文。原概念释义可理解，缺乏足够 NLS 证据时保守保留，不作全局替换。	target-links.jsonl#T0621; 0 messages / 0 clusters	保留；NLS 证据不足	第一轮：全量检索、概念及语境评估	nls-v1	term-evidence.jsonl#T0621	0	同英文/context/plural/form/中文合并，保留全部版本/组件位置；不算独立人类佐证
T0622	warm-standby	温备	温备	保留	PostgreSQL 对应技术概念的说明文字；机器标识、命令、参数与字面值按原文保留。	未找到现行非 fuzzy 译文先例；见完整证据索引	全量检索没有现行非 fuzzy 可用译文先例；没有匹配译文。原概念释义可理解，缺乏足够 NLS 证据时保守保留，不作全局替换。	target-links.jsonl#T0622; 0 messages / 0 clusters	保留；NLS 证据不足	第一轮：全量检索、概念及语境评估	nls-v1	term-evidence.jsonl#T0622	0	同英文/context/plural/form/中文合并，保留全部版本/组件位置；不算独立人类佐证
T0623	window frame	窗口帧	窗口帧	保留并限定语境	窗口帧；frame bounds 起止边界、preceding/following 方向须保留，不能只译窗口。	未找到现行非 fuzzy 译文先例；见完整证据索引	全量检索没有现行非 fuzzy 可用译文先例；没有匹配译文。原概念释义可理解，缺乏足够 NLS 证据时保守保留，不作全局替换。	target-links.jsonl#T0623; 0 messages / 0 clusters	保留；NLS 证据不足	第一轮：全量检索、概念及语境评估	nls-v1	term-evidence.jsonl#T0623	0	同英文/context/plural/form/中文合并，保留全部版本/组件位置；不算独立人类佐证
T0624	window function	窗口函数	窗口函数	保留	PostgreSQL 对应技术概念的说明文字；机器标识、命令、参数与字面值按原文保留。	"""%s"" is a window function. → ""%s""是一个窗口函数. [TE-8979b2e5225977cf79c1] | window functions cannot return sets → 窗口函数不能返回集合 [TE-fcee3152358fee2be45f] | window function calls cannot be nested → 不允许嵌套调用窗口函数 [TE-8588188cb27b8e9a6f38]"	现行译文检索中可见源中文，原概念释义可用，未发现必须全局替换的依据；检索中文子串不等于词对齐或消息语义批准。	target-links.jsonl#T0624; 36 messages / 5 clusters	保留；有检索先例	第一轮：全量检索、概念及语境评估	nls-v1	term-evidence.jsonl#T0624	32	同英文/context/plural/form/中文合并，保留全部版本/组件位置；不算独立人类佐证
T0625	working table	工作表	工作表	保留	PostgreSQL 对应技术概念的说明文字；机器标识、命令、参数与字面值按原文保留。	未找到现行非 fuzzy 译文先例；见完整证据索引	全量检索没有现行非 fuzzy 可用译文先例；仅有 fuzzy/废弃线索，不能据此定为稳定译法。原概念释义可理解，缺乏足够 NLS 证据时保守保留，不作全局替换。	target-links.jsonl#T0625; 1 messages / 1 clusters	保留；NLS 证据不足	第一轮：全量检索、概念及语境评估	nls-v1	term-evidence.jsonl#T0625	0	同英文/context/plural/form/中文合并，保留全部版本/组件位置；不算独立人类佐证
T0626	wr-conflicts	写-读冲突	写-读冲突	保留	PostgreSQL 对应技术概念的说明文字；机器标识、命令、参数与字面值按原文保留。	未找到现行非 fuzzy 译文先例；见完整证据索引	全量检索没有现行非 fuzzy 可用译文先例；没有匹配译文。原概念释义可理解，缺乏足够 NLS 证据时保守保留，不作全局替换。	target-links.jsonl#T0626; 0 messages / 0 clusters	保留；NLS 证据不足	第一轮：全量检索、概念及语境评估	nls-v1	term-evidence.jsonl#T0626	0	同英文/context/plural/form/中文合并，保留全部版本/组件位置；不算独立人类佐证
T0627	write amplification	写入放大	写入放大	保留	PostgreSQL 对应技术概念的说明文字；机器标识、命令、参数与字面值按原文保留。	未找到现行非 fuzzy 译文先例；见完整证据索引	全量检索没有现行非 fuzzy 可用译文先例；没有匹配译文。原概念释义可理解，缺乏足够 NLS 证据时保守保留，不作全局替换。	target-links.jsonl#T0627; 0 messages / 0 clusters	保留；NLS 证据不足	第一轮：全量检索、概念及语境评估	nls-v1	term-evidence.jsonl#T0627	0	同英文/context/plural/form/中文合并，保留全部版本/组件位置；不算独立人类佐证
T0628	write skew	写偏差	写偏差	保留	PostgreSQL 对应技术概念的说明文字；机器标识、命令、参数与字面值按原文保留。	未找到现行非 fuzzy 译文先例；见完整证据索引	全量检索没有现行非 fuzzy 可用译文先例；没有匹配译文。原概念释义可理解，缺乏足够 NLS 证据时保守保留，不作全局替换。	target-links.jsonl#T0628; 0 messages / 0 clusters	保留；NLS 证据不足	第一轮：全量检索、概念及语境评估	nls-v1	term-evidence.jsonl#T0628	0	同英文/context/plural/form/中文合并，保留全部版本/组件位置；不算独立人类佐证
T0629	write-ahead log	预写式日志	预写式日志	保留并限定语境	预写式日志/预写日志按同簇；消息中的 WAL 缩写、参数名、文件名原样保留。	Write-Ahead Log → 预写式日志 [TE-cf7078d3808e3a200e50] | Write-ahead log reset\n → 重置预写日志\n [TE-168d9a120702e36b1c53] | Write-Ahead Log / Settings → 预写式日志 / 设置 [TE-6b691e7149862e4c1407]	存在可追溯现行译文对；已检查概念/句法/标识符区别，具体限定见适用语境。两列源释义保留，实际消息优先准确同簇既有表达。	target-links.jsonl#T0629; 38 messages / 12 clusters	本批按语境采用；不是人工批准	第一轮：全量检索、概念及语境评估	nls-v1	term-evidence.jsonl#T0629	40	同英文/context/plural/form/中文合并，保留全部版本/组件位置；不算独立人类佐证
T0630	ww-conflict	写-写冲突	写-写冲突	保留	PostgreSQL 对应技术概念的说明文字；机器标识、命令、参数与字面值按原文保留。	未找到现行非 fuzzy 译文先例；见完整证据索引	全量检索没有现行非 fuzzy 可用译文先例；没有匹配译文。原概念释义可理解，缺乏足够 NLS 证据时保守保留，不作全局替换。	target-links.jsonl#T0630; 0 messages / 0 clusters	保留；NLS 证据不足	第一轮：全量检索、概念及语境评估	nls-v1	term-evidence.jsonl#T0630	0	同英文/context/plural/form/中文合并，保留全部版本/组件位置；不算独立人类佐证
T0631	xlog record	XLOG 记录	XLOG 记录	保留	PostgreSQL 对应技术概念的说明文字；机器标识、命令、参数与字面值按原文保留。	未找到现行非 fuzzy 译文先例；见完整证据索引	全量检索没有现行非 fuzzy 可用译文先例；没有匹配译文。原概念释义可理解，缺乏足够 NLS 证据时保守保留，不作全局替换。	target-links.jsonl#T0631; 0 messages / 0 clusters	保留；NLS 证据不足	第一轮：全量检索、概念及语境评估	nls-v1	term-evidence.jsonl#T0631	0	同英文/context/plural/form/中文合并，保留全部版本/组件位置；不算独立人类佐证
N0001	table		表	新增并限定语境	关系对象中具体的表；不把所有 relation 都缩为表	Table → 数据表 [TE-2584065c53b14b012f5f] | table → 数据表 [TE-2db0369742045d388d16] | Tables: → 数据表 [TE-700fa9fbf0bb18717b41]	源词表缺少本任务要求严格区分的基础对象术语；明确加入共享基线，不改变原始词表。	target-links.jsonl#N0001; 635 messages / 48 clusters	本批采用；不是人工批准	第一轮：全量检索、概念及语境评估	nls-v1	target-links.jsonl#N0001	531	同英文/context/plural/form/中文合并，保留全部版本/组件位置；不算独立人类佐证
N0002	row		行	新增并限定语境	SQL 逻辑行及结果行；不与内部 tuple 混用	Row: %s → 行: %s [TE-76ca7a0b2cf493277bd2] | (%lu row) → (%lu 行记录) [TE-90e1ec7a1ea14d467a8d] | (%lu row) → (%lu 行记录) [TE-e132fe12934058a1733d]	源词表缺少本任务要求严格区分的基础对象术语；明确加入共享基线，不改变原始词表。	target-links.jsonl#N0002; 228 messages / 50 clusters	本批采用；不是人工批准	第一轮：全量检索、概念及语境评估	nls-v1	target-links.jsonl#N0002	182	同英文/context/plural/form/中文合并，保留全部版本/组件位置；不算独立人类佐证
N0003	column		列	新增并限定语境	SQL 表列、结果列；不与内部 attribute 无条件混用	Column → 栏位 [TE-e7c90996b115810d6e16] | column %s of %s → %2$s的列%1$s [TE-28a5ba56f694a2393df6] | Too few columns. → 字段太少. [TE-1a959e8a6cedbdea00a5]	源词表缺少本任务要求严格区分的基础对象术语；明确加入共享基线，不改变原始词表。	target-links.jsonl#N0003; 541 messages / 40 clusters	本批采用；不是人工批准	第一轮：全量检索、概念及语境评估	nls-v1	target-links.jsonl#N0003	391	同英文/context/plural/form/中文合并，保留全部版本/组件位置；不算独立人类佐证
N0004	attribute		属性	新增并限定语境	元组描述符、类型或对象属性；列的用户表述依源码语境	"Attributes → 属性 [TE-12501c6a9a6a9a2bd485] | Table attributes unset.\n → 未设置数据表属性.\n [TE-1792fc19f6e25b28b6c6] | Table attributes are ""%s"".\n → 表属性是 ""%s"".\n [TE-2f032628c433c8efbd83]"	源词表缺少本任务要求严格区分的基础对象术语；明确加入共享基线，不改变原始词表。	target-links.jsonl#N0004; 74 messages / 23 clusters	本批采用；不是人工批准	第一轮：全量检索、概念及语境评估	nls-v1	target-links.jsonl#N0004	42	同英文/context/plural/form/中文合并，保留全部版本/组件位置；不算独立人类佐证
N0005	subscript		下标	新增并限定语境	数组或容器的索引位置；不能译为订阅	array subscript out of range → 数组下标超出范围 [TE-ff695eeffd998c684ae8] | wrong number of array subscripts → 错误的数组下标 [TE-57528bebe668a10f3e40] | array subscript must have type integer → 数组下标必须为整数类型 [TE-f004e8b11c3dcc28bbad]	源词表缺少本任务要求严格区分的基础对象术语；明确加入共享基线，不改变原始词表。	target-links.jsonl#N0005; 16 messages / 2 clusters	本批采用；不是人工批准	第一轮：全量检索、概念及语境评估	nls-v1	target-links.jsonl#N0005	10	同英文/context/plural/form/中文合并，保留全部版本/组件位置；不算独立人类佐证
N0006	lock		锁	新增并限定语境	锁管理与互斥；区别于进程唤醒原语 latch 闩锁	lock a table → 锁定数据表 [TE-635086025255b1dc48e7] | lock violation → 锁冲突 [TE-b142f962fb98b0cc6088] | Lock Management → 锁管理 [TE-761079dfab39a03ffdcc]	源词表缺少本任务要求严格区分的基础对象术语；明确加入共享基线，不改变原始词表。	target-links.jsonl#N0006; 60 messages / 17 clusters	本批采用；不是人工批准	第一轮：全量检索、概念及语境评估	nls-v1	target-links.jsonl#N0006	58	同英文/context/plural/form/中文合并，保留全部版本/组件位置；不算独立人类佐证
